link_id,platform,share_url,title,pubdate,view,like,reply,share,favorite,cover_url,tags,bgm,co_operators,related_series
3483c211,B站,https://www.bilibili.com/video/BV1frKdzWE1S,哦、我的小狗,2025/06/26,21698,1573,37,17,68,http://i2.hdslb.com/bfs/archive/71ded43699558a33380ac62036feffeea036561e.jpg,#盛世天下,,,
09bc849e,B站,https://www.bilibili.com/video/BV1qydVY1Exa,曾经我也以为，遇见你是我此生最幸运的事。,2025/04/10,56398,2565,77,25,282,http://i1.hdslb.com/bfs/archive/3f882326fad5b4aa77513ef3d2d6ca67d0ee68b5.jpg,#B站小剧场#人人都能聊影视5.0#梦幻手游盘丝洞,,,
60e569f1,B站,https://www.bilibili.com/video/BV1y4ZZYXEGe,可惜面具戴太久了，我已无法摘下。,2025/04/04,17469,2013,47,9,90,http://i2.hdslb.com/bfs/archive/500c114d214e29ce3877c45d63c1aacf86891d9b.jpg,#古风,,,
f4a96dc1,B站,https://www.bilibili.com/video/BV1jbZbYfEQc,【圻夏夏*锦超｜偷心盗贼】你在这，我又能逃去哪呢？,2025/04/01,161666,11959,541,373,1680,http://i0.hdslb.com/bfs/archive/4e27abbe5858a724ebf1f13022d4cadea77d9538.jpg,#B站小剧场#古装#人人都能聊影视5.0,,,
e53e85fb,B站,https://www.bilibili.com/video/BV1mzXAYtEj9,堕神｜我所做这一切，皆为苍生。,2025/03/20,16922,2930,62,15,281,http://i0.hdslb.com/bfs/archive/dab61127b3b71519f298f8767b7d476f2f4a5853.jpg,#古风,,,
19a3a8f1,B站,https://www.bilibili.com/video/BV1uZ1sYgEtG,【圻夏夏】你看我这手无缚鸡之力的样子，哪里会杀人？,2024/10/26,41509,4222,117,65,452,http://i0.hdslb.com/bfs/archive/3558c4eff8afee106cf13180a1b3b437f90b2b96.jpg,#古风,,,
2be13c84,B站,https://www.bilibili.com/video/BV16ZCmYDEyS,小丑女下乡记！,2024/10/18,10546,1511,40,7,38,http://i1.hdslb.com/bfs/archive/89e7fed2cb9ed61c1edc3f6df75b4f950f99cd7b.jpg,#短片#小丑女#超级英雄,,,
fde6b05f,B站,https://www.bilibili.com/video/BV1B12ZYnEmT,【圻夏夏｜胡雪岩打卡实录】突然收到了两年前定做的衣服！,2024/10/15,26308,2634,55,31,639,http://i0.hdslb.com/bfs/archive/032de447dab70548fb329428d29e8867379b3d04.jpg,#日常,,,
40cbecc4,B站,https://www.bilibili.com/video/BV16a26YTET3,【圻夏夏｜彝族】你是哪里来的客人呀？,2024/10/13,27983,13995,77,75,1689,http://i2.hdslb.com/bfs/archive/c4ae6545795deab87d9eee2518c41886f0b4d680.jpg,#中国风#彝族,,,
d57f287e,B站,https://www.bilibili.com/video/BV1GsHje7ED5,【浮华梦｜圻夏夏】一个打戏小训练！,2024/08/30,29634,2882,82,70,279,http://i2.hdslb.com/bfs/archive/e3a29b17e09d2d6a6e92ac4d0b9f066f94a58c9a.jpg,#练习#演员#打戏,,,
607edd12,B站,https://www.bilibili.com/video/BV1tGWDe3E9Q,（浮华梦）前世今生版,2024/08/23,12553,1116,28,15,91,http://i2.hdslb.com/bfs/archive/744fc5c0e07deb91a4efa7475416498e25f7ea2f.jpg,#影视剪辑#剪辑#爱情,,,
ec53ee2e,B站,https://www.bilibili.com/video/BV1YZ421N7HP,【浮华梦】看不起纸片人的力量，最终将被力量吞噬！,2024/08/16,56443,6361,47,38,1036,http://i2.hdslb.com/bfs/archive/ae2395689092878bdcee1bc7fe44eb455a5554ba.jpg,#影视剪辑#纸片人#旗袍,,,
70ae1673,B站,https://www.bilibili.com/video/BV19M4m1y7nK,【短剧浮华梦｜预告2】你是虚拟的，但我的爱不是。,2024/08/16,49347,2165,84,75,597,http://i2.hdslb.com/bfs/archive/945f41f6f43c7cb08327827ff37700c19e828e79.jpg,#剧情向#预告片#原创,,,
d636e5cd,B站,https://www.bilibili.com/video/BV1Hb42177br,【短剧浮华梦】这种和纸片人谈恋爱的破游戏，到底是谁在玩啊？,2024/08/15,22604,2489,42,19,329,http://i1.hdslb.com/bfs/archive/019169b9ed94e71a0ca82a38d07310efcbc96c0b.jpg,#穿越#脑洞#剧情向,,,
9a78efba,B站,https://www.bilibili.com/video/BV1xi421a7QN,【短剧浮华梦｜圻夏夏】放开我！！我才不要玩什么乙女游戏！！！,2024/08/14,24235,1622,56,60,164,http://i0.hdslb.com/bfs/archive/80169b4359f8888546cff0c5ca9571f22db8d6d4.jpg,#游戏#电视剧#乙女,,,
5b1e7c38,B站,https://www.bilibili.com/video/BV1qb42187te,【圻夏夏｜超快的打戏混剪】这还帅不到你！？,2024/05/04,99931,11717,180,135,1872,http://i0.hdslb.com/bfs/archive/ba2d74e904574d99c0ddf022afe4effa878b1f0d.jpg,#打戏混剪,,,
540852e8,B站,https://www.bilibili.com/video/BV1Wr421n7Sw,在这里，情爱是最不能信的东西。,2024/03/15,62204,10997,74,43,720,http://i1.hdslb.com/bfs/archive/7764e0a828c3d23e75b94b1b8882c7d2373cb19f.jpg,#爱情#影视剪辑#东西,,,
a9566914,B站,https://www.bilibili.com/video/BV1oH4y1j7zT,【圻夏夏*孝太｜黄雀在后（三）】恋爱脑的战力为零！,2024/02/21,73652,4581,88,136,624,http://i2.hdslb.com/bfs/archive/baca301b78164600bce85e3857daf6a4cd4aa789.jpg,#古装,,,
b1cbb97e,B站,https://www.bilibili.com/video/BV1Wz421971j,【圻夏夏*孝太｜黄雀在后（二）】现在求饶还来得及吗？,2024/02/19,61438,3479,89,45,433,http://i1.hdslb.com/bfs/archive/2b27d16726a7439373314d931f562e0ee1844e65.jpg,#古风,,,
878956f8,B站,https://www.bilibili.com/video/BV1sQ4y1n7hU,【圻夏夏｜一场为月经污名化的平反】本就没什么不洁污秽，愿大家都能坦然对待，勇破偏见。,2023/11/05,125137,33803,286,401,3081,http://i1.hdslb.com/bfs/archive/1f98e2250c843f58cb5ae061e21836226f3d8829.jpg,#女性#短片#原创#我在B站拍短剧#B站小剧场6.0,,,
307bf340,B站,https://www.bilibili.com/video/BV1uj411i7bp,【圻夏夏*楚淇｜结缘地】没见过这么正大光明的广告…还以为是一个人，没想到是一对儿？,2023/10/25,128516,8845,174,151,402,http://i2.hdslb.com/bfs/archive/34c10cd15294584d360411e0700a57eb87556f81.jpg,#搞笑#剧情向#短剧,,,
4524f9bd,B站,https://www.bilibili.com/video/BV17C4y1L7Re,【污染末日｜食腐变异体】群体寄生，基因融合，你能活到第几集？,2023/10/03,382259,73510,368,2224,9156,http://i2.hdslb.com/bfs/archive/28672051506bf6ab69fab442a593ef84070c646d.jpg,#B站小剧场#B站小剧场6.0,,,
ca674812,B站,https://www.bilibili.com/video/BV1Y8411176u,【中秋特辑｜团团圆圆】怎么？！嫦娥玉兔来人间就能白嫖吗？！,2023/09/29,68537,6702,102,65,426,http://i0.hdslb.com/bfs/archive/be1e6d18170703814a70b2b145596a80d087f918.jpg,#我在B站拍短剧#B站小剧场·夏日狂欢季,,,
dd72c1ac,B站,https://www.bilibili.com/video/BV1z84y1U7eo,【圻夏夏*孝太｜黄雀在后（一）】打工人！主打的就是一个能屈能伸！脸上笑嘻嘻，心里…,2023/09/27,364732,34292,345,620,3468,http://i0.hdslb.com/bfs/archive/deb5a50bcbec2d18851c12d1c12ea3c7700e2b10.jpg,#我在B站拍短剧#B站小剧场·夏日狂欢季,,,
038b5e74,B站,https://www.bilibili.com/video/BV1Jp4y1w7Ux,【海洋污染】救救我，别丢下我。,2023/09/22,150524,34658,221,163,3175,http://i2.hdslb.com/bfs/archive/d2b60ec4463daed73f4715f2bbd71251a7031b47.jpg,#B站小剧场#B站小剧场·夏日狂欢季,,,
90f392bc,B站,https://www.bilibili.com/video/BV1Nz4y1W7d8,【圻夏夏*玖柯｜杀人魔姐弟的恋爱日常】（伪骨科）虽然没有血缘关系，但都流着黑色的血。,2023/08/06,291812,18272,233,354,3234,http://i2.hdslb.com/bfs/archive/31d6acef46ab383ffbb9352557d9fd84a49636fd.jpg,#B站小剧场#B站小剧场·夏日狂欢季,,,
d4b4eed0,B站,https://www.bilibili.com/video/BV1CX4y1e7cR,【圻夏夏*圣微｜海洋馆记录】可惜故事已经发生，可惜我无法改写。,2023/07/12,81113,12482,128,172,873,http://i2.hdslb.com/bfs/archive/5f5c45b3c12409953f6133294c65155af8fdfa55.jpg,#B站小剧场#我在B站拍短剧·夏日剧场,,,
ca99de5c,B站,https://www.bilibili.com/video/BV1TX4y1e7ks,【圻夏夏｜湮灭】只要能活下去，就算是带着恨也好。,2023/07/08,112946,6418,148,107,604,http://i0.hdslb.com/bfs/archive/b1e8945f1e039f5415005a6435d9f11b6bb0368c.jpg,#B站小剧场#我在B站拍短剧·夏日剧场,,,
d14403f1,B站,https://www.bilibili.com/video/BV16X4y1i7UT,可是，他不爱我啊。,2023/06/28,99417,5124,168,39,272,http://i2.hdslb.com/bfs/archive/48e49a9dc107895f26770d9f2ed2ee3705129693.jpg,#我在B站拍短剧#我在B站拍短剧·夏日剧场,,,
2fddc419,B站,https://www.bilibili.com/video/BV1MX4y1s7if,我们就停在此刻吧，万般圆满，已是最好的结尾。,2023/06/21,93906,5058,109,31,290,http://i1.hdslb.com/bfs/archive/aac122e7a2058d1e294570802a9eb24374b56c05.jpg,#我在B站拍短剧#我在B站拍短剧·夏日剧场,,,
727bb657,B站,https://www.bilibili.com/video/BV1Ch4y1s7t6,【圻夏夏*全伊伦｜故纵】君子报仇十年不晚！区区小妖！,2023/06/02,153049,4807,108,61,841,http://i2.hdslb.com/bfs/archive/6636597df1c7356f1ab537a26f3d1928b24c0b06.jpg,#B站小剧场#我在B站拍短剧·夏日剧场,,,
7a27154a,B站,https://www.bilibili.com/video/BV1mu4y1o7Wr,【圻夏夏*锦超｜我的be小说男友（叁）】啊！真实诡计多端的…,2023/05/31,241657,10688,170,188,1063,http://i2.hdslb.com/bfs/archive/de27f1b30accbe6d463e0dba468c941a3f79fac8.jpg,#我在B站拍短剧#我在B站拍短剧·夏日剧场,,,
78fefb0c,B站,https://www.bilibili.com/video/BV1dz4y187EF,【圻夏夏*锦超｜白里安姝】狐狸和猫的争宠日常。,2023/05/17,89999,6522,72,57,467,http://i1.hdslb.com/bfs/archive/2e45e5205e11c79d04a6cdb5efc29447f24c057a.jpg,#B站小剧场#我在B站拍短剧·夏日剧场,,,
2aa5bcab,B站,https://www.bilibili.com/video/BV1xo4y1b7uH,【圻夏夏*锦超｜白里安姝】“不不不不能亲！”“你害怕啊？我教你个办法”,2023/04/21,111183,7256,154,97,548,http://i1.hdslb.com/bfs/archive/5f1d3eceab5d1d7c010c996f3f46e18245bf8ded.jpg,#我在B站拍短剧,,,
fe6bb145,B站,https://www.bilibili.com/video/BV1qM4y1h78j,4亿播放福利已到账～真是为难某人了哈哈哈,2023/04/18,181515,26341,452,620,1725,http://i2.hdslb.com/bfs/archive/639636bb170fbacb2fc9f48cb96995807dc51d6c.jpg,#音乐分享官7.0#KPOP人集合,,,
8d0af907,B站,https://www.bilibili.com/video/BV1yT411W7sx,瞒着大家偷偷去长月烬明剧组打了个工～,2023/04/12,1218185,75475,275,228,2243,http://i2.hdslb.com/bfs/archive/a40ea1d88120226bc94131f0711de482be74eda9.jpg,#唠嗑区UP主集结令3#长月烬明唠嗑会,,,
48d7aba3,B站,https://www.bilibili.com/video/BV1F54y1F7Qx,【圻夏夏*锦超｜替身】我错认了你，也就错失了你,2023/04/08,695173,25501,249,189,2093,http://i1.hdslb.com/bfs/archive/c256328c70083189954c4ceeb990a8f8a58694d7.jpg,#梦幻西游#梦幻西游电脑版#我在B站拍短剧,,,
bdc032b3,B站,https://www.bilibili.com/video/BV1ig4y137ua,【圻夏夏*锦超｜窃心】倒也没什么，一个平平无奇的偷心贼罢了～,2023/04/01,618888,35951,275,704,10552,http://i0.hdslb.com/bfs/archive/94739f01be1b5d862761857e8e6f6c5d4b265373.jpg,#我在B站拍短剧,,,
d72516e1,B站,https://www.bilibili.com/video/BV1UT411B7cR,【圻夏夏*锦超｜我的意中人是只猫】我说我怎么总遇不到桃花呢！原来是你！！,2023/03/23,234195,14278,148,265,1069,http://i1.hdslb.com/bfs/archive/0dd700eba938988fbb78eac6ad4268a2e375b0c1.jpg,#B站小剧场#我在B站拍短剧,,,
9809cee7,B站,https://www.bilibili.com/video/BV1mc41177cj,【圻夏夏*锦超｜东栏雪】当心动对象主动献身该怎么办？在线等！,2023/03/14,263758,12940,111,244,1146,http://i2.hdslb.com/bfs/archive/f2334bf63c6e6b0d74a33b6152db59d7b0abb6bf.jpg,#春日星光剧场#星动安利大作战·春日篇,,,
fd266e5b,B站,https://www.bilibili.com/video/BV1Vb411Q7ZK,【圻夏夏*锦超｜东栏雪】你这么狠毒跟谁学的？哦，跟我学的～,2023/03/04,524029,66810,315,1402,7685,http://i1.hdslb.com/bfs/archive/05c7b56b1a1b0c5f6b4a24ce9496e11648debb2a.jpg,#春日星光剧场#星动安利大作战·春日篇,,,
5c43acc0,B站,https://www.bilibili.com/video/BV1fg4y1J7Km,【圻夏夏*锦超｜东栏雪】我还以为我会一直一个人，从深渊到地狱。,2023/03/02,106950,10671,83,258,765,http://i0.hdslb.com/bfs/archive/f36fcfd6f534601eae279332a3ac9e19eed763fa.jpg,#我嗑的CP最最最甜#星动安利大作战·春日篇,,,
c7de4a31,B站,https://www.bilibili.com/video/BV1w54y1c7FG,【圻夏夏*锦超｜白里安姝】我喜欢你只是因为你是你啊～,2023/02/22,245906,19405,160,379,3655,http://i0.hdslb.com/bfs/archive/e10ca12683d1fc8ccaa6d57796eac1d28c7b7fdf.jpg,#B站小剧场#B站小剧场·新春放映会,,,
0566833a,B站,https://www.bilibili.com/video/BV1yv4y167p8,【圻夏夏｜湮灭】（贰）乱臣贼子又如何，我要的是赢。,2023/02/01,66412,5178,107,135,470,http://i0.hdslb.com/bfs/archive/beecea3c39ac107a187e634fb936664f21e68605.jpg,#B站小剧场·新春放映会#卯兔迎春小剧场,,,
6571c052,B站,https://www.bilibili.com/video/BV1NA411C7Gq,【圻夏夏｜龟裂】（贰）没点本事自然是活不到现在…,2023/01/29,107006,5759,94,67,600,http://i2.hdslb.com/bfs/archive/16d4804061b7d8cd70994fdaf64920a1bbb49c8a.jpg,#B站小剧场#B站小剧场·新春放映会,,,
984a7e0e,B站,https://www.bilibili.com/video/BV1Ks4y1b7LW,【新春贺岁片｜原来是年兽啊】愿得长如此，年年物候新。,2023/01/20,99051,8459,162,123,1035,http://i1.hdslb.com/bfs/archive/e651e915b35fae9e005824944d3750b878dc92eb.jpg,#B站小剧场#B站小剧场·新春放映会,,,
05f52baf,B站,https://www.bilibili.com/video/BV1Zd4y1Y7aq,【圻夏夏｜湮灭】（预告）一个顶替兄长身份不择手段为兄报仇的公主。,2022/12/21,937071,108817,746,1531,12373,http://i1.hdslb.com/bfs/archive/20925e62bb81c3e9e976edef68a50470986ca5a5.jpg,#B站小剧场,,,
f095cdde,B站,https://www.bilibili.com/video/BV1w24y1C79U,【圻夏夏*锦超｜十里樱花】阿七，我带你去看花。,2022/12/08,178041,9916,161,196,1066,http://i0.hdslb.com/bfs/archive/51d92470339a490f183a23d35309029792317e9d.jpg,#B站小剧场,,,
a562d5ae,B站,https://www.bilibili.com/video/BV1784y1k7UB,【林帮主和冒牌女｜玖·重新认识】小迷妹的破防现场,2022/12/04,49435,2130,40,23,159,http://i1.hdslb.com/bfs/archive/20b272ac992c89a7df5d44e68fe92530031fd3e5.jpg,#B站小剧场,,,合集·林帮主与冒牌女
4d0eed7a,B站,https://www.bilibili.com/video/BV1iv4y1d7kg,【林帮主和冒牌女｜捌·冒充】原来对你是该感谢而不是怀疑。,2022/12/03,36848,1615,21,6,105,http://i2.hdslb.com/bfs/archive/02cc17bd339c96ae7995ec2ee3cbebcd077f5de7.jpg,#B站小剧场,,,合集·林帮主与冒牌女
876f567d,B站,https://www.bilibili.com/video/BV1QG4y197Aj,【林帮主和冒牌女｜柒·真相浮出】难道，真的是我错了？,2022/12/01,26871,1390,25,11,89,http://i0.hdslb.com/bfs/archive/4a1d7378bc44eadfa6e8fb28678d2e4fe2beac01.jpg,#B站小剧场,,,合集·林帮主与冒牌女
bdf898c9,B站,https://www.bilibili.com/video/BV1xW4y1p7ax,去年拍的电影终于要上啦！,2022/12/01,181639,6174,145,51,321,http://i0.hdslb.com/bfs/archive/9c90ba97043c7148c7791a3ee39104bb8ef45724.jpg,#B站小剧场,,,
ac8ebbd3,B站,https://www.bilibili.com/video/BV1DP4y1X7tu,【林帮主和冒牌女｜陆·最后的忍耐】居然敢放我鸽子？！,2022/11/29,26704,1360,21,9,86,http://i1.hdslb.com/bfs/archive/afa9b65ea6141d5edaa62ecf305ea5412395f68a.jpg,#B站小剧场,,,合集·林帮主与冒牌女
bcc516fe,B站,https://www.bilibili.com/video/BV1ct4y1N7RS,【林帮主与冒牌女｜伍·学弓】她好像有点可爱...,2022/11/24,27099,1687,31,13,172,http://i2.hdslb.com/bfs/archive/fd7a468626f19f37bf1607934ac531e90bdbc8e0.jpg,#B站小剧场,,,
5c953811,B站,https://www.bilibili.com/video/BV11D4y1x7Lp,【林帮主与冒牌女｜肆·拜师】这么主动...就是为了拜个师？,2022/11/22,26438,1611,37,11,133,http://i1.hdslb.com/bfs/archive/dbc9bf0b3aec24c7fa57f75d5728f5abd4a66c64.jpg,#B站小剧场,,,
feb8a740,B站,https://www.bilibili.com/video/BV19G411w7RD,【林帮主与冒牌女｜叁·败露】没想到居然以这样的方式同床共枕...,2022/11/19,28527,1744,38,12,125,http://i2.hdslb.com/bfs/archive/d4007d04b7c34c4417471c3e27a25dca623b6cdc.jpg,#B站小剧场,,,
83c21fce,B站,https://www.bilibili.com/video/BV1yd4y1b7QW,【圻夏夏｜龟裂】（壹）全员高颜值是什么体验？,2022/11/18,130875,8638,102,181,1439,http://i0.hdslb.com/bfs/archive/8a408df77524a4e79ac8ab3bbd2252bfa7faefc5.jpg,#B站小剧场,,,
dfe35414,B站,https://www.bilibili.com/video/BV1Ng411q7p7,【林帮主与冒牌女｜贰·探查真相】半夜进女孩子房间的事我才不会干呢...才怪,2022/11/17,34340,1855,44,10,147,http://i2.hdslb.com/bfs/archive/a22af2d098e608e352b58d69945513494d3952cd.jpg,#B站小剧场,,,合集·林帮主与冒牌女
8f75f10d,B站,https://www.bilibili.com/video/BV1cd4y1c7K5,【林帮主和冒牌女｜壹·初遇】武功不赖，可惜脑子不行...,2022/11/15,69566,2979,83,39,382,http://i0.hdslb.com/bfs/archive/676e1582f665b1c94d964601aaf79740e477b584.jpg,#B站小剧场,,,合集·林帮主与冒牌女
624e8fd7,B站,https://www.bilibili.com/video/BV1Jg41187pJ,【我的be小说男友｜贰】你看我这手，它像不像一个巴掌？,2022/11/02,593211,17453,242,448,14299,http://i2.hdslb.com/bfs/archive/14884e80772eebb520dd88cc277244363bd12e7d.jpg,#B站小剧场,,,
1ff15aae,B站,https://www.bilibili.com/video/BV1Nt4y1A7Ei,【鲛｜番外】同样的招数我都用几百年了，你怎么次次都上当啊！,2022/10/03,101637,6294,120,105,561,http://i0.hdslb.com/bfs/archive/4b2cb5b15ea87d97c8367d8acf84cf704114d4a1.jpg,#B站小剧场,,,
7afeb128,B站,https://www.bilibili.com/video/BV1dD4y1C7ho,【圻夏夏｜状元郎】若非要说这世上有什么难解的题，那就只有三皇子的心思了吧…,2022/10/02,625200,40735,282,465,12919,http://i1.hdslb.com/bfs/archive/6d557529457347989455e09de63f1a340e208c3d.jpg,#古风#自制,,,
c0b90b16,B站,https://www.bilibili.com/video/BV1GV4y1N7gj,【鲛｜贰】骗你是我的情理之中，爱上你却在意料之外。,2022/09/30,627698,18973,173,410,12095,http://i1.hdslb.com/bfs/archive/5c65b1604763f6343d5951de0c675ff2f17e87c4.jpg,#B站小剧场#自制#古风,,,合集·鲛
e52de9b1,B站,https://www.bilibili.com/video/BV12Y4y1M7hJ,【我的be小说男友｜壹】这就是包办婚姻、强取豪夺吗？,2022/09/11,1217682,76066,614,2286,10752,http://i1.hdslb.com/bfs/archive/5994ab9fdffb8369922f2273127527c8a59fb985.jpg,#B站小剧场#古风#原创,,,
b9115bb3,B站,https://www.bilibili.com/video/BV1pd4y1X7JK,【妖与仙｜番外】妖王与魔君的腻歪日常。,2022/09/09,520681,16811,218,749,3087,http://i1.hdslb.com/bfs/archive/59c7ca6a0f192ec5b4cd2e8e23d5a11458e0ee55.jpg,#B站小剧场,,,合集·妖与仙系列
1024f2b4,B站,https://www.bilibili.com/video/BV1jB4y1x7rb,【孪生劫｜四】是哥哥？还是弟弟？欧莱雅不做选择，两个都要！,2022/08/25,144948,6685,196,166,774,http://i1.hdslb.com/bfs/archive/bf2c8f3706cbde9fed67bdd159e1d3711d2b28b6.jpg,#B站小剧场,,,
f4e54248,B站,https://www.bilibili.com/video/BV1yY4y1F7FZ,【孪生劫｜三】爱意就像微醺的晚风，星似心动，月色温柔 。,2022/08/23,292530,10433,149,178,3278,http://i1.hdslb.com/bfs/archive/64889b69f8380ffa6b3a04619a49ecc68fc6ea75.jpg,#B站小剧场,,,
44d22cca,B站,https://www.bilibili.com/video/BV19B4y1678Q,【孪生劫｜二】阿父阿母...我一定杀了他为你们报仇。,2022/08/16,126671,6484,213,390,827,http://i2.hdslb.com/bfs/archive/9029fd97fc0233584bd8205bc40be70270960c99.jpg,#B站小剧场,,,
8bcbc130,B站,https://www.bilibili.com/video/BV16v4y1F7tQ,【孪生劫｜一】原来他就是那个哑巴王爷，可惜了是个小傻子。,2022/08/09,154558,9484,307,1003,983,http://i0.hdslb.com/bfs/archive/0a1a32aaa7c2cf8bfae34782585953bd78f90338.jpg,#自制#短片,,,
d095ecb8,B站,https://www.bilibili.com/video/BV1bG411b7XT,【蔓夭｜壹】（病娇的自我攻略）“你觉得师父是爱你吗？”“嗯…怎么不算爱呢？”,2022/08/07,108601,7366,248,216,736,http://i2.hdslb.com/bfs/archive/3860dd54deceef3bb21d5637248c682ce44d4f6e.jpg,#B站小剧场,,,
e0b4a12d,B站,https://www.bilibili.com/video/BV1Va411f7L2,【巾帼让须眉｜叁】你！！你你你！你怎么能用我的身体做这种事！,2022/08/05,118128,6578,202,260,737,http://i2.hdslb.com/bfs/archive/82152a718184d57aabd7ea20cf3ca9961e5c2652.jpg,#B站小剧场,,,
745013ff,B站,https://www.bilibili.com/video/BV1eF411A7P1,【蔓夭｜预告】怎么会走到今天这个地步呢？,2022/08/01,64561,4878,134,40,333,http://i1.hdslb.com/bfs/archive/b2eda4fc71d1dbf5fed7e585dc02a838ce55c350.jpg,#B站小剧场#古装,,,
91d8dac4,B站,https://www.bilibili.com/video/BV1Dg411y7mZ,【鲛｜壹】现在的人鱼都这么好骗吗？,2022/07/28,1118646,68036,754,2052,14400,http://i0.hdslb.com/bfs/archive/87b55f2345572b9327ccf7576e6e2509a66ad4d5.jpg,#B站小剧场#原创#古风#TF礼物#TF白麝香枕边白昼礼盒#TF白麝香香水,,,合集·鲛
516f8d94,B站,https://www.bilibili.com/video/BV1SS4y147mr,【答案之书｜红色芍药篇（三）】喜欢有那么难说出口吗？,2022/07/25,97125,8675,222,182,660,http://i2.hdslb.com/bfs/archive/851d1ac5091783bcfa328876b81d08dd586520c3.jpg,#B站小剧场#爱情,,,合集·答案之书红色芍药篇
dc1751bc,B站,https://www.bilibili.com/video/BV1ka411M7ZQ,【答案之书｜红色芍药篇（二）】试问，有谁能拒绝直球弟弟的表白呢？！,2022/07/23,148614,8605,230,311,1845,http://i1.hdslb.com/bfs/archive/dcc6941cb2a7e97437915ceb336d9389cfb20d9c.jpg,#B站小剧场#自制#短片#CP,,,合集·答案之书红色芍药篇
5bddfc3a,B站,https://www.bilibili.com/video/BV1hN4y1j72e,【圻夏夏｜庄翰】我终于在打戏里站起来了！！,2022/07/22,41598,3877,180,52,217,http://i0.hdslb.com/bfs/archive/c7861bd2565201ec6e568d783d4a9c9a0d7ab606.jpg,#B站小剧场#打戏,,,
7737cdeb,B站,https://www.bilibili.com/video/BV1eS4y177Fs,【答案之书｜红色芍药篇（一）】怎么办？我被困在了梦里！！,2022/07/20,230750,12719,325,402,3366,http://i2.hdslb.com/bfs/archive/63189c24a64ae560c7c2fa2f80fc743e6c63a841.jpg,#B站小剧场#原创#短片,,,合集·答案之书红色芍药篇
fd284d1e,B站,https://www.bilibili.com/video/BV1vd4y1Q7qE,【答案之书｜红色芍药篇】（预告二）这个答案之书到底靠不靠谱啊？！,2022/07/17,62729,3993,116,52,255,http://i2.hdslb.com/bfs/archive/48121f7d39a6df8c0d324c785746791fabf04f94.jpg,#B站小剧场,,,合集·答案之书红色芍药篇
b694a58b,B站,https://www.bilibili.com/video/BV1CS4y1J7mV,【答案之书｜红色芍药篇】（预告一）姐姐太忙了怎么办？,2022/07/15,82066,5768,121,106,361,http://i1.hdslb.com/bfs/archive/07164053c4307f2fa99e4189b16fe0217c9a3518.jpg,#B站小剧场#自制,,,合集·答案之书红色芍药篇
7f2571ee,B站,https://www.bilibili.com/video/BV1mZ4y1q7VF,【圻夏夏｜锦超】小世子不喜欢我吗？没关系～本郡主就喜欢强扭的瓜，万一它甜呢？！,2022/06/19,297278,17934,368,455,1980,http://i1.hdslb.com/bfs/archive/06a1622e3506b897191ff7669ea51eab3422f8e8.jpg,#B站小剧场#自制#短片#古装,,,
3dcfd9fa,B站,https://www.bilibili.com/video/BV1ra411L7SN,【圻夏夏｜爱野】“别怕，以后有我。”,2022/06/09,126713,8861,242,256,833,http://i2.hdslb.com/bfs/archive/5bd37d5593c072d2d0d82fe0f39ccce993b8d772.jpg,#B站小剧场#古装#自制,,,
e79b1f53,B站,https://www.bilibili.com/video/BV1oa41177ie,【妖与仙｜叁】又何必吃自己的醋呢，魔君大人～,2022/05/21,739081,39449,596,1537,9001,http://i0.hdslb.com/bfs/archive/5e010eaadce99a8b8618024c19e6d3fced40f928.jpg,#B站小剧场#B站小剧场2.0#古装#原创,,,合集·妖与仙系列
0ec5665a,B站,https://www.bilibili.com/video/BV1C3411A7P2,【巾帼让须眉｜贰】先生最近可沐浴了？我的身子可娇贵着！,2022/05/18,229898,9468,183,148,952,http://i1.hdslb.com/bfs/archive/b756a91fb3825b8dd6d7f340ab8ddbf03894df41.jpg,#B站小剧场#B站小剧场2.0#古风,,,
2e635718,B站,https://www.bilibili.com/video/BV1R34y1h7Hw,【生世｜520限定】赚到了！没想到在路边随手救的精灵长大以后这么好看～救命之恩当以身相许～,2022/05/16,720157,65257,754,3109,16661,http://i1.hdslb.com/bfs/archive/dc273eb779aec02f7b4d7c06e381507b3b2ae747.jpg,#B站小剧场#原创#古风#短片#迪奥玫瑰小粉钻#520种新意告白#520爱的表白#迪奥烈艳蓝金唇膏#520心动小剧场,,,
406b620c,B站,https://www.bilibili.com/video/BV1PR4y1P7Mi,【巾帼让须眉｜520限定】当我与老古板教书先生灵魂互换后，要做的第一件事当然是...,2022/05/15,184712,9983,259,222,565,http://i2.hdslb.com/bfs/archive/8a6bb3d39f909ea49a965360aa577eef2bf8925a.jpg,#古风#520#短片#TF中国玫瑰#TF礼物#520心动小剧场,,,
b7abe595,B站,https://www.bilibili.com/video/BV1EY4y1h7tR,【雅顿｜宿命】黑吃黑而已，利用不从来都是相互的吗？,2022/05/09,258456,20878,393,526,1973,http://i0.hdslb.com/bfs/archive/6ed058b4c7192578909df06e1eee419155cc245f.jpg,#B站小剧场#B站小剧场2.0#古风#短片,,,
a1fa4e09,B站,https://www.bilibili.com/video/BV1HU4y1U7SQ,【YSL｜偷师】口嫌体正是什么意思？本集详细解释。,2022/05/03,226051,12690,275,307,1062,http://i0.hdslb.com/bfs/archive/233cf9f90b5084f4ae2e735258b103461c925db0.jpg,#B站小剧场#B站小剧场2.0#古风#短片,,,合集·系列
ac20c0b9,B站,https://www.bilibili.com/video/BV1Fa411a7t4,【YSL｜失魂果】如何跟女朋友道歉？教学速进！,2022/04/30,854607,69355,885,5572,9170,http://i1.hdslb.com/bfs/archive/4427b6beb81d0ae014fd7e8c6051d51801ed85f9.jpg,#B站小剧场#B站小剧场2.0#古风#短片,,,合集·系列
decd5b44,B站,https://www.bilibili.com/video/BV1c34y1e7jH,【圻夏夏｜锦超】（ysl预告番外5）夕阳里藏着爱意，如果可以的话，在春天见一面吧。,2022/04/25,161674,10050,297,235,813,http://i2.hdslb.com/bfs/archive/c0c264052abda0a1c195feb3a9c0431139730d8d.jpg,#B站小剧场#B站小剧场2.0#预告,,,合集·系列
f634caa8,B站,https://www.bilibili.com/video/BV1oY4y1h7cR,【圻夏夏｜锦超】（ysl番外4）雪糕是什么味道我不记得了，就觉得挺甜的。,2022/04/18,273634,15274,337,510,1164,http://i1.hdslb.com/bfs/archive/9f14c3fdd56a9fc69a0d1650f8597e9bd83978ef.jpg,#B站小剧场#B站小剧场2.0#甜,,,合集·系列
7f351845,B站,https://www.bilibili.com/video/BV1yY4y1H7E7,【圻夏夏】（ysl番外3）你这是要打架的意思吗，老东西？,2022/04/11,270250,16006,298,449,1540,http://i2.hdslb.com/bfs/archive/2326d423467183a86b8c0ccec64ad6e4879e1653.jpg,#B站小剧场,,,合集·系列
ed07cb9f,B站,https://www.bilibili.com/video/BV1Wu411e77w,【圻夏夏｜锦超】（妖与仙番外）“小仙君可是不喜欢我穿这身衣服？”,2022/04/06,303211,14761,218,241,1151,http://i0.hdslb.com/bfs/archive/a6534b593cf37a64850ca742578a189bd5bad078.jpg,#B站小剧场#古风,,,合集·妖与仙系列
ae49a53f,B站,https://www.bilibili.com/video/BV1vi4y1Q7SL,【圻夏夏】又双叒叕打起来了！！,2022/04/04,82579,6947,242,65,324,http://i0.hdslb.com/bfs/archive/bc3c27af90fa547e4c4346311800ea08b34849b8.jpg,#B站小剧场#古装#自制#短片,,,
e4fabecd,B站,https://www.bilibili.com/video/BV14P4y1K76v,【圻夏夏｜锦超】（恶人组）不想你入地狱的人是我，可拖你入地狱的人也是我。,2022/04/02,146786,11897,325,391,1346,http://i2.hdslb.com/bfs/archive/c6efb12d13af02062a6837ea22562d93e56950c4.jpg,#B站小剧场#古装,,,
5766b7c6,B站,https://www.bilibili.com/video/BV173411H7Uz,【圻夏夏】（预告）我知道殿下从未动心，所以，我也是。,2022/04/01,122649,6768,315,68,357,http://i0.hdslb.com/bfs/archive/60dcf99bf0e136fdadebe905825dbb4885d1bc61.jpg,#B站小剧场#古风#短片,,,
bd1ee345,B站,https://www.bilibili.com/video/BV1B34y147Eh,【圻夏夏｜锦超】（替身文学）原来我学不会的，是她不爱你的样子。,2022/03/29,305906,13040,249,267,1425,http://i0.hdslb.com/bfs/archive/183e86749a6e1110a41cb49b7135b6121a5bbbaf.jpg,#B站小剧场#古装,,,合集·替身文学
b6d3f1a5,B站,https://www.bilibili.com/video/BV1zb4y1p7qR,【春日限定｜TF】为了让自己远离渣男，穿越过去想拯救自己，却发现…,2022/03/20,244401,15600,539,620,1537,http://i0.hdslb.com/bfs/archive/5459ca2a2af20963e3349d518cb5b8abc5010542.jpg,#B站小剧场#古风#短片#微电影#TF52裸玫瑰#自制广告,,,
45db4a9a,B站,https://www.bilibili.com/video/BV1Mu411z7EM,【圻夏夏｜锦超】（预告二）即使知道了结果，还是会飞蛾扑火吗？,2022/03/18,113182,6545,189,95,429,http://i0.hdslb.com/bfs/archive/b47b8cf7e68ddd4f68c7655aa8a8ed1a0d558305.jpg,#UP影剧综指南·剧好看#古风,,,
91a44aca,B站,https://www.bilibili.com/video/BV1Lu411z71V,【圻夏夏｜锦超】（预告一）那…我们约定好了！,2022/03/16,199825,13319,396,305,962,http://i2.hdslb.com/bfs/archive/23011d8720d73b60a1cbc4399f0b07175f7ddd23.jpg,#古装#古风#预告,,,
4fd03f74,B站,https://www.bilibili.com/video/BV1rq4y1x7Kq,【长公主在上】你动心了。,2022/02/26,341723,17049,339,947,1879,http://i2.hdslb.com/bfs/archive/0a0b1742961e65c4f4b156277b4959d9f1564cfd.jpg,#UP影剧综指南#UP影剧综指南·剧好看#古装,,,
39bf1efc,B站,https://www.bilibili.com/video/BV1mR4y1V7MJ,【圻夏夏｜锦超】若不是私心，我怎会奉你为主？,2022/02/21,235691,11981,290,267,1261,http://i2.hdslb.com/bfs/archive/65f1a26c731768c300c153aed3a37bd4d760142a.jpg,#古风#B站小剧场·新春篇,,,
dca96cfc,B站,https://www.bilibili.com/video/BV1zi4y1f72c,【妖与仙｜贰】小仙君是哪来的自信，觉得自己能逃出我的掌心？,2022/02/15,1628693,58593,911,3858,14030,http://i2.hdslb.com/bfs/archive/38bef9065f9738b47cc0a180d6f85670f976fcdc.jpg,#短片#创意广告#古装#B站小剧场·新春篇,,,合集·妖与仙系列
34905ee0,B站,https://www.bilibili.com/video/BV1vY411L7tf,【圻夏夏*锦超｜长公主在上】顾玄清一把推开了公主，并对皇上说，“这是另外的价钱。”,2022/02/12,269262,11667,193,437,987,http://i2.hdslb.com/bfs/archive/c982bca65a204090440eedeeebcc65e16757730c.jpg,#古装#B站小剧场·新春篇,,,
357cba54,B站,https://www.bilibili.com/video/BV1ZT4y1Q7ya,【妖与仙｜壹】捡回来的丑东西其实还挺漂亮，但她好像不太对劲…,2022/02/11,713323,30331,583,1554,3732,http://i1.hdslb.com/bfs/archive/d691bde6cad2068ff0f8244e7827375df4b65182.jpg,#古装#B站小剧场·新春篇,,,合集·妖与仙系列
03a31bcc,B站,https://www.bilibili.com/video/BV1tZ4y1o78u,【圻夏夏*锦超｜长公主在上】是啊，就不该轻易把心交出去。,2022/02/05,285823,16810,368,621,1468,http://i1.hdslb.com/bfs/archive/6f6b4f6f2b094fa80ca20d64fe40a5a1502a0b8f.jpg,#短片#古风#B站小剧场·新春篇,,,
ee875dba,B站,https://www.bilibili.com/video/BV1w3411E7xn,不过是戏如人生罢了。,2022/02/03,276346,13956,234,149,1580,http://i0.hdslb.com/bfs/archive/a864e94fc8d6858ec40d1030ed200b1ca201084a.jpg,#短片#B站小剧场·新春篇,,,
78e403d2,B站,https://www.bilibili.com/video/BV1yu411R7dH,【圻夏夏*玖柯】“你怎么不动手？！”“嘶..我好像有点，喜欢她”,2022/01/30,349856,19980,360,1329,4132,http://i0.hdslb.com/bfs/archive/a8b58005bfe8acaf2c185eb6503250650d9d5789.jpg,#杀手#爱情#B站小剧场·新春篇,,,
e5d83f75,B站,https://www.bilibili.com/video/BV1xP4y1N7jf,【圻夏夏*玖柯】当你的目标是自己的爱人，你会怎么选？当然是打起来啦！,2022/01/28,479382,24029,550,1948,5334,http://i2.hdslb.com/bfs/archive/2063e069d872d4b40e64bf131d3fd3a0d2fa1875.jpg,#爱情#杀手#B站小剧场·新春篇,,,
e9bd5888,B站,https://www.bilibili.com/video/BV133411h7U4,【圻夏夏*锦超】（预告）如果是去见你，我一定会用跑的。,2022/01/26,393315,19632,358,349,1798,http://i0.hdslb.com/bfs/archive/d2d392bff8532f26c529f9f1faaf2d622b1e50ad.jpg,#古风#短片#B站小剧场·新春篇,,,合集·妖与仙系列
95637520,B站,https://www.bilibili.com/video/BV1ES4y177gX,“人间万千无常之事，我曾以为，我握得住的。”- 殊途/第六集,2022/01/22,356354,16112,402,251,2097,http://i0.hdslb.com/bfs/archive/ada80bf16482a3b707a70da7e5990e7edc731050.jpg,#古风#自制#短片#原创#正能量#B站小剧场·新春篇#新春小剧场整活大赏,,,合集·殊途
36afb096,B站,https://www.bilibili.com/video/BV12L4y147to,“我一只兔子，手无缚鸡之力，没那能耐。” - 殊途/第五集,2022/01/19,426869,18226,360,334,3254,http://i0.hdslb.com/bfs/archive/01a77b0e4c3c27881c72249d642d65969b6789b3.jpg,#短片#原创#古风#自制#B站小剧场·新春篇#新春小剧场整活大赏,,,合集·殊途
f4b8eb4d,B站,https://www.bilibili.com/video/BV1UL4y147Jv,【情人节特辑｜ysl】契约印记为何突然消失？新人物—大长老出现！,2022/01/19,1916994,74677,726,4862,34169,http://i2.hdslb.com/bfs/archive/3b9c55fa0d2471f764fa4337eafaa28ed866926f.jpg,#B站小剧场#古风##ysl1966#ysl情人节#情人节礼物#B站小剧场·新春篇,,,合集·系列
7487f5fc,B站,https://www.bilibili.com/video/BV1Qu41127Q6,“你亲我一下我就告诉你呀。” - 殊途/第四集,2022/01/15,354949,13640,287,191,1993,http://i2.hdslb.com/bfs/archive/87cab386db3a3344cd9b0d1a90adf6befbf3090b.jpg,#B站小剧场#原创#短剧#自制#短片#B站小剧场·新春篇,,,合集·殊途
5aa76fd2,B站,https://www.bilibili.com/video/BV1oq4y1w74w,“为了他，我什么都要信一信。” - 殊途/第三集,2022/01/12,266204,11149,241,167,1341,http://i2.hdslb.com/bfs/archive/491e67ece3c84fa670704fbe8ee6c6e807d80ecd.jpg,#B站小剧场#自制#短片#原创#短剧,,,合集·殊途
09c08758,B站,https://www.bilibili.com/video/BV1v44y157iB,“有些人虽然能打，但会蹭吃蹭喝。” - 殊途/第二集,2022/01/08,537742,15360,322,238,2454,http://i0.hdslb.com/bfs/archive/37adcf723268c084368bfda1d6216c0d5740f110.jpg,#B站小剧场#短剧#古风#自制#短片#原创,,,合集·殊途
38c4b6ed,B站,https://www.bilibili.com/video/BV1WT4y1m7RT,【新春甜剧｜姻缘】代替哥哥去上朝时遇到了真命天子，可他居然不想娶我？,2022/01/07,984023,64703,1012,3175,10908,http://i1.hdslb.com/bfs/archive/934ce5512f2698cb4a48f33f124643e818c32805.jpg,#B站小剧场#古风#广告片#茶麸#阿道夫#洗发水#虎年,,,
692f3cd2,B站,https://www.bilibili.com/video/BV1db4y1e76s,“万幸，我还能见到你。” - 殊途/第一集,2022/01/05,607913,23166,578,873,5229,http://i1.hdslb.com/bfs/archive/95ff325bc79b50da90513af313ae57722f75c55b.jpg,#B站小剧场#短片#原创#短剧#古风#自制,,,合集·殊途
c1253c0b,B站,https://www.bilibili.com/video/BV19F411i7MJ,【圻夏夏*锦超】（替身文学）只要你有心，我就能得到。,2022/01/01,321224,12055,277,216,1253,http://i2.hdslb.com/bfs/archive/4e4ec8a4c538a377f05dd1a93300e712b0b922d5.jpg,#古风#短片,,,合集·替身文学
9591f546,B站,https://www.bilibili.com/video/BV17Z4y1D7D1,【平行时空】我相信无论在哪个时空，我们终究会相爱。,2021/12/28,383961,25860,641,1019,2930,http://i0.hdslb.com/bfs/archive/acd1adc124107e9d872c43ae4ed392c6c40b6701.jpg,#B站小剧场#广告片#自制#原创#oppo reno7,,,
989fd0f9,B站,https://www.bilibili.com/video/BV14Z4y1X7ko,【圻夏夏*锦超】（替身文学）许是从一开始，在花树下遇见的那刻起，便都错了…,2021/12/22,294794,15844,265,449,1782,http://i1.hdslb.com/bfs/archive/40e0a1d231293c212fb39e6b66f1ee8b1771a4f4.jpg,#B站小剧场#古风#原创,,,合集·替身文学
4e5af458,B站,https://www.bilibili.com/video/BV1Jb4y1q7nH,【圻夏夏*锦超】（ysl番外2）感觉他好像生气了，可他为什么要生气啊！！,2021/12/14,486803,21984,376,757,2937,http://i2.hdslb.com/bfs/archive/67bbbf2d6f3efc75c651aafa0650a0cfa24ca172.jpg,#B站小剧场#古风#短片,,,合集·系列
84230b89,B站,https://www.bilibili.com/video/BV1Er4y1X7Jc,【圻夏夏*锦超】（替身文学）真是可笑啊…我竟然还以为能有一瞬间你爱的是我。,2021/12/10,370169,15273,309,309,1680,http://i2.hdslb.com/bfs/archive/48a9fe027561eb53571c43410a031c1b54db0832.jpg,#短片#古风,,,合集·替身文学
fd2f4ab9,B站,https://www.bilibili.com/video/BV1Qq4y1z7Ae,【圻夏夏*锦超】（替身文学）现在想来，过去的偏爱皆是为她，于我而言不过是一场笑话。,2021/12/07,329337,12835,345,629,1997,http://i0.hdslb.com/bfs/archive/a51cf4821c5dd9ed0343b0bea1e7a4b9fbdc2381.jpg,#古风#短片,,,合集·替身文学
df2c81de,B站,https://www.bilibili.com/video/BV18g411P7yb,【圻夏夏*黄宥天】你既选择救了我，却又为何不敢面对如今的我？,2021/12/07,334323,13491,414,1046,2843,http://i0.hdslb.com/bfs/archive/7a3bbaaa38a57312d5d8d37d96bd1cee95865145.jpg,#B站小剧场#短片#古风,,,
69d860d6,B站,https://www.bilibili.com/video/BV16Q4y1i7b5,【双世｜冰希黎】哪怕只是她的一缕执念，我也自私的想让你记得我。,2021/12/04,185161,12774,316,194,1240,http://i0.hdslb.com/bfs/archive/f2e3212f424b14b45e7ecd9c33c8371f1e9e7dd9.jpg,#B站小剧场#短片#原创,,,
c5416a02,B站,https://www.bilibili.com/video/BV1df4y1K7hm,【圻夏夏*锦超】（ysl番外1）做事情不可以三心二意哦～,2021/12/03,654605,20043,482,1356,2916,http://i1.hdslb.com/bfs/archive/4d7a501338ecdec4fe8d80653ec50bc552733ebc.jpg,#短片,,,合集·系列
e6917dc7,B站,https://www.bilibili.com/video/BV1tg411A7zL,【圣诞特辑｜YSL】所以说啊，男朋友还得是自己养大的才比较乖～,2021/12/01,1272443,84212,1741,18626,23211,http://i1.hdslb.com/bfs/archive/66065309f128e5d92656d9ada3fea3f584cb5eca.jpg,#B站小剧场#古风#ysl302#ysl圣诞猎金派对,,,合集·系列
fb451466,B站,https://www.bilibili.com/video/BV1Kf4y1M7fg,【初冬甜剧 | 纸短情长】你亲了我，我就是你的人了！,2021/11/26,726590,31249,394,1143,5237,http://i2.hdslb.com/bfs/archive/c91163bbd567eda736f307502a95a1024622ed37.jpg,#B站小剧场#古风#短片,,,
3b437122,B站,https://www.bilibili.com/video/BV1Sh411x7tT,【圻夏夏*杨馥羽】以后就跟着我吧，小乞丐。,2021/11/13,218947,10028,252,358,1199,http://i0.hdslb.com/bfs/archive/44c509c65e6020073ab92ab0ac3ca5fc466f8d32.jpg,#古风#短片,,,
3386556e,B站,https://www.bilibili.com/video/BV1yf4y1T7K9,【圻夏夏*夫诸】你真以为自己是他？,2021/11/12,313948,12202,255,377,2215,http://i2.hdslb.com/bfs/archive/1c725b5d9e498c77d9f9ba095f1607dc81ddbc6e.jpg,#短片#古风,,,
0a5cd2e5,B站,https://www.bilibili.com/video/BV1PF411Y7yf,【圻夏夏*夫诸】你同你哥哥长得…真是一模一样。,2021/11/09,682028,29404,363,785,7258,http://i0.hdslb.com/bfs/archive/21391dfa57dfcf6bbbb451a61e1c39602ab67cef.jpg,#B站小剧场#古风#短片,,,
024dd639,B站,https://www.bilibili.com/video/BV1QQ4y1q7WY,【圻夏夏｜海芙谜】从来只有自己才能拯救自己。,2021/11/05,190385,9231,98,69,778,http://i2.hdslb.com/bfs/archive/a22b3e136adf00e5ba09c43e0c88c570a3a5dd8c.jpg,#短片#古风,,,
d49c734e,B站,https://www.bilibili.com/video/BV1FP4y1j7Qx,【圻夏夏*锦超】（替身文学）原来所谓相爱，从一开始便是错觉。,2021/11/01,384956,13486,324,444,2727,http://i0.hdslb.com/bfs/archive/6c89080e0d5c1ffd34751fe0d4cc971a75cdd567.jpg,#古风#短片,,,合集·替身文学
806983df,B站,https://www.bilibili.com/video/BV1sv411T79i,【圻夏夏*锦超】（替身文学）终于，找到你了。,2021/10/30,304101,11138,174,269,1833,http://i1.hdslb.com/bfs/archive/f9f5e3ba584601a863a0efb6c6bd4f37b62277c8.jpg,#古风#短片,,,合集·替身文学
ad6d57af,B站,https://www.bilibili.com/video/BV1nh411872a,【圻夏夏*锦超】（替身文学）原来只是，像她…而已吗,2021/10/26,427834,15835,301,738,2952,http://i2.hdslb.com/bfs/archive/0e112bb72fbfdea2d8a9731d1b6d007fbfc37a35.jpg,#古风#短片,,,合集·替身文学
223a1057,B站,https://www.bilibili.com/video/BV1vL4y1B7he,【圻夏夏｜花西子】传说中，那傣族雨林里有宝藏…,2021/10/23,88979,5691,70,49,372,http://i1.hdslb.com/bfs/archive/31d9cedf4a938dbc3b0d1b5e3803bc8949c99ad5.jpg,#古风#短片#花西子,,,
83d60124,B站,https://www.bilibili.com/video/BV1JF411e7FM,【圻夏夏*锦超】私奔吧！,2021/10/22,262791,9215,172,398,1788,http://i0.hdslb.com/bfs/archive/d657285b2786dbf87295b45b73a67b0efb5caf34.jpg,#古风#短片,,,
befdf8a7,B站,https://www.bilibili.com/video/BV1Sh411b7Ry,【圻夏夏*庄翰*清熠】恨为剧毒，爱为解药。,2021/10/18,91710,3615,65,18,256,http://i2.hdslb.com/bfs/archive/10e20b11a1c060899396bc3f39d9903154d884d4.jpg,#短片#古风,,,
d77f080b,B站,https://www.bilibili.com/video/BV1ob4y187vX,【圻夏夏*锦超】（三兔系列完结撒花～）主动一点嘛，万一你喜欢的人刚好也喜欢你呢！,2021/10/12,197101,7367,142,190,1172,http://i2.hdslb.com/bfs/archive/c79112437ef1a16dd94fc486d36073290a8ed6f9.jpg,#短片#古风,,,
2c8f66e2,B站,https://www.bilibili.com/video/BV1S34y1U7Uc,【圻夏夏*鹿荼白】带我回家吧，哪怕只有魂魄也好。,2021/10/09,64972,3060,62,40,411,http://i0.hdslb.com/bfs/archive/4bff15c85d58176cdfe7ae70a46aa3dd93c8949d.jpg,#古风#短片,,,
65c35529,B站,https://www.bilibili.com/video/BV1kb4y1a7Vq,【圻夏夏*锦超】（三兔番外五）那就一辈子咯，好不好？,2021/10/07,388225,11851,306,518,2158,http://i2.hdslb.com/bfs/archive/d794e21bc7885e2363c41f3b63fdf1bc196f75d5.jpg,#古风#短片,,,合集·三兔合集
86b9571c,B站,https://www.bilibili.com/video/BV17L4y1z7z8,【圻夏夏*锦超】（三兔番外三）相信一见钟情嘛？,2021/10/03,176647,7567,162,294,1340,http://i0.hdslb.com/bfs/archive/627a112e8dd528a101c728c1d6354ee4acdbdd93.jpg,#古风#短片,,,合集·三兔合集
f9e2d4a3,B站,https://www.bilibili.com/video/BV1tR4y1n7pb,【圻夏夏】哥…我可能没有办法和你一起回家了,2021/10/01,80285,4989,108,113,729,http://i2.hdslb.com/bfs/archive/4c67cca05045b30a1bacb12e374410e06fcda38d.jpg,#古风#短片,,,
d2190495,B站,https://www.bilibili.com/video/BV1yU4y1c7mF,【圻夏夏*鹿荼白】哥，我不后悔。,2021/09/29,77970,4724,86,63,604,http://i0.hdslb.com/bfs/archive/2d95a83b30cd49e4198d240cbf4bfbe3038cf96e.jpg,#古风#短片,,,
fd31d77b,B站,https://www.bilibili.com/video/BV13Q4y1C79T,【圻夏夏】不是儿臣变了，只是儿臣长大了。,2021/09/26,287865,15836,433,907,4177,http://i2.hdslb.com/bfs/archive/9b26b80cff72115a0ceda0def45ad2e4a1b9e3c9.jpg,#古风#短片,,,
b220108a,B站,https://www.bilibili.com/video/BV1pq4y1P7wX,【圻夏夏*锦超】（三兔番外二）小老鼠有什么好怕的…,2021/09/24,200953,6714,147,145,1002,http://i0.hdslb.com/bfs/archive/8f51f94cfb7f5729747d03e0e489730858181346.jpg,#短片#古风,,,合集·三兔合集
6e235b36,B站,https://www.bilibili.com/video/BV1pR4y1p7hZ,【圻夏夏】（预告）你不要再等了…花开花落自有定数，人去人留皆是命数。,2021/09/22,194280,9049,205,392,1492,http://i0.hdslb.com/bfs/archive/38064ec67cd51b8b544ed0491878d68ebacb0b9f.jpg,#古风,,,合集·替身文学
57beefcd,B站,https://www.bilibili.com/video/BV1tQ4y1r721,【圻夏夏*锦超】（三兔番外一）中秋了，给大家发个糖吧～,2021/09/20,434453,16570,639,1730,3825,http://i2.hdslb.com/bfs/archive/e712829b733b4f97e3a9d054fa32081c1ddd15a7.jpg,#短片#古风,,,合集·三兔合集
14e4375e,B站,https://www.bilibili.com/video/BV1sL411x7b4,【圻夏夏*圣微】我总会陪着你的，姐姐,2021/09/14,317032,16331,345,2149,4717,http://i2.hdslb.com/bfs/archive/a286d70c454ddfd0e1f948c03802b76d6d4798f1.jpg,#短片#青蛇,,,
54190452,B站,https://www.bilibili.com/video/BV1XU4y1P7My,【磕糖】憨憨徒弟和美貌师父,2021/09/10,129406,5961,175,359,2025,http://i2.hdslb.com/bfs/archive/ebc438c203272178f3a2d05768fa736a7392af78.jpg,#国风奇妙纪#汉服#古风#原创#自制广告,,,
eaa96860,B站,https://www.bilibili.com/video/BV1Xh411H746,【圻夏夏*圣微】虽迟但到的青白蛇预告。反正不知道会不会有正片,2021/09/09,454311,31217,427,2874,8629,http://i1.hdslb.com/bfs/archive/557037ad79a08b78d41a04e59212976e2ce3b897.jpg,#青蛇#古风,,,
3780f6e5,B站,https://www.bilibili.com/video/BV11g411V7rS,【圻夏夏】夜夜笙歌。,2021/09/03,62597,4086,77,83,623,http://i2.hdslb.com/bfs/archive/9d29ba6889bc7ea0dd42985b6f9f4e6267e83d35.jpg,#古风#短片,,,
dbe60640,B站,https://www.bilibili.com/video/BV1WU4y177AC,【秋日甜剧｜花皙蔻】所以最后到底是谁把谁吃了？,2021/09/01,64477,6054,131,152,805,http://i0.hdslb.com/bfs/archive/5415511c2e74deb34140e0e0c7751796996b8bec.jpg,#古风#短片#原创,,,
f3b2d3fc,B站,https://www.bilibili.com/video/BV1bP4y1a72H,【圻夏夏】番外一。所以即使只有我为你而来，最终你也没有选择我。,2021/08/31,191092,6569,212,127,918,http://i2.hdslb.com/bfs/archive/9378088f06789da28d6e3f2a28346b48a579d224.jpg,#古风#自制,,,
7ee3e5a2,B站,https://www.bilibili.com/video/BV1kM4y1V71a,【夏日甜剧｜三兔】长久的爱意从来不是单向奔赴。,2021/08/24,435736,18623,451,1768,4453,http://i0.hdslb.com/bfs/archive/dfb23a206ad4df66f5b9386673aea522dd39c85c.jpg,#夏日故事大会#古风#短片#原创##唐宫盛宴真香#,,,合集·三兔合集
07c4b240,B站,https://www.bilibili.com/video/BV1Pf4y1G7KS,【圻夏夏*锦超】你来了，我好像没那么孤单了。,2021/08/18,205811,8534,235,527,1598,http://i0.hdslb.com/bfs/archive/a09edbb90df4f7f29b56ca7b784211b4bcbf2c86.jpg,#古风#自制,,,
9c1ec4d4,B站,https://www.bilibili.com/video/BV1rv411P7a1,【圻夏夏】（预告）你是什么东西，也配来问我,2021/08/14,98192,5255,142,97,427,http://i2.hdslb.com/bfs/archive/7b00827664267fa028d609d19f350d8372c54f22.jpg,#古风#特效#自制,,,
dcd7d45f,B站,https://www.bilibili.com/video/BV1zb4y1U7mz,【圻夏夏|花西子】古人竟在我身边～,2021/08/13,43597,2083,49,30,199,http://i0.hdslb.com/bfs/archive/520df4fa0fe71879ffc1c78f2691b162fc9597ac.jpg,#夏日故事大会#古风#短片,,,
6577cff9,B站,https://www.bilibili.com/video/BV18L411J77Y,灵玉预告片 | 半魔半人少女与灵玉守护者之间的爱恨纠葛,2021/08/12,183240,7480,445,169,1066,http://i0.hdslb.com/bfs/archive/0b34a08ed331a5b8240ae793d0d2d25b4f7fb3ce.jpg,#预告片#自制#短片#原创,,,
11574d6b,B站,https://www.bilibili.com/video/BV1QA411P7sS,【圻夏夏*锦超】（预告）阿爹说的没错，女追男隔层纱～没什么好矜持的！,2021/08/10,508342,10212,199,292,1994,http://i2.hdslb.com/bfs/archive/31bc169f7b35c495ffb533bc46c115792c763bc4.jpg,#古风#短片,,,合集·三兔合集
4390dd25,B站,https://www.bilibili.com/video/BV16v411K7xt,【圻夏夏】（预告）自己爱上自己是一种什么样的体验？,2021/08/06,71753,4573,136,100,508,http://i1.hdslb.com/bfs/archive/cdc54558c54f8e3f9a5e5231337a21d36613d454.jpg,#短片#古风,,,
386f342a,B站,https://www.bilibili.com/video/BV1sP4y1x7Aw,【圻夏夏*锦超】你真的不哄哄我吗？好吧..那我自己哄自己！,2021/08/04,423668,12591,205,261,2109,http://i2.hdslb.com/bfs/archive/dc60ff38f4ead62a7676c88c6e0c32b0c5190902.jpg,#古风,,,
ae821458,B站,https://www.bilibili.com/video/BV1Cq4y1H7yk,【夏日甜剧｜芙清】一个黑帮大佬为爱成奴的小故事。,2021/07/30,137141,5428,173,62,641,http://i0.hdslb.com/bfs/archive/6027ce5e24da606f3d6f17a79b56024a56746ece.jpg,#打工人享清福#古风#短片#芙清#凉茶面膜,,,
ffd26dcf,B站,https://www.bilibili.com/video/BV1364y1B7g5,【圻夏夏*锦超】这个故事到底该有个怎么样的结局呢？,2021/07/26,174435,7269,205,246,1469,http://i0.hdslb.com/bfs/archive/2dcf3cdc52b055d0ac492cc13e8ce72458ca0a87.jpg,#短片#古风,,,
aae8a687,B站,https://www.bilibili.com/video/BV1Sg411j7QP,【圻夏夏】算是姬圈天菜吗？,2021/07/24,126882,6382,146,116,631,http://i2.hdslb.com/bfs/archive/d324bf89c10dd5e243e513ff6476ec9608464428.jpg,#秀场#中国风,,,
9bfae182,B站,https://www.bilibili.com/video/BV1oX4y1F78u,【圻夏夏】小兔子要去哪玩儿？带着我呗～,2021/07/23,99979,7814,174,416,1697,http://i2.hdslb.com/bfs/archive/8c63dc0fb7f422e42fa687ff901fdec78209c8c3.jpg,#古风,,,
388f6d04,B站,https://www.bilibili.com/video/BV1qU4y1n71P,【圻夏夏】蒙眼让本就近视眼的我雪上加霜,2021/07/22,242408,13781,147,237,2372,http://i0.hdslb.com/bfs/archive/8ceea8f64a3db4bce34e2d6db194d07f1358a56e.jpg,#中国风#秀场,,,
1224f525,B站,https://www.bilibili.com/video/BV1G64y1x7m2,【圻夏夏*浅野】（预告）看个视频清凉一下～,2021/07/20,25959,1552,59,17,76,http://i0.hdslb.com/bfs/archive/e23cb30c6a34945df23793d637e4deb126e41349.jpg,#短片#古风,,,
78512e39,B站,https://www.bilibili.com/video/BV19U4y1g7ab,【圻夏夏】哦，这该死的压迫感,2021/07/12,129410,13397,134,273,2482,http://i1.hdslb.com/bfs/archive/6201876732e5a4c74fcb87067114a4e154df241f.jpg,#走秀#御姐,,,
649f5ca5,B站,https://www.bilibili.com/video/BV1ag411T7rC,【圻夏夏】bw2021闪现，这次是个帅哥。,2021/07/10,27992,2342,74,47,160,http://i0.hdslb.com/bfs/archive/9585aec2082fa8fb41f0a62e74c559b2baa835e9.jpg,#BW Vlog#BW,,,
13cf2014,B站,https://www.bilibili.com/video/BV13M4y1M7WL,【圻夏夏*庄翰】“其实啊，我从未怪过你”,2021/07/06,47045,2340,88,44,249,http://i1.hdslb.com/bfs/archive/09583e61301e416c4285a0522d11c0c72b583f57.jpg,#夏日故事大会#短片#剧情#古风,,,
8de28cca,B站,https://www.bilibili.com/video/BV1EV411W7f3,【圻夏夏】原来竟只是我一人的执念罢了...,2021/07/02,57672,3162,72,39,333,http://i0.hdslb.com/bfs/archive/4112f334516f901e464eccd8f4ce5c70ccd84381.jpg,#古风,,,
ac062c71,B站,https://www.bilibili.com/video/BV1ww411Z7ed,【圻夏夏】情之一字啊...,2021/06/29,89218,7243,147,199,1273,http://i0.hdslb.com/bfs/archive/c6aa95519e88550291b1b34aaed0a8339d978998.jpg,#古风,,,
fb5dcaea,B站,https://www.bilibili.com/video/BV17w411f7K4,【圻夏夏*庄翰】“公主，我来带你回家”“好”,2021/06/20,288256,5809,141,184,1243,http://i2.hdslb.com/bfs/archive/e41a6d2be2db20e0664ef775543ffab6aae2c618.jpg,#夏日故事大会#古风#短片,,,
9fa07ecf,B站,https://www.bilibili.com/video/BV16h411a779,【圻夏夏】（竖屏版）你为何偏偏要与我错过。,2021/06/19,66373,6129,112,239,988,http://i2.hdslb.com/bfs/archive/1661c8c9d28222e8c80c85370f09680ebf09b4c9.jpg,#夏日故事大会#古风,,,
5bd76d49,B站,https://www.bilibili.com/video/BV1jB4y1M7fe,【圻夏夏】这么直白的盯着妾身,2021/06/16,311554,15770,295,1206,4647,http://i2.hdslb.com/bfs/archive/6a053056cd9f620f41ca26a38011cf718396703d.jpg,#古风,,,
17bf8ddd,B站,https://www.bilibili.com/video/BV1tB4y1M7bt,【圻夏夏】下辈子吧（完整版）“都是我的错”“是世俗的错，不是我们”,2021/06/15,94641,5279,121,125,896,http://i2.hdslb.com/bfs/archive/9c35a2e7725899d48b64f077330612fadfe23582.jpg,#自制#古风,,,
bee92831,B站,https://www.bilibili.com/video/BV1zV41147aG,【圻夏夏】这个bgm有点带感！,2021/06/13,59704,4261,110,144,558,http://i1.hdslb.com/bfs/archive/acde5f8b6d8443d48ebf27cdf40b0ccf269a3221.jpg,#古风,,,
1966bb30,B站,https://www.bilibili.com/video/BV1HK4y197xS,【圻夏夏*妞妞妞】情深不悔。,2021/06/13,36905,2315,108,85,379,http://i2.hdslb.com/bfs/archive/9470f2b62abddee1c58ba048bc2d79c4a4567b6f.jpg,#古风#自制,,,
a472a554,B站,https://www.bilibili.com/video/BV1gg411g74T,【圻夏夏】当爱恨情仇，都化乌有。,2021/06/11,40726,3329,82,30,385,http://i1.hdslb.com/bfs/archive/c15c259b4f7457443b3b42b71208553e52fbd467.jpg,#古风#自制,,,
c5b8aef2,B站,https://www.bilibili.com/video/BV1A54y1G78Y,【圻夏夏*圣微】双生花魁加长版。这次谁是猎物？,2021/06/08,805834,51828,797,7952,19600,http://i0.hdslb.com/bfs/archive/aae5b01cdde105cf2379ddfa7e471dd1112d7f87.jpg,#古风#自制,,,
dda70839,B站,https://www.bilibili.com/video/BV1CV411x7aj,【圻夏夏】那以后有我陪着你，你就不会孤单啦,2021/06/07,85115,6516,145,219,1199,http://i2.hdslb.com/bfs/archive/fa8a7457d9c4667444223e867e741cdbd3f1e50a.jpg,#古风#自制,,,
82596088,B站,https://www.bilibili.com/video/BV1ib4y1Z7BH,【圻夏夏】下辈子吧，下辈子...,2021/06/05,155577,14064,206,348,2405,http://i2.hdslb.com/bfs/archive/c467da0fdd8713bf4f1604ff1435ce481bcad7fe.jpg,#古风#短片,,,
dfc0ee19,B站,https://www.bilibili.com/video/BV1Gg411G7pa,【圻夏夏】我输就输在，我才是动了心的那个人。,2021/06/02,179449,15657,122,139,2165,http://i1.hdslb.com/bfs/archive/6297c757345874af8bfb3c5d37e20b6a051dd8ce.jpg,#古风,,,
dfb8f7fb,B站,https://www.bilibili.com/video/BV1Ay4y137cG,【圻夏夏】一介凡人，竟敢弑神。,2021/05/31,113353,7995,96,89,982,http://i1.hdslb.com/bfs/archive/db6dcd8d8a05653b2c5fc5ac11dc1e4ecc04eb91.jpg,#古风,,,
289b4682,B站,https://www.bilibili.com/video/BV1yN411Z7Zz,【圻夏夏】“她可不是什么小野猫，听说过美人蛇蝎吗”,2021/05/28,129353,12142,100,268,2256,http://i1.hdslb.com/bfs/archive/900a4598307d59a49358b610a62671c34e47a616.jpg,#古风,,,
cb612e35,B站,https://www.bilibili.com/video/BV1kU4y1L7a4,【圻夏夏】阿爹说过，我们杨家的儿女，只能倒在战场上。,2021/05/25,79950,6504,95,61,814,http://i2.hdslb.com/bfs/archive/733a185839bae5f63a1233e2c6b841a55bd36d6d.jpg,#古风,,,
cab1b73f,B站,https://www.bilibili.com/video/BV1Wq4y1E71Z,【圻夏夏*锦超】我这种恶鬼怎么会有心呢,2021/05/21,622390,41216,534,1783,10299,http://i1.hdslb.com/bfs/archive/50f9996ff2b500f070a7d5cb4a39cca83cad3533.jpg,#古风#短片,,,
4c4046d2,B站,https://www.bilibili.com/video/BV1a64y1d7Xv,【圻夏夏】九尾狐X小白兔。给大家发个糖吧！,2021/05/20,2067078,172974,1065,9205,44975,http://i1.hdslb.com/bfs/archive/11387ef65b0655de7c1de56388c26338a0648afa.jpg,#古风,,,
b9f3ec43,B站,https://www.bilibili.com/video/BV1s64y1C7MP,【圻夏夏*庄翰】“别怕，我只是想最后再抱你一次”,2021/05/13,119647,7298,122,280,1251,http://i2.hdslb.com/bfs/archive/60c683b25397951cb2f0d966bdd99a824a9c3154.jpg,#古风#短片,,,
41d85833,B站,https://www.bilibili.com/video/BV19q4y1f7RD,【三生三世｜双女主】糖分超标，进来嗑糖。,2021/05/12,397143,27400,503,4571,11030,http://i1.hdslb.com/bfs/archive/4a9e420200ef3dabe7a3f8302852abf09701db4b.jpg,#觉醒吧国魂#古风#汉服#山海经#阿道夫#新国货,,,
344a26f6,B站,https://www.bilibili.com/video/BV1iA411G7fn,【圻夏夏】小阿花仿妆。,2021/05/10,50943,4794,118,202,847,http://i0.hdslb.com/bfs/archive/ca334f68b64ce572b9480c6bac82036108acb6a9.jpg,#古风#原创,,,
7e37281c,B站,https://www.bilibili.com/video/BV1oK4y1P74k,【圻夏夏】一起赏夏花吧～,2021/05/02,36830,2864,68,66,476,http://i1.hdslb.com/bfs/archive/40241fa18935f60aacdc3f6a3cec5ca3a622c222.jpg,#人间治愈时刻#小清新#古风,,,
9332d55c,B站,https://www.bilibili.com/video/BV1RK4y1P7yX,【圻夏夏*庄翰】灭国公主和侍卫的故事。,2021/04/30,88881,2741,66,58,497,http://i2.hdslb.com/bfs/archive/18e4b4739361a1708fae8338b3e57207793e1fa5.jpg,#春日嗑糖大作战#古风#原创#剧情,,,
3b294810,B站,https://www.bilibili.com/video/BV1MB4y1c75j,【圻夏夏】恶人？我想听听，你用什么界定善恶,2021/04/25,98170,4228,132,130,1315,http://i0.hdslb.com/bfs/archive/34f1ef903aa126bc4e042605df888353c50e6aa1.jpg,#原创#黑化,,,
5904d493,B站,https://www.bilibili.com/video/BV1gh411S7fi,【圻夏夏】来！给他们凶一个！,2021/04/20,39379,2840,76,46,408,http://i1.hdslb.com/bfs/archive/20403b9211c9a2ca083afa8fd0149dc9f0a9d345.jpg,#原创#黑化,,,
fef896c9,B站,https://www.bilibili.com/video/BV1h64y1m7TP,【圻夏夏】听说反派黑化前都要经历这么一遭,2021/04/18,176572,7192,129,129,1579,http://i2.hdslb.com/bfs/archive/0ec9714eceab8fbd5a81e46fcd59beb7a214688e.jpg,#短片#原创#黑化,,,
828e1b56,B站,https://www.bilibili.com/video/BV1Z54y187m8,【圻夏夏*庄翰】我知道你恨，但我只有你了...所以就算强留，我也不会让你离开我。,2021/03/27,48309,2497,87,66,501,http://i0.hdslb.com/bfs/archive/846d680e1f7580a32e7b1df7b1afc663d84c889b.jpg,#春日嗑糖大作战#古风#短片,,,
e8f3dd68,B站,https://www.bilibili.com/video/BV1164y1D78q,【圻夏夏】我再也寻不到他了...,2021/03/19,41027,2358,53,48,514,http://i0.hdslb.com/bfs/archive/d9bc43ea378f479a57e3bbe37a2f0ddb32d479e9.jpg,#古风#自制,,,
a45184f3,B站,https://www.bilibili.com/video/BV165411P71z,【圻夏夏拍摄作品】谢谢你赐予我的这一场空欢喜。,2021/03/16,21740,1216,35,8,99,http://i2.hdslb.com/bfs/archive/35aea62226c262d89de0b3fbfcf2876f05b318dd.jpg,#自制#古风,,,
a4427440,B站,https://www.bilibili.com/video/BV1Qr4y1A7DN,【圻夏夏】我会化作人间的风雨，陪在你身边。,2021/03/02,33632,2461,46,110,533,http://i1.hdslb.com/bfs/archive/1e22ddba54efbb94b5b293c72662b67951dd5120.jpg,#古风,,,
a5ca8fe6,B站,https://www.bilibili.com/video/BV1HA411M7Nx,【圻夏夏*杨馥羽】发糖和打架的区别。,2021/02/21,135556,7151,118,206,1474,http://i1.hdslb.com/bfs/archive/d02b3b5e5e7c5c707fc668182804f5edb2543dd0.jpg,#古风#橘里橘气,,,
0014848c,B站,https://www.bilibili.com/video/BV1tX4y1572g,【知竹江湖】新春花灯夜游群像MV  神仙联动,2021/02/13,753367,57437,1574,5654,19401,http://i0.hdslb.com/bfs/archive/8111715ce330a616cac117f8fcca6ea01935fe14.jpg,#春节影视好看指南#古风#4K#哔玩春节档#贺岁,,,
cfb9ddf5,B站,https://www.bilibili.com/video/BV1Ho4y19725,我这一世，都是为了你而来的呀...拍摄,2021/02/13,41146,1926,63,41,269,http://i2.hdslb.com/bfs/archive/43e30e3d7dc1a7c640f06d976b91d952bc9879c5.jpg,#小视频,,,
dc159521,B站,https://www.bilibili.com/video/BV1uy4y1Y7AV,怎么，你也要杀我吗？🎬：走回去了v,2021/02/08,19105,906,42,3,67,http://i1.hdslb.com/bfs/archive/5f5598db4f451a38971d45914fc52daf055b85e0.jpg,#小视频,,,
dbbc3c89,B站,https://www.bilibili.com/video/BV1dV411q7vo,不要问我为什么画面切来切去的，因为放炮了,2021/01/28,23929,978,46,7,99,http://i0.hdslb.com/bfs/archive/4d3965210835c47a07a486e53dc5862d7d8c227e.jpg,#小视频,,,
eb3eb52a,B站,https://www.bilibili.com/video/BV1Ty4y117md,你，可愿为我做一切事情？,2021/01/24,33231,1771,76,62,301,http://i1.hdslb.com/bfs/archive/884762671b271ee0770c12456dfc3b1b029b4f60.jpg,#小视频,,,
87af07ae,B站,https://www.bilibili.com/video/BV17r4y1M7Mc,【圣微*圻夏夏】敬酒不吃吃罚酒？,2021/01/20,273774,13249,349,630,3462,http://i0.hdslb.com/bfs/archive/73d7a25f257df6e9d000a8dd7b1b1124ad86866d.jpg,#人人都有武侠梦·武侠之梦#古风#打戏,,,
9c2cb6f7,B站,https://www.bilibili.com/video/BV1or4y1T7ug,这个bgm也太带感了吧！音源：阿七,2021/01/18,29753,1616,75,159,416,http://i0.hdslb.com/bfs/archive/42c6ad98638b05b5991a6f79d4ad6b892b2146fd.jpg,#小视频,,,
c0764e3c,B站,https://www.bilibili.com/video/BV1mr4y1T7af,【白月光与朱砂痣】穿越千年才找回跟你在一起的回忆,2021/01/14,158323,9333,302,2286,4387,http://i0.hdslb.com/bfs/archive/dd4212061c6c89e634c9e981b1ce7efb1e326825.jpg,#汉服#古风#美女#美妆#时尚#古装#新国货大赏,,,
172ec0f5,B站,https://www.bilibili.com/video/BV1By4y127Zq,【圻夏夏】若我们可以不用理会这俗世的流言蜚语该有多好,2021/01/06,215255,18948,151,383,4227,http://i1.hdslb.com/bfs/archive/c857b76a33d0dedaef8bc927c353294e80cb6e47.jpg,#古风#短片#汉服,,,
1530e187,B站,https://www.bilibili.com/video/BV1df4y1e738,【圻夏夏】如今回头看，都是笑话一场...,2020/12/30,78059,4380,100,225,1320,http://i1.hdslb.com/bfs/archive/38a7749cf1561e9e546ab25419adc5010053d56a.jpg,#短片#古风,,,
f404a4ea,B站,https://www.bilibili.com/video/BV1964y1o7sm,【圻夏夏】我知道这是梦，我只想求你，再疼疼我...,2020/12/24,173131,5719,111,104,1100,http://i2.hdslb.com/bfs/archive/38f9c59c41b21500b8e050438ceba42a3325d25a.jpg,#古风#短片#原创,,,
e9af653a,B站,https://www.bilibili.com/video/BV1jZ4y137f9,【圻夏夏】有人说我们像男女主在争女二？,2020/12/21,81580,2997,90,45,461,http://i2.hdslb.com/bfs/archive/e91c068eb692bc6f4799d9d46aef0f6753bdfb6e.jpg,#古风#原创#打戏,,,
076e47df,B站,https://www.bilibili.com/video/BV1f5411G76B,【圻夏夏】是忘记我了吗？所以这么久了，还不回来...,2020/12/20,98479,4825,102,143,971,http://i0.hdslb.com/bfs/archive/483441cd83536563737de3341a5d229112b53ae6.jpg,#短片#民国#旗袍,,,
72094eb7,B站,https://www.bilibili.com/video/BV1Fr4y1F7mG,明晚发这个片吧[羞羞],2020/12/19,33851,1593,59,11,118,http://i1.hdslb.com/bfs/archive/9b9a4e87890426eb0405189527c6560245f7fa7a.jpg,#小视频,,,
e66ceec2,B站,https://www.bilibili.com/video/BV1VX4y1u71L,所以大家是不是不爱看舞刀弄剑[呆]但我,2020/12/17,13402,1057,95,4,96,http://i0.hdslb.com/bfs/archive/81326b4cde46c86fcf7feddfcdca593af770882c.jpg,#小视频,,,
66b4b845,B站,https://www.bilibili.com/video/BV1tt4y1k7AV,分享一个调色对比。,2020/12/15,8717,716,28,3,95,http://i2.hdslb.com/bfs/archive/d2b22978e945d0a44bb53d4bddbf9f8da09ab8d8.jpg,#小视频,,,
6c93889f,B站,https://www.bilibili.com/video/BV1of4y1v7Xw,【圻夏夏】太久了，我都不记得自己是人是鬼了,2020/12/12,131814,7510,149,349,1785,http://i1.hdslb.com/bfs/archive/0ed8195cb0a2bbbb1b299d2acbb1869dc1f377ed.jpg,#原创#古风,,,
327ea750,B站,https://www.bilibili.com/video/BV1zV411873c,【圻夏夏】公子何不留下？,2020/12/10,78003,4851,176,199,1393,http://i2.hdslb.com/bfs/archive/824ce0ab4b99e4ad611d1226ed6df1dd2f4000a2.jpg,#古风,,,
c8afbef5,B站,https://www.bilibili.com/video/BV16K41137yS,【圻夏夏】我终于能和你并肩了。（带剧情配音的走秀确定不来看看？）,2020/12/08,193779,4077,52,85,472,http://i2.hdslb.com/bfs/archive/e843892113de6a94f8a9a9df5a74e7004fa5a250.jpg,#视频一投，火遍全球！#中国华服日,,,
7c4632ac,B站,https://www.bilibili.com/video/BV12y4y1S7FP,【圻夏夏】既然你不能爱我，那就和我的爱一起消失吧,2020/12/05,78688,3672,106,1421,949,http://i1.hdslb.com/bfs/archive/4a1dd1225a1047af030225f269c8660c27611bfc.jpg,#短片#古风,,,
1968400c,B站,https://www.bilibili.com/video/BV1tr4y1c73L,【圻夏夏】话那么多干嘛？接招就完事了！,2020/12/02,76104,3741,156,3944,964,http://i0.hdslb.com/bfs/archive/aefe16d99edf9a0020851836053a752a60470875.jpg,#古风#打戏,,,
3bb61077,B站,https://www.bilibili.com/video/BV1ZK4y1j7K4,【圻夏夏】有人说这像建模脸？不存在的，还不是靠摄影和妆造（望天,2020/11/30,422356,23393,262,583,3769,http://i1.hdslb.com/bfs/archive/82586259bcb564bedad776235f8c0c549650fb07.jpg,#古风#汉服,,,
e656fdc5,B站,https://www.bilibili.com/video/BV1sz4y1k7Vq,【圻夏夏】为何你硬要与我错过呢..,2020/11/27,1839739,92426,2272,10444,40278,http://i0.hdslb.com/bfs/archive/dbaa4a11fb588dbf2a144494737e01e8ff6dae82.jpg,#短片#古风,,,
4f033813,B站,https://www.bilibili.com/video/BV1v54y1z7BX,【圻夏夏】气场，开！,2020/11/22,118284,5194,101,94,714,http://i1.hdslb.com/bfs/archive/8bf9631759cf8e7313b0f267057af7a1465453a4.jpg,#小视频,,,
93df7bcb,B站,https://www.bilibili.com/video/BV1HK4y1j7Hd,【圻夏夏】我们这类人，本就生活在背光面。,2020/11/15,77495,2197,48,29,342,http://i1.hdslb.com/bfs/archive/330f47ad6c00446b2c7ec78c16975963b710c077.jpg,#小视频,,,
d5b11688,B站,https://www.bilibili.com/video/BV1h5411V7TP,【圻夏夏】不是说爱我吗？为何现在都不敢看着我？,2020/11/06,82214,2681,71,106,657,http://i0.hdslb.com/bfs/archive/7a0c1821008c4badc39942174a95aedbf73c7144.jpg,#小视频,,,
f3743bff,B站,https://www.bilibili.com/video/BV1oz4y1d7iC,【圻夏夏】我的三个视频，你刷到过哪一个[捂眼]？,2020/10/09,48531,3548,63,210,591,http://i1.hdslb.com/bfs/archive/b0b0b074936701e34a176dc6a14a610589058d58.jpg,#小视频,,,
b67f9b8f,B站,https://www.bilibili.com/video/BV1wK4y1x7qa,【为你而来】护卫与小姐之间的情愫，为守护你，不惜生命为祭。,2020/07/11,24859,603,25,10,62,http://i2.hdslb.com/bfs/archive/015237a59211399d09cadb08fa0d73a37f779569.jpg,#爱情#短片#原创,,,
bf0bd582,B站,https://www.bilibili.com/video/BV1ht4y1Q7XN,｜隔岸｜片段预告。,2020/07/06,13280,339,10,8,44,http://i1.hdslb.com/bfs/archive/ceca1e79f6df696c82dbb3fe74538b802bf9f354.jpg,#原创#自制#短片,,,
6e1879b6,B站,https://www.bilibili.com/video/BV1AT4y1V7R5,【双生衍生片段】你一个凡夫俗子算什么东西，也敢跟我说断了？,2020/04/17,15711,445,21,5,56,http://i0.hdslb.com/bfs/archive/187a59449bdadb84fc4b7ebfe07bb9b140a8da28.jpg,#暗黑#自制,,,
ce85cb8f,B站,https://www.bilibili.com/video/BV1LV411Z7TM,【汉服暗黑剧情向】「双生」之病娇妹妹太爱我了怎么办,2020/04/15,15018,1001,110,40,142,http://i1.hdslb.com/bfs/archive/a1e4b52a6afe20567682b294c7582dd437b57319.jpg,#微电影#悬疑#自制,,,
775da564,B站,https://www.bilibili.com/video/BV1hE41177KJ,【圻夏夏】一生等你,2020/03/03,36819,1514,58,35,307,http://i0.hdslb.com/bfs/archive/2ba70f2df4eefde922dd3215200a6e1609e0e559.jpg,#古风#汉服视频,,,
ecc67a08,B站,https://www.bilibili.com/video/BV1XJ411n7qm,【冬 眠】自君一别，度日如年。,2020/01/13,9741,291,13,7,45,http://i1.hdslb.com/bfs/archive/115d52796dc7da158c8aa729ae688b73bc67aa42.jpg,#汉服#动作#短片,,,
8649c98c,B站,https://www.bilibili.com/video/BV1QE41187BK,【日系恋爱mv】光。長い暗闇の中で、あなたは私の唯一の光です。,2019/10/28,21322,498,15,49,214,http://i2.hdslb.com/bfs/archive/a5b3b3dfbea2a5ed5ef1f13952efb2a00fa7ce9e.jpg,#恋爱#小清新#日系,,,
1d68b215,B站,https://www.bilibili.com/video/BV1qE411r7uQ,【长生诀】仇余万千，心无涟，抚琴不知今昔何年。,2019/10/18,9037,283,12,10,47,http://i1.hdslb.com/bfs/archive/5842d6cf02821e208f6f5b1057cb40ae2a1e2f3c.jpg,#短片#长生诀#bilibili新星计划,,,
f7e3990c,B站,https://www.bilibili.com/video/BV1uJ41137PF,【如歌】我恨你，恨之入骨。且爱你，如痴如醉。,2019/09/19,12892,449,22,22,108,http://i0.hdslb.com/bfs/archive/4e922f070ff9f3663ec179ed0858fb66f8207ad0.jpg,#古风#原创#如歌,,,
78e2fe97,B站,https://www.bilibili.com/video/BV1yJ411N7bf,【秋风起】落叶聚还散，寒鸦栖复惊。,2019/09/09,6903,243,7,9,51,http://i1.hdslb.com/bfs/archive/4ac2d779819e4e460dabeddd6db3eb4baaff3b48.jpg,#原创#汉服,,,
4f386f61,B站,https://www.bilibili.com/video/BV1J4411X7WW,【倩女幽魂】怀念那个神仙打架的年代。,2019/08/10,9088,243,12,4,21,http://i1.hdslb.com/bfs/archive/4fcddbd453c8b41596eb165c240e101c7c85a303.jpg,#倩女幽魂#自制,,,
f3e0a409,B站,https://www.bilibili.com/video/BV1tt411A76t,【妄念】相思尽头菩提树，问前尘是缘是劫，谁不负。,2019/07/30,6734,171,20,6,22,http://i2.hdslb.com/bfs/archive/1a5e5c72796381fd61d7606f67ce8e036e43034e.jpg,#古风#自制#短片#bilibili新星计划,,,
eb19323f,B站,https://www.bilibili.com/video/BV1Zt41137LJ,【天师】 尘世离人，轮回复入,2019/07/15,9305,408,11,131,152,http://i2.hdslb.com/bfs/archive/0c83b903cd36bd8f10dbf603d5aa1ecdb296413b.jpg,#汉服#自制#短片,,,
994569e4,B站,https://www.bilibili.com/video/BV1L4411g7Be,【伞下剑】 伞下走浮生，剑出莫扬眉。,2019/06/23,9462,279,18,7,37,http://i2.hdslb.com/bfs/archive/558d8e9755e6bc578fbf7d05e164c8c54eec5a35.jpg,#短片#古风#动作#自制,,,
2a952a72,B站,https://www.bilibili.com/video/BV1s4411G7JU,【凉夜横塘】君问归期未有期，只与酒为伴。,2019/06/18,21556,604,33,10,113,http://i2.hdslb.com/bfs/archive/5b39ed21f206bb474b078206d44feb7fb0478f8d.jpg,#汉服#古风#短片,,,
20f86bf9,B站,https://www.bilibili.com/video/BV1G4411N73r,【妙笔浮生】只愿君心似我，一生一世唯一人。,2019/06/09,36926,923,63,24,248,http://i0.hdslb.com/bfs/archive/0e332654bbec69b7360426f9ec6e7b2b7fb90f78.jpg,#古风#短片#汉服MV,,,
760bef00,小红书,https://www.xiaohongshu.com/explore/5f80346c000000000100446b?xsec_token=ABrs4FDYFH9jrQShAzL_qNocX82ig5QyIr6nUV14-1-uI=&xsec_source=pc_search,你啊你，冻我心房，酸我眼眶。,2020/10/09,0,127000,1462,3317,127000,,,,,
dfa233cb,小红书,https://www.xiaohongshu.com/explore/68a00789000000001d002bba?xsec_token=ABY-9R1VhmPxe7r0K40ST8E5W6kQqZr8vqMTgM6xWXDyk=&xsec_source=pc_search,可是，我们好不容易才走到今天,2025/08/16,0,2574,74,70,2574,,,,,
8fde015b,小红书,https://www.xiaohongshu.com/explore/67f79989000000001c02f3cb?xsec_token=ABd5PWptR3DRRRNGmB_c4uKhf0qZiJ3CbdJc3UcgDoom4=&xsec_source=pc_search,曾经我也以为，遇见你是我此生最幸运的事。,2025/04/10,0,4578,180,56,4578,,#梦幻手游盘丝洞,,,
ba139edb,小红书,https://www.xiaohongshu.com/explore/67efd5d5000000001202c885?xsec_token=ABSPrYudcKjU-7-MS40RDWcxRcRoxX3SByyJCL-kWdy9U=&xsec_source=pc_search,可惜面具戴太久了，我已无法摘下。,2025/04/04,0,3412,95,52,3412,,,,,
cf6243a9,小红书,https://www.xiaohongshu.com/explore/67eb48eb000000001c02dbdd?xsec_token=ABTR2EJXlJ5v_6Gb_GxSVocWSWCWuikJNgEddQhHbTFIs=&xsec_source=pc_search,你在这，我能逃去哪？,2025/04/01,0,10000,527,359,10000,,,,,
c4397bbf,小红书,https://www.xiaohongshu.com/explore/67dc0108000000001e00b248?xsec_token=AB9IWzLhvttX-RYpmw3tedts3csPglhWb0nzh5n7bqcSg=&xsec_source=pc_search,堕神｜我所做这一切，皆为苍生。,2025/03/20,0,5863,96,86,5863,,,,,
309cdd35,小红书,https://www.xiaohongshu.com/explore/671ceddd00000000260346a2?xsec_token=ABEbFs1IR-JaWoPr0QycXoGiuk5Spy5pwqjp1yslp31Xg=&xsec_source=pc_search,你看我手无缚鸡之力的，怎么会杀人呢？,2024/10/26,0,7376,270,182,7376,,,,,
0215eb42,小红书,https://www.xiaohongshu.com/explore/670e51ee00000000240197a7?xsec_token=ABE-bBi-ko14dnWkCWm24zgMXikc1uNQD25vKGOvdQWO8=&xsec_source=pc_search,我只等你一年，而今年复一年。,2024/10/15,0,15000,152,144,15000,,,,,
91a4e07d,小红书,https://www.xiaohongshu.com/explore/670bdf6100000000210037aa?xsec_token=ABHd09tf-YNuVhQtEvrqIvYwUQhHgm0PGUlGLamzTDjic=&xsec_source=pc_search,你是哪里来的客人呀？,2024/10/13,0,9353,115,81,9353,,,,,
149606aa,小红书,https://www.xiaohongshu.com/explore/66d19960000000001d01b949?xsec_token=ABr7ectehx0eBV8RJPNo0dXko0SnPIrYJTB2tXvkFo7zE=&xsec_source=pc_search,一个打戏小训练,2024/08/30,0,9763,331,312,9763,,#短剧浮华梦,,,
e56ac480,小红书,https://www.xiaohongshu.com/explore/66cb04e4000000001d016a24?xsec_token=ABG6nVjvTpOZLltq3bPPEQLU76Y37ODE5nA4t5XUopPJk=&xsec_source=pc_search,（浮华梦）口嫌体正之“我只是为了完成任务”,2024/08/25,0,2695,48,50,2695,,#短剧浮华梦,,,
2c490d0a,小红书,https://www.xiaohongshu.com/explore/66c85dbf000000001d0171c4?xsec_token=ABAgys4pvOHOK0TLg7JioeKpoimLFUTIrR1QMLoTuX6KE=&xsec_source=pc_search,（浮华梦）前世今生版,2024/08/23,0,2979,61,75,2979,,#短剧浮华梦,,,
3790397d,小红书,https://www.xiaohongshu.com/explore/66bec2690000000025033f76?xsec_token=ABbKtG2nSCF3XonZ1cg1CVJzYJf2mgnpySxZGlfUxJcfk=&xsec_source=pc_search,（浮华梦预告）你是虚拟的，但我的爱不是。,2024/08/16,0,3130,109,207,3130,,#短剧浮华梦,,,
58369e05,小红书,https://www.xiaohongshu.com/explore/66bec2590000000025033dec?xsec_token=ABbKtG2nSCF3XonZ1cg1CVJxkZu9Ct8WhIp9U8QsyXN_0=&xsec_source=pc_search,（浮华梦）乙女游戏，不就是一堆真香数据而已,2024/08/16,0,40000,434,556,40000,,#短剧浮华梦,,,
40dd8dfd,小红书,https://www.xiaohongshu.com/explore/66bc606d000000001e01ba55?xsec_token=ABoeZFhl7CMtbxZ9vJoggtFlrxcLa1uYwS3PVl_X8BANI=&xsec_source=pc_search,和纸片人谈恋爱的游戏，有什么好玩的…,2024/08/14,0,8216,132,121,8216,,#短剧浮华梦,,,
6d62f5aa,小红书,https://www.xiaohongshu.com/explore/66bc3589000000001e01f94e?xsec_token=ABoeZFhl7CMtbxZ9vJoggtFqbguZw_S_SIcZQT49NrrU0=&xsec_source=pc_search,我一个大男人玩什么乙女游戏！！,2024/08/14,0,5216,101,217,5216,,#短剧浮华梦,,,
dca2cd2f,小红书,https://www.xiaohongshu.com/explore/663651c7000000001e03af83?xsec_token=ABzYeaVW9Fn8pA4xs_JHySR2eneSfWeHre-KcvnmzBv94=&xsec_source=pc_search,这还帅不到你！？,2024/05/04,0,7131,276,110,7131,,,,,
dbd1fa34,小红书,https://www.xiaohongshu.com/explore/65f462c2000000000d00f1da?xsec_token=ABkeja8TOCUEybmLeXSz0DzQPO0khlSdID0cMP7nAFwu0=&xsec_source=pc_search,在这里，情爱是最不能信的东西。,2024/03/15,0,10000,161,63,10000,,,,,
c648f5df,小红书,https://www.xiaohongshu.com/explore/65d5c6e4000000000702475f?xsec_token=ABXA1hF2OJoMutkbh1Q5bdw0cwDLc6rHKHdMIAOOGBwdo=&xsec_source=pc_search,恋爱脑的战斗力为零！,2024/02/21,0,2779,128,75,2779,,,,,
cde0c6f1,小红书,https://www.xiaohongshu.com/explore/65d322ed0000000007007ac1?xsec_token=ABIKpMwuqKGPwp3hcrKuv33FmvpzoHtRUSi45QkAPJuc0=&xsec_source=pc_search,现在求饶来得及吗…,2024/02/19,0,6994,198,100,6994,,,,,
6d2fe487,小红书,https://www.xiaohongshu.com/explore/658583320000000034037dd6?xsec_token=ABLVIZ8xyOHf1rG6gwy6TowSs9pmbT2ozya_Urdc09cr4=&xsec_source=pc_search,祝你好梦，亲爱的猎物。,2023/12/22,0,6738,170,86,6738,,,,,
860d58a9,小红书,https://www.xiaohongshu.com/explore/654667fb000000001f03ac14?xsec_token=AB4LixN_ZTd3Kprspcrv38AkHlwEfo65qcj2CBWnHMAgA=&xsec_source=pc_search,一场为月经污名化的平反。,2023/11/05,0,31000,479,501,31000,,#自由点益生菌,,,
83476061,小红书,https://www.xiaohongshu.com/explore/6538de8c000000001e022c35?xsec_token=ABs3ulbfvxJG_O5_sN9iaiZz7v3iLroqb_xezxfs-k_uA=&xsec_source=pc_search,还以为是同一个人，原来是一对儿？！,2023/10/25,0,15000,359,214,15000,,,,,
0b5ecd6d,小红书,https://www.xiaohongshu.com/explore/651a96d6000000001f03ad1e?xsec_token=ABl46ng8D2rKT0QB57RZOSc7Y7UOCC6viISaXVOadper0=&xsec_source=pc_search,食腐寄生变异体：你们看着，似乎更好吃。,2023/10/02,0,355000,3605,3605,355000,,,,,
65545cbd,小红书,https://www.xiaohongshu.com/explore/6513f8040000000020001661?xsec_token=ABpR0md1ISz7ZWNMs0E6TQGsKdv33z8OjZ_ns1UXlhCqk=&xsec_source=pc_search,打工人！主打的就是一个能屈能伸！,2023/09/27,0,41000,556,383,41000,,,,,
340a280c,小红书,https://www.xiaohongshu.com/explore/650d815b000000001e0294fa?xsec_token=ABvq-jqmv2mFvNAP0UGKmqFOvrhp9z3HvxN9Mg4Dzu7MQ=&xsec_source=pc_search,救救我，不要丢下我。,2023/09/22,0,66000,442,181,66000,,,,,
201a7c53,小红书,https://www.xiaohongshu.com/explore/65099503000000001e02e906?xsec_token=ABoJTmx8QLNQiHmZ3lm8j4I9vQkDl0zAsOWDiavOsYgWE=&xsec_source=pc_search,虫女｜我吃下了一朵花。,2023/09/19,0,6347,108,40,6347,,,,,
bbb460d6,小红书,https://www.xiaohongshu.com/explore/64e4af62000000000103e9a4?xsec_token=ABhpVGs4A7_2Nt2nuuE4pw3nbqpTJMEVmdvv_pFFEr7ts=&xsec_source=pc_search,自你之后，我再没相信过她人。,2023/08/22,0,16000,237,98,16000,,,,,
b826b534,小红书,https://www.xiaohongshu.com/explore/64d077b4000000001201eebc?xsec_token=ABzMha484O1J40yfZHuQuNcsTSeKaGgqZVDTp7QjgeScc=&xsec_source=pc_search,我的成人礼，想要你。,2023/08/07,0,5845,200,50,5845,,,,,
cb85cb4b,小红书,https://www.xiaohongshu.com/explore/64cf9f1d000000000c0373d0?xsec_token=ABDKum8Tf2B8LDO6KhkMHrkbUZ2GuGdwrK05NTSkpPghg=&xsec_source=pc_search,伪骨科）虽没有血缘关系，却都留着黑色的血。,2023/08/06,0,19000,229,164,19000,,,,,
41a39975,小红书,https://www.xiaohongshu.com/explore/64cdce4e000000001701bc52?xsec_token=ABP_sVJsKqenu9GOdD_dPaMbeuV51flJGMHp0uE7W-Sa4=&xsec_source=pc_search,别回头，陪在你身边的人只有我。,2023/08/05,0,1802,101,5,1802,,,,,
f1c3160f,小红书,https://www.xiaohongshu.com/explore/64b12207000000003401610b?xsec_token=ABXl_6maBgwSwPYpn5YT2kULUSAq6cXSOnNhtv0YQ9-2o=&xsec_source=pc_search,这便是，最后一课。,2023/07/14,0,6126,213,280,6126,,#米哈游#崩坏星穹铁道#崩坏星穹铁道创作者激励计划#景元#镜流#彦卿#星穹铁道男团,,,
717a76ef,小红书,https://www.xiaohongshu.com/explore/64ae60e4000000002b03fe79?xsec_token=ABK_C6sbK8dJGZqMVyv6PMabiEkUlKR3vk9s1wREdj6jQ=&xsec_source=pc_search,可惜故事已经发生，可惜我无法改写。,2023/07/12,0,5995,110,55,5995,,,,,
51061ea6,小红书,https://www.xiaohongshu.com/explore/64a924ba0000000035008d3e?xsec_token=ABtekbcdgbPUUH8d90-CXuIatACstGiDzRszteEKljy3g=&xsec_source=pc_search,是以旁观者清，却发现自己早已身在局中。,2023/07/08,0,4376,63,22,4376,,,,,
fcea325c,小红书,https://www.xiaohongshu.com/explore/649bf8d5000000001203fb6d?xsec_token=ABLtHuck00kYo-t1SbTXlbins-CNGjJ7Q36qi5LW3pXvQ=&xsec_source=pc_search,可是，他不爱我啊。,2023/06/28,0,8773,116,53,8773,,,,,
09f821dc,小红书,https://www.xiaohongshu.com/explore/6492bd5a000000000800e1aa?xsec_token=ABwO11b-j7mfq6mMmMHZS5AJWAj7qsxgUdrZ6D1-Cy6MQ=&xsec_source=pc_search,我们就停在此刻吧。,2023/06/21,0,5726,130,25,5726,,,,,
5eaafbad,小红书,https://www.xiaohongshu.com/explore/6479c54d0000000013010929?xsec_token=ABAEFcZC_VwSGHiH_T4FuC8QFT1-Ao4F-RSUI-FsUkTlA=&xsec_source=pc_search,君子报仇十年不晚！,2023/06/02,0,5315,100,38,5315,,,,,
78f0b122,小红书,https://www.xiaohongshu.com/explore/64770d2300000000130064fc?xsec_token=ABvhcHNYbPiLds24jK0DkhYDjo6cB2D1_jkWkfCI5wjhY=&xsec_source=pc_search,啊！真是诡计多端的…,2023/05/31,0,10000,141,97,10000,,,,,
283e2a95,小红书,https://www.xiaohongshu.com/explore/646346ba00000000270112df?xsec_token=ABqqUERrFmSHWJKvGlEWyAVi96ZMXejRVH4FcV5lV5TTg=&xsec_source=pc_search,狐狸和猫的争宠日常。,2023/05/16,0,8599,74,44,8599,,,,,
d561a73e,小红书,https://www.xiaohongshu.com/explore/644259d1000000002702a444?xsec_token=ABcFM-vQzAPAi_pJkEB4-FsKTeMdTRuxTopioo8T71Bxg=&xsec_source=pc_search,就是人菜瘾大！怎么样！（理直气壮,2023/04/21,0,11000,208,130,11000,,,,,
98027ea9,小红书,https://www.xiaohongshu.com/explore/6437d15d0000000013004258?xsec_token=ABg9xLE92L1xuwao_aJHpmTBie0KXVTQZfvAN6vqzV3pU=&xsec_source=pc_search,你听到了吗，我震耳欲聋的思念。,2023/04/13,0,7681,125,69,7681,,,,,
80a88d2d,小红书,https://www.xiaohongshu.com/explore/64310a39000000001300071a?xsec_token=ABxvOOty7A4IBHa0m442lpnu7Q43u9JmHQy-82FiDSWZ8=&xsec_source=pc_search,所以我该爱上的，到底是哥哥，还是弟弟…,2023/04/08,0,15000,158,115,15000,,,,,
39bf3367,小红书,https://www.xiaohongshu.com/explore/642790730000000027012610?xsec_token=ABYFKAZWOI7Soo4p_ZjeoINkkc9oLXTJo-KkRhxr9VGSw=&xsec_source=pc_search,一个平平无奇的偷心盗贼罢了～,2023/04/01,0,22000,233,249,22000,,,,,
8c56bfad,小红书,https://www.xiaohongshu.com/explore/641c4f1500000000270120a6?xsec_token=ABNWOYW3iDAsWMjmDQsxGw3-JiFyov4QcK85d_Byzt7E4=&xsec_source=pc_search,我说我怎么都遇不到桃花呢！,2023/03/23,0,36000,308,260,36000,,#梦幻西游手游#梦幻西游手游周年庆,,,
d6ea4899,小红书,https://www.xiaohongshu.com/explore/64101c64000000001303281f?xsec_token=ABlt-AR7SjDAcma1ljcjiCBrnZeRzVuZe8IFtJanIV3gk=&xsec_source=pc_search,当心动对象主动献身该怎么办？在线等！,2023/03/14,0,17000,300,452,17000,,#短剧东栏雪#圻夏夏#锦超,,,
a6853d15,小红书,https://www.xiaohongshu.com/explore/6402d48b0000000027029f8d?xsec_token=AB6oXH-D6vK7UChrv0JdXgV2n3-dG0058pkPTFlvPLGqI=&xsec_source=pc_search,玉兰沾香，那是我们的故事。,2023/03/06,0,4529,80,58,4529,,#祖玛珑神仙颜值限量香#把新中式穿身上#今天穿什么香#这种感觉的香水#笔记灵感,,,
301a301f,小红书,https://www.xiaohongshu.com/explore/6402d5840000000013036a7b?xsec_token=AB6oXH-D6vK7UChrv0JdXgV_BPhn8ytsZJppN7MGgTWj4=&xsec_source=pc_search,打戏真不戳呀！我们不愧是宫廷江湖剧～,2023/03/04,0,20000,390,610,20000,,#短剧东栏雪#东栏雪,,,
1b9adc0a,小红书,https://www.xiaohongshu.com/explore/6400730e000000002702bc55?xsec_token=ABqpH7Eya26Hn_RvZzFJf3sGamNihswBa0SBSGf13eIr4=&xsec_source=pc_search,我们不需要救赎。,2023/03/02,0,9419,132,276,9419,,#东栏雪,,,
8f8f1510,小红书,https://www.xiaohongshu.com/explore/63f5f1c6000000002700246e?xsec_token=AB7aom3tslunGuAlHaNAy7mJtuXHvms6feLGzERht2vYA=&xsec_source=pc_search,我喜欢你，只因为你是你～,2023/02/22,0,16000,175,310,16000,,,,,
54baee18,小红书,https://www.xiaohongshu.com/explore/63edf4010000000013033959?xsec_token=ABjes5ABwWBlTf97u6wjNGx8qkFRrmuMKguRIVSMwPTfM=&xsec_source=pc_search,我好像在等见到你的这一刻，等了很久。,2023/02/16,0,5596,72,50,5596,,,,,
7bb664ef,小红书,https://www.xiaohongshu.com/explore/63da2a7b0000000008021763?xsec_token=ABA7wWHT-yG3NYzwCfvj-EhhOAy_skYSW9D6_tMfISfEI=&xsec_source=pc_search,乱臣贼子又如何，我要的是赢。,2023/02/01,0,24000,646,646,24000,,,,,
3f4aa2cc,小红书,https://www.xiaohongshu.com/explore/63d616eb000000000d01fd1e?xsec_token=ABQSMd_ATfZs2YdrHFK21tWQoHjGiZR_-RMHUXIGYyhZ8=&xsec_source=pc_search,没点本事自然是活不到今日…,2023/01/29,0,35000,282,238,35000,,,,,
19f4680e,小红书,https://www.xiaohongshu.com/explore/63ca839c00000000040051cd?xsec_token=ABAJIa_lrI0DRsFa5LMispLN6wqCieZQXm8uJ3eXI8p14=&xsec_source=pc_search,原来是年兽啊！！,2023/01/20,0,17000,174,112,17000,,,,,
e485946a,小红书,https://www.xiaohongshu.com/explore/63b26010000000001b016839?xsec_token=ABA63o8aFY06qG-PBcShgOAUULLUIVlD8dA46XYidKrZw=&xsec_source=pc_search,好可惜啊，还以为我们会同路呢…,2023/01/02,0,12000,152,92,12000,,,,,
39e3195f,小红书,https://www.xiaohongshu.com/explore/63a2d16d000000001f025842?xsec_token=ABKl_YspHNqm58R_VLo0RdfEcOMvb9eii9g-zJx3K_uOk=&xsec_source=pc_search,一个顶替兄长身份不择手段为兄报仇的公主。,2022/12/21,0,31000,680,564,31000,,,,,
a7039ae0,小红书,https://www.xiaohongshu.com/explore/63915377000000001c034f84?xsec_token=ABoaVe9t9vqOC_2XmPhhSw44YQOOs1vXI7M0Z5FJwy-4I=&xsec_source=pc_search,阿七，我带你去看花。,2022/12/08,0,11000,168,222,11000,,,,,
80cfc035,小红书,https://www.xiaohongshu.com/explore/63887186000000001f0245cb?xsec_token=ABRGHzrAWBh_TC-c4T7O-A-jmpFniNCkwWC87p3Bb3Kfg=&xsec_source=pc_search,去年拍的电影终于要上线啦～,2022/12/01,0,11000,210,108,11000,,,,,
5fe9c0e4,小红书,https://www.xiaohongshu.com/explore/637a11b2000000000d02510f?xsec_token=ABVYEilvc8Bh2eLTFMDVqCg6DCnnNp1RLsbNqio_3imjc=&xsec_source=pc_search,你知道兰因絮果这句话吗？,2022/11/20,0,9804,138,143,9804,,,,,
4ee79dd0,小红书,https://www.xiaohongshu.com/explore/6376d4d0000000002203947e?xsec_token=AB_TuRRMYfG6bIvp0DC2c_lqKDR72za3jY5Q8HOPzzczE=&xsec_source=pc_search,我们相爱一生，一生还是太短。,2022/11/18,0,60000,529,653,60000,,,,,
dc1b905f,小红书,https://www.xiaohongshu.com/explore/636e44c6000000002301fbf1?xsec_token=ABFpjDkPj6MoF5eH9gdvqwWAKYjR4-KyVoidpQ4ats_wA=&xsec_source=pc_search,我来拿回属于我的东西，有问题吗？,2022/11/11,0,7812,145,67,7812,,,,,
057136ca,小红书,https://www.xiaohongshu.com/explore/635215600000000016019d9a?xsec_token=ABrBSARELBR4ZBE4k61kRktp1RGM0Bhe69QcnSauXRTxE=&xsec_source=pc_search,浑身上下就只有嘴是硬的嘛？,2022/11/02,0,139000,585,802,139000,,,,,
c0661242,小红书,https://www.xiaohongshu.com/explore/633aa8a6000000001c030fb3?xsec_token=ABBj3RN86LXIVFWZJYsAlsOF0vRLU-Sy06aMSNWGfR4qc=&xsec_source=pc_search,同样的招数我都用几百年了…,2022/10/03,0,10000,175,181,10000,,,,,
29342b74,小红书,https://www.xiaohongshu.com/explore/63395589000000000b010a33?xsec_token=ABH9W38EQQoO_S_gvZSAQpZTXQevXKUyf46gKMw5gTcZM=&xsec_source=pc_search,若非要说这世上有什么难解的题，那只能是..,2022/10/02,0,7576,139,142,7576,,,,,
6e71d29e,小红书,https://www.xiaohongshu.com/explore/631b00cb0000000013038f38?xsec_token=AB3VMnGPjW0oWeX3DTGQmDKxBGMXd1UIIZZbtRH-jL_Po=&xsec_source=pc_search,抓到你的心了哦，魔君大人。,2022/09/09,0,36000,615,696,36000,,,,,
0c53fd51,小红书,https://www.xiaohongshu.com/explore/630db0bb000000000900c7bc?xsec_token=ABA9nrpNWfNdrOKCR4TvsDv1JPrGXKeBWadKQ7bBv0aa4=&xsec_source=pc_search,这就是传说中的包办婚姻？,2022/08/30,0,93000,1169,1726,93000,,,,,
e88717a9,小红书,https://www.xiaohongshu.com/explore/6300dcb0000000001b0215f5?xsec_token=ABvuepbHFdg1Gc_XYJCoROST32B-sBlXg8kX4xdlKzOfg=&xsec_source=pc_search,海岸、晚霞、你。,2022/08/20,0,10000,202,63,10000,,,,,
aad67354,小红书,https://www.xiaohongshu.com/explore/62ef3911000000001b0272ee?xsec_token=ABiJWcEvMqP--WzFHt3as7alpfbn07wmc8eXBOssz3kQU=&xsec_source=pc_search,若不是师父自愿，凭我的本事又怎能困得住你？,2022/08/07,0,21000,494,406,21000,,,,,
8690de72,小红书,https://www.xiaohongshu.com/explore/62ece72d000000001b01ef01?xsec_token=ABIl8QsskzxM80TfCc8_Vu9QMHb6LEw79QfAuWVXKnF5Q=&xsec_source=pc_search,你你你..你怎么能用我的身体做这种事！！,2022/08/05,0,42000,1211,1626,42000,,,,,
0e395d3c,小红书,https://www.xiaohongshu.com/explore/62e7991500000000110120e6?xsec_token=ABaK5jIQSU-AD3ExHb0VwkczZHIMje_YcalVJexsH87M8=&xsec_source=pc_search,我们怎么会走到今天这个地步呢？,2022/08/01,0,9643,155,48,9643,,,,,
a4c084c2,小红书,https://www.xiaohongshu.com/explore/62e68e06000000002302a7e4?xsec_token=ABZnNTRZ_mVndybBWsKZqjauJn0N82npVACtztWHRrrlw=&xsec_source=pc_search,再见啦，大海～,2022/07/31,0,2292,122,5,2292,,,,,
10576fda,小红书,https://www.xiaohongshu.com/explore/62e0af8b000000001c015624?xsec_token=AB3RLFuGQsUSR-N-I598j4at5F6NeI7Jh9EqIc9T0OOYo=&xsec_source=pc_search,热烈的爱总会有被回应的一天吧。,2022/07/28,0,47000,716,902,47000,,#TF礼物#TF白麝香枕边白昼礼盒,,,
fb7901d2,小红书,https://www.xiaohongshu.com/explore/62de60cd000000001b03d493?xsec_token=ABt8oFHIIqG1zItpH_Qy9uKS_-iv2zD70CvDxK4GSUlQY=&xsec_source=pc_search,爱意只是深藏，而从未消散。,2022/07/25,0,8803,153,94,8803,,,,,
b81af6a5,小红书,https://www.xiaohongshu.com/explore/62dbc347000000001b01b955?xsec_token=AB8GKysuvt7fmqzsfhAORIzFOKOxuYNaHNavUDD-VCCEk=&xsec_source=pc_search,试问，谁能拒绝直球弟弟的表白呢？！,2022/07/23,0,20000,280,355,20000,,,,,
d27051de,小红书,https://www.xiaohongshu.com/explore/62da85180000000011010702?xsec_token=ABxSCox_HqmM4FHEoFbj7cTgQ8CzxXNxHxRw7Oc11sZcY=&xsec_source=pc_search,我终于在打戏里站起来了！,2022/07/22,0,5863,153,53,5863,,,,,
5e40c157,小红书,https://www.xiaohongshu.com/explore/62d7d3320000000012001fe6?xsec_token=ABGMiWYwh7_SoW-58J_O9K5-NrFHZNo-AnETVUXQjLsLQ=&xsec_source=pc_search,拥抱就不用了吧，他会生气的,2022/07/20,0,40000,228,199,40000,,,,,
2e6a32cf,小红书,https://www.xiaohongshu.com/explore/62d7d25800000000120116e2?xsec_token=ABGMiWYwh7_SoW-58J_O9K53F2gkqpAZoxa_iQAU5Z9b8=&xsec_source=pc_search,怎么办？我被困在了梦里！！,2022/07/20,0,20000,280,272,20000,,,,,
40ed0b4e,小红书,https://www.xiaohongshu.com/explore/62d38f43000000002103f7a8?xsec_token=ABBWLkze5wXprAwsL5u9SjLqyNiquHUpEXfbRo1gMvb8Y=&xsec_source=pc_search,（预告二）欢迎来到 答案之书～你好啊，有缘人。,2022/07/17,0,4201,76,27,4201,,,,,
b880d544,小红书,https://www.xiaohongshu.com/explore/62d131c70000000001027236?xsec_token=ABf1nsmxU1pd-VrAksLGuBJMRUaZ_BU_cMZdK7J3Gn0DU=&xsec_source=pc_search,（预告一）好想她能多在乎我一点…,2022/07/15,0,5347,92,33,5347,,,,,
06b29530,小红书,https://www.xiaohongshu.com/explore/62aea00e000000002103e2f8?xsec_token=ABTx0SFsvMNYZBsHek2sVMrsE38ph7bSFCFSYGCTfEjik=&xsec_source=pc_search,“得寸进尺又怎样，有本事你亲回来啊？”,2022/06/19,0,53000,279,298,53000,,,,,
ef970cbd,小红书,https://www.xiaohongshu.com/explore/62a1baf8000000001b036133?xsec_token=AByBpm8vY3q2JEllCxokneT2kMPjQ8FvgqlfQ3ozaWrC4=&xsec_source=pc_search,“别怕，以后有我。”,2022/06/09,0,5745,130,117,5745,,,,,
4d815ee5,小红书,https://www.xiaohongshu.com/explore/6290a6450000000021038fce?xsec_token=ABpMs5xfkjnnQAQ8DZxpTiVjZ4zu87ntXQz5scu0vyhXE=&xsec_source=pc_search,逍遥生 你怎么来了？,2022/05/27,0,13000,131,95,13000,,#梦幻西游手游,,,
29e3ab87,小红书,https://www.xiaohongshu.com/explore/62886d6f000000002103bb13?xsec_token=ABS8-Le7WvkIdseempExbazSR28jQNlxKPlxmblNV49TY=&xsec_source=pc_search,“何必吃自己的醋呢？”,2022/05/21,0,44000,579,1079,44000,,,,,
a04b85b0,小红书,https://www.xiaohongshu.com/explore/62875ec1000000002103fc59?xsec_token=ABPDnxLtuIXFzfvQODnzkHbEF-v2E0FEgpjZtzm7Kai2w=&xsec_source=pc_search,这个春天也要过去了呀～,2022/05/20,0,3272,165,23,3272,,,,,
4302113f,小红书,https://www.xiaohongshu.com/explore/6284c2d7000000002103b523?xsec_token=ABquiJcfWdB1A_frHFC-d9sCJZEo6q4hF_YUxQpRBPqQk=&xsec_source=pc_search,先生不必见外～,2022/05/18,0,6727,124,97,6727,,,,,
550e4951,小红书,https://www.xiaohongshu.com/explore/627f978a0000000001028b08?xsec_token=ABSAoclnGXabQczADnG8LY0HI9sln-Q7obssvb5fxdfnQ=&xsec_source=pc_search,你身上有光…,2022/05/16,0,99000,899,1900,99000,,#520种新意告白#520爱的表白#迪奥玫瑰小粉钻#迪奥烈艳蓝金唇膏#圻夏夏#锦超,,,
0efa5a72,小红书,https://www.xiaohongshu.com/explore/6280c6f600000000010249cd?xsec_token=ABKNILjXheOvPIcImiHuXEus8J1XrZZUEsxwDyeejnvqY=&xsec_source=pc_search,当我与教书先生灵魂互换后…该做些什么呢？,2022/05/15,0,5961,135,99,5961,,,,,
8d960236,小红书,https://www.xiaohongshu.com/explore/6278f0a500000000010290d6?xsec_token=ABRxT-cJ9kJHGogdY1BRpvsottfrUF554iFSmDDSEDZvU=&xsec_source=pc_search,我从不信天命，我只相信命运要握在自己手里,2022/05/09,0,6646,143,112,6646,,,,,
67cd8535,小红书,https://www.xiaohongshu.com/explore/6270b76700000000010281f8?xsec_token=ABtInvCEo4puvdkmpKMYtZGk4s9uaqf4OLZVnLU1Ssbio=&xsec_source=pc_search,其实吧，恋爱这种事情，也是需要学习进步的～,2022/05/03,0,7555,129,100,7555,,,,,
de244d0a,小红书,https://www.xiaohongshu.com/explore/626d06d2000000002103c57e?xsec_token=AB5TVvHsYqzt0c47cVQmXzEcEktnfykFvkTUXH5rd7_JE=&xsec_source=pc_search,道歉只是表现形式，而爱你才是本质啊～,2022/04/30,0,146000,1090,2890,146000,,,,,
d08dcc5a,小红书,https://www.xiaohongshu.com/explore/62666314000000000102d932?xsec_token=ABsjKrULdxqT3S3Ln9LkAU29yP4-U4sOWt6TvGxuKz25g=&xsec_source=pc_search,（预告）夕阳里藏着爱意，如果可以的话…,2022/04/25,0,6544,125,116,6544,,,,,
76f88d49,小红书,https://www.xiaohongshu.com/explore/625d2f660000000021038742?xsec_token=ABpUGwlfqtzBmCW0poOe2DIJ-GJ1oW8b9O6pWqOPy-Dh4=&xsec_source=pc_search,解锁隐藏剧情。,2022/04/18,0,20000,334,379,20000,,,,,
93a5c754,小红书,https://www.xiaohongshu.com/explore/6253ef05000000000c033baf?xsec_token=ABvWBbz7x16sCqMyravacWjLMhYwAkAmMRXJghXvIMySI=&xsec_source=pc_search,（番外）你这是要打架的意思吗，老东西？,2022/04/11,0,14000,243,238,14000,,,,,
decbd0ef,小红书,https://www.xiaohongshu.com/explore/624d5b33000000000102a7bf?xsec_token=ABc50GMzbdL6sdcKAJuxUKTKDNsXWyoqBfxAR9nG8SEWQ=&xsec_source=pc_search,（妖与仙番外）“小仙君不喜欢我穿成这样？”,2022/04/06,0,12000,162,144,12000,,#圻夏夏#锦超,,,
8eec9601,小红书,https://www.xiaohongshu.com/explore/624a64bb000000002103e8e7?xsec_token=ABWPGbxRPkSFF0WOIYCJmbfjPbnx51cPxv3gWrnGDfbm8=&xsec_source=pc_search,又双叒叕打起来了！,2022/04/04,0,3754,102,34,3754,,,,,
b4ae8a90,小红书,https://www.xiaohongshu.com/explore/62482b1e00000000210344d5?xsec_token=ABZ8UTL8WiZuS20HdXxrCp8WvBIAetD4QOmBaJ_8pO4JA=&xsec_source=pc_search,（恶人组）不想你入地狱的是我..,2022/04/02,0,7459,141,237,7459,,#圻夏夏,,,
a19eed28,小红书,https://www.xiaohongshu.com/explore/6246c0810000000021035d28?xsec_token=ABb5USf8ddk66ZVeyoSXep7FKpFQFfhf26f_7J0Ybx75k=&xsec_source=pc_search,（预告）我知道殿下从未动心，所以我也是。,2022/04/01,0,7035,134,37,7035,,#圻夏夏,,,
4f116e8d,小红书,https://www.xiaohongshu.com/explore/6242873f000000000102c97b?xsec_token=ABCNp2U5LMkgPKYyGKdQClarpDPW03MYTluRqNaWozMhI=&xsec_source=pc_search,原来我无法学会的，是她不爱你的样子。,2022/03/29,0,6378,117,73,6378,,,,,
72aeb947,小红书,https://www.xiaohongshu.com/explore/62387251000000002103e885?xsec_token=ABf3JyhnmcU4oC0LeprOz1I3hcKlyCUwNA7PcxCOI2_5Y=&xsec_source=pc_search,论一次拍摄要准备几套造型,2022/03/21,0,3482,196,29,3482,,,,,
8edd9e19,小红书,https://www.xiaohongshu.com/explore/6236b6db0000000001027e50?xsec_token=AB76Dv8n6s-_mvJ785kNNs8-gmoLG_I1Ol0P3fmR8U1lo=&xsec_source=pc_search,“原来他该爱上的人不是我…而是你。”,2022/03/20,0,6865,184,172,6865,,#圻夏夏,,,
06e66282,小红书,https://www.xiaohongshu.com/explore/62344a3f00000000210343e5?xsec_token=ABGQN82yDUhJyPw9OksBpBqPVFDvVEaLD0OJXzPGayZAg=&xsec_source=pc_search,（预告二）即使知道了结果，还是会飞蛾扑火吗？,2022/03/18,0,6411,103,61,6411,,#圻夏夏,,,
1905b884,小红书,https://www.xiaohongshu.com/explore/6231971b00000000210360de?xsec_token=ABg1qt4-0Okh-PRgKLUCu7STUrt70NA_jjpg4JE7phUSE=&xsec_source=pc_search,（预告一）那…我们约定好了！,2022/03/16,0,7413,191,117,7413,,,,,
ccd9f883,小红书,https://www.xiaohongshu.com/explore/622843430000000021035333?xsec_token=AB6JEiJpDnAyDzRsJzqAi-e5QbkrHclbhFenYcTT8X9Kc=&xsec_source=pc_search,那你打算，如何伺候我呀？,2022/03/09,0,6683,135,261,6683,,#长公主在上,,,
840884a2,小红书,https://www.xiaohongshu.com/explore/6220ced90000000021037a4f?xsec_token=ABixJLFwLKIkhZNKVG86Uwu4VTF9BDZSoG-UBddhN22M4=&xsec_source=pc_search,江南。,2022/03/03,0,18000,358,164,18000,,#圻夏夏,,,
d6650ab7,小红书,https://www.xiaohongshu.com/explore/6219a678000000000102623b?xsec_token=ABTiYa323WD0_7zLVcCLE7ZY4iJwYUylSKImbSq_ppeYg=&xsec_source=pc_search,你动心了。,2022/02/26,0,17000,344,640,17000,,#长公主在上#圻夏夏,,,
1d2a68cf,小红书,https://www.xiaohongshu.com/explore/621354570000000021035ea1?xsec_token=ABdlOb8k-KIZjcdkUe6MeIWXzghWfOMHbr2aeFL-0DnnQ=&xsec_source=pc_search,若不是私心，我怎会奉你为主？,2022/02/21,0,7303,148,118,7303,,#圻夏夏,,,
a361c7ce,小红书,https://www.xiaohongshu.com/explore/620b19030000000001027831?xsec_token=ABtqondbu1KAlIZmsla4rWAEtIoC6fgnkEMwS8k-4Xs3E=&xsec_source=pc_search,小仙君想逃到哪里去呀？,2022/02/15,0,31000,848,2720,31000,,#圻夏夏,,,
2e7a5cb5,小红书,https://www.xiaohongshu.com/explore/62077ddf000000002103e84f?xsec_token=ABBoe-6xb9NP8MunKotNImOzUrtXmGH12yY7qTx8YK3Cg=&xsec_source=pc_search,顾玄清一把推开了公主，并对皇上说…,2022/02/12,0,12000,197,348,12000,,,,,
75aac5c0,小红书,https://www.xiaohongshu.com/explore/62063bc8000000000102f366?xsec_token=ABUWf58c5KirT8g6KMyAVcf5qsooIrixa-HLHSfKreSLI=&xsec_source=pc_search,“真的好喜欢小仙君啊”“那我来帮你，可好？”,2022/02/11,0,24000,332,448,24000,,#圻夏夏,,,
3b169b64,小红书,https://www.xiaohongshu.com/explore/620234ed00000000210377e0?xsec_token=ABBx9GQnEdXadNFvmyeU4zeXjKNC1oFjlpxIBzmB7oWxI=&xsec_source=pc_search,我以玫瑰为信赠予你，许我的爱为占有,2022/02/08,0,3723,187,55,3723,,#祖玛珑神仙颜值限量香#香水瓶也有高颜值,,,
cd125536,小红书,https://www.xiaohongshu.com/explore/61fdd4710000000021034b41?xsec_token=ABaLNTFdVzt7o8TOWtcMxQjUooolxQgmcskoWq3nS89n0=&xsec_source=pc_search,后宫三千，我只要你。,2022/02/05,0,91000,1297,4064,91000,,,,,
5914b309,小红书,https://www.xiaohongshu.com/explore/61fb4ed8000000000102da26?xsec_token=AB7ddhHQYjZBcmZbtLF4G4dkfUmol--fUbK1lkj6eKfAE=&xsec_source=pc_search,不过是戏如人生罢了。,2022/02/03,0,9321,113,41,9321,,#圻夏夏,,,
db1ac4cd,小红书,https://www.xiaohongshu.com/explore/61f6a496000000000102e8a5?xsec_token=AB9JOX2HTgc9IAgrNTZixjxWoVVfCxldsDd1LHyR3_d8c=&xsec_source=pc_search,“为什么不动手？”“嘶..我有点喜欢她”,2022/01/30,0,45000,420,828,45000,,,,,
146e7368,小红书,https://www.xiaohongshu.com/explore/61f3b4ab0000000001029661?xsec_token=ABFqE6xzxZMoHrx0pv9EL--wsdNrR3FRyDJa3XO_AOqRY=&xsec_source=pc_search,我知道其实我的手段并不高明，只是我赌赢了,2022/01/28,0,10000,336,300,10000,,#圻夏夏,,,
7c33c02f,小红书,https://www.xiaohongshu.com/explore/61f13c2c0000000001027033?xsec_token=AB0XTTE5cdXf7LezJ7sSVQ4Hbjts0xnE9kVbQNWabmNhk=&xsec_source=pc_search,（预告）如果是去见你，我一定会用跑的。,2022/01/26,0,20000,323,290,20000,,#圻夏夏,,,
e5d31e0a,小红书,https://www.xiaohongshu.com/explore/61e7d8fc0000000001027e0b?xsec_token=ABfxmtnj-e3L4MooGY3Zp8rMpmhsDV2M9wSkTpyabXjoA=&xsec_source=pc_search,（情人节特辑）契约的存在是因为喜欢啊～,2022/01/19,0,54000,706,2319,54000,,#圻夏夏#ysl1966#YSL情人节#情人节礼物,,,
ff6e650d,小红书,https://www.xiaohongshu.com/explore/61daae82000000002103b05c?xsec_token=AB00YLYz93XvDoKjg_pO3EIbR-NmaRH7_4523qxYpbY8Q=&xsec_source=pc_search,姻缘吧，上天既然安排了，就一定会让我们相遇,2022/01/09,0,40000,603,1115,40000,,#圻夏夏,,,
5371b88b,小红书,https://www.xiaohongshu.com/explore/61cfe9cc000000002103812e?xsec_token=ABoAJJ86BupH0JPHidJtGsg51gS3NIpMLPCzQDMftN298=&xsec_source=pc_search,只要你有心，我就能得到。,2022/01/01,0,11000,182,172,11000,,#圻夏夏,,,
d4111f66,小红书,https://www.xiaohongshu.com/explore/61cbc74a000000000102d48d?xsec_token=ABOKZJNMooLAYZAE3sCMgRLHpPufJ0B6XRHM4F-zK2B8Q=&xsec_source=pc_search,我以为你是真实的，可只是梦吗…,2021/12/29,0,11000,153,135,11000,,#圻夏夏,,,
16486f4a,小红书,https://www.xiaohongshu.com/explore/61c2e94a0000000021039efe?xsec_token=ABOxbnHmG7do9AxJenwNwDLUB-BZWboRafhJ6DS3CG8g4=&xsec_source=pc_search,许是从一开始，在花树下遇见的那刻起…,2021/12/22,0,19000,367,502,19000,,#圻夏夏,,,
7a7969d0,小红书,https://www.xiaohongshu.com/explore/61b83730000000002103f139?xsec_token=ABbCTEnXBjSZZ29YBhbdRtp0ZwtGbuJPaY3rRt1_tVNCs=&xsec_source=pc_search,女孩子的醋也吃吗？,2021/12/14,0,88000,359,565,88000,,,,,
b7cd4431,小红书,https://www.xiaohongshu.com/explore/61b3233a000000002103ecce?xsec_token=ABlWoP-X-fwiJ3-wplSUJVFIATDvkaBAC6Iid_fzMJiVY=&xsec_source=pc_search,真是可笑…我竟然还以为有一瞬你爱的会是我。,2021/12/10,0,48000,457,455,48000,,#圻夏夏,,,
87839959,小红书,https://www.xiaohongshu.com/explore/61b077220000000021039f36?xsec_token=ABvXsUxKfZbcgz6ZUREJx-8-F8MPBc7CPEyr05BFDB0zY=&xsec_source=pc_search,有韩剧那味吗？,2021/12/08,0,8768,142,56,8768,,#圻夏夏,,,
ad647315,小红书,https://www.xiaohongshu.com/explore/61af23bf0000000021034d76?xsec_token=ABuEUA_VP-hHPn5hjwZh2fy1BAfndU9HDy3nqMNOqI5_s=&xsec_source=pc_search,现在想来，过去的偏爱皆是为她…,2021/12/07,0,21000,437,637,21000,,#圻夏夏#古风视频,,,
5fa11cef,小红书,https://www.xiaohongshu.com/explore/61ac8e64000000000102ff23?xsec_token=ABXCIMzYZ6PhYUDVsIIuANmYSnwB5ZeRutg1NlrPCzmaI=&xsec_source=pc_search,你的壁纸，请查收～,2021/12/05,0,4866,244,48,4866,,#圻夏夏#YSL圣诞猎金派对,,,
5459e565,小红书,https://www.xiaohongshu.com/explore/61ab330d000000002103f8cd?xsec_token=ABQDQ0BWdAlXyjpF2kH3RvAxiLoDdmdfY-v3x6sCZQVrI=&xsec_source=pc_search,许是太过思念与不甘…,2021/12/04,0,11000,172,215,11000,,#圻夏夏,,,
13b1e644,小红书,https://www.xiaohongshu.com/explore/61a9dcbe00000000210361b7?xsec_token=AB9fQ0-XIe-OzTQhajVbDKc3hWIx42jV7IT4VZo-HQC3A=&xsec_source=pc_search,（ysl番外）做事情不能三心二意哦～,2021/12/03,0,33000,407,1003,33000,,#圻夏夏,,,
0501635c,小红书,https://www.xiaohongshu.com/explore/61a7954f0000000021036df6?xsec_token=ABF8W9GBxzUO-tl0Dlrg4Xa_whPfIDOaCW0EPx0PEtl3s=&xsec_source=pc_search,我也不想带他回家…可他撒着娇叫我姐姐诶,2021/12/01,0,170000,2236,9421,170000,,#圻夏夏,,,
c929d603,小红书,https://www.xiaohongshu.com/explore/61a76f460000000001029057?xsec_token=ABF8W9GBxzUO-tl0Dlrg4Xayc01khW5p_zmVr8o9zZHrc=&xsec_source=pc_search,所以说啊，男朋友还得是自己养大的才比较乖,2021/12/01,0,44000,1331,8174,44000,,#YSL302#YSL圣诞猎金派对#圻夏夏,,,
2b3eaced,小红书,https://www.xiaohongshu.com/explore/61a43cc20000000001028bae?xsec_token=ABY4HtYLWFEs2uHNRh6-iiYDsdiaxeUdFU9syDcU0Fas8=&xsec_source=pc_search,一起逛街呀！上海的宝藏三坑店！,2021/11/29,0,4740,58,37,4740,,#诗与万花镜#探店,,,
e87cd7b4,小红书,https://www.xiaohongshu.com/explore/61a0b13d000000000102f6db?xsec_token=ABSNPwbUfKZxLruGRw-OOtsk2Kuit5PslieC7LlWsbeTk=&xsec_source=pc_search,你亲了我，我就是你的人了～,2021/11/26,0,49000,595,874,49000,,#圻夏夏#古风视频,,,
39cc3e38,小红书,https://www.xiaohongshu.com/explore/61960ea3000000002103bbc3?xsec_token=ABKedo2c29NLy2KrJA_cQ3StJSPsvLNMkiLYKzzj7zf34=&xsec_source=pc_search,你心里清楚，我们从来都是一个人。,2021/11/18,0,6849,117,152,6849,,#圻夏夏#古风视频,,,
9652ddc9,小红书,https://www.xiaohongshu.com/explore/61939a5e000000002103c714?xsec_token=ABboyhm1G6D_iwvOFIFo-XTXibDnPozFM8ZyoInX5BQYU=&xsec_source=pc_search,善恶并存。,2021/11/16,0,5276,73,74,5276,,#圻夏夏#古风视频,,,
5e8e4009,小红书,https://www.xiaohongshu.com/explore/618e3031000000002103f847?xsec_token=ABIVUu06VojDBc0XbPUxptv5sCWWqyZ5tDrpGVn-V7NgA=&xsec_source=pc_search,“真以为自己是他？你永远变不成你哥哥！”,2021/11/12,0,11000,145,169,11000,,#古风视频#圻夏夏,,,
26d5dd7c,小红书,https://www.xiaohongshu.com/explore/618a41e60000000001027856?xsec_token=ABK-WQhktnI7vKV6QSgkPMhTzMd8WJdwvidGa5RlIYchw=&xsec_source=pc_search,“你同你哥哥长得，真是一模一样”,2021/11/09,0,55000,510,669,55000,,#圻夏夏#古风视频,,,
78f0cd73,小红书,https://www.xiaohongshu.com/explore/6184f7a1000000000102c816?xsec_token=ABOXaWajP2fkpG_4AFluizcd-nyeJl2gEK6SOiUe0hoDw=&xsec_source=pc_search,从来都只有自己才能拯救自己。,2021/11/05,0,7138,74,76,7138,,#圻夏夏#古风视频#海芙谜白月光,,,
35061e4e,小红书,https://www.xiaohongshu.com/explore/617faf02000000002103b369?xsec_token=AB9-vuReDnxCcuQ39tdHVIrYsH2Yevr4uz0qzvrylhNKM=&xsec_source=pc_search,原来所谓相爱，从一开始便是错觉。,2021/11/01,0,56000,684,883,56000,,#圻夏夏#锦超#古风视频,,,
9cd35342,小红书,https://www.xiaohongshu.com/explore/617d0b85000000000102444d?xsec_token=ABV6Z-XhC7XCNeWI3HNpPdKZj2ZWn76-px4mNRCEJ9CG0=&xsec_source=pc_search,终于，找到你了。,2021/10/30,0,29000,314,406,29000,,#圻夏夏#古风视频,,,
28622873,小红书,https://www.xiaohongshu.com/explore/617a6797000000002103dbaa?xsec_token=ABJ8MZvlUyjJFMWunFXdEjf8D8Q6ZXG1MgyLs86Jn6MtQ=&xsec_source=pc_search,“你喜欢她呀？就跟当初喜欢我一样？”,2021/10/28,0,8590,181,101,8590,,#圻夏夏#古风视频#圻夏夏#古风视频#圻夏夏#古风视频,,,
18dbd93a,小红书,https://www.xiaohongshu.com/explore/6177cee10000000001025151?xsec_token=ABc0-IzM3RTIM6EBXh-cicTuu5_xIUrSfp_yqFlZP8_j8=&xsec_source=pc_search,只是因为，像她…而已吗,2021/10/26,0,61000,815,1542,61000,,#圻夏夏#古风视频,,,
895739b8,小红书,https://www.xiaohongshu.com/explore/6173e03d0000000001028645?xsec_token=ABA0r2qWnf6u1re3oetd80V8dfsOI9I9yncJiE0nY6e1E=&xsec_source=pc_search,传说中，那傣族雨林里有宝藏..,2021/10/23,0,87000,269,562,87000,,#古风视频,,,
0c6b86bf,小红书,https://www.xiaohongshu.com/explore/61727f630000000001026383?xsec_token=ABDGT-LLRrRyMV-zDiNP-ZJT4bq7BBCdgLJXRELCM2tYI=&xsec_source=pc_search,私奔吧！,2021/10/22,0,16000,215,400,16000,,#圻夏夏#古风视频,,,
26962634,小红书,https://www.xiaohongshu.com/explore/617135170000000001024d3f?xsec_token=ABg8jFCp7Dt1bIuwaaIR4JCmKJjiXb516YgJ9K3brIMmU=&xsec_source=pc_search,这场赌局的输赢我不感兴趣…,2021/10/21,0,3285,48,11,3285,,#圻夏夏#古风视频#圻夏夏#古风视频,,,
a864b718,小红书,https://www.xiaohongshu.com/explore/616d604c0000000021039577?xsec_token=ABaBcKfxgmjWjQySjhb5i6TajVQqIlYKAq7vI6lik91J8=&xsec_source=pc_search,恨为剧毒，爱为解药。,2021/10/18,0,4891,53,20,4891,,,,,
a88f6d05,小红书,https://www.xiaohongshu.com/explore/6165512e0000000001026b8c?xsec_token=ABeSM1ojmNob2GUhBCsCLPWtrLZf899MwXmUGnprqQptE=&xsec_source=pc_search,（三兔系列完结撒花～）主动一点嘛，万一…,2021/10/12,0,12000,119,264,12000,,#圻夏夏#古风视频,,,
000db0ec,小红书,https://www.xiaohongshu.com/explore/61616140000000002103db03?xsec_token=ABocEwt1_mxLlNbF9efUPJ4ujYQefA2Kn6uIVBv2rjG4I=&xsec_source=pc_search,“北方的雪好冷啊，哥，带我回家吧”,2021/10/09,0,11000,99,117,11000,,#圻夏夏#古风视频,,,
b6dfb81e,小红书,https://www.xiaohongshu.com/explore/615e797c00000000010297c3?xsec_token=ABOo9TFi3z6meTipph3tyxUYfvQKklkMCGQezeJD-BPVw=&xsec_source=pc_search,（三兔番外五）那就一辈子咯，好不好？,2021/10/07,0,25000,354,633,25000,,#圻夏夏#古风视频,,,
b0b44635,小红书,https://www.xiaohongshu.com/explore/615bdbf7000000002103ea93?xsec_token=ABOJBYBRVXtdj9kaZ2wOBagCuyIHS7YcrC4UVxvLOfv_Y=&xsec_source=pc_search,以后跟着我吧，小乞丐。,2021/10/05,0,6711,248,241,6711,,#圻夏夏#古风视频#圻夏夏#古风视频,,,
7c8704be,小红书,https://www.xiaohongshu.com/explore/61596006000000000102ddfc?xsec_token=ABhL3MJp8IxFVdBJ31SQBu26mUE6wrT8_Q3_NAYk8_PGk=&xsec_source=pc_search,（三兔番外三）相信一见钟情嘛？,2021/10/03,0,10000,111,236,10000,,#圻夏夏#锦超#古风视频,,,
261ebde4,小红书,https://www.xiaohongshu.com/explore/6156c0e1000000000102cc15?xsec_token=ABuRa_ctdQEP_qsB_My-F0KULWEnDkj5grwSWbngdGXdI=&xsec_source=pc_search,哥，我可能没有办法和你一起回家了。,2021/10/01,0,24000,268,340,24000,,#圻夏夏#古风视频,,,
0ea251c5,小红书,https://www.xiaohongshu.com/explore/61543118000000002103be17?xsec_token=ABlCDKv8hkl8rlvsWiCz75WYVO17qRZb25LT6jFarcakk=&xsec_source=pc_search,哥，我不后悔。,2021/09/29,0,24000,282,315,24000,,#圻夏夏#古风视频,,,
e5abafc7,小红书,https://www.xiaohongshu.com/explore/615033d2000000000102b998?xsec_token=ABGSByI7ZQzzzIjKqhfUvDfirFxMs2f9hmxsoy7EbPAuI=&xsec_source=pc_search,不是儿臣变了，只是儿臣长大了。,2021/09/26,0,16000,291,467,16000,,#圻夏夏#古风视频,,,
53578637,小红书,https://www.xiaohongshu.com/explore/614d9da500000000010293c5?xsec_token=ABcwUjIykF9St_M866H_sM9bIBJGJu1mD5aNZm6MXZk_0=&xsec_source=pc_search,（三兔番外二）小老鼠有什么好怕的…,2021/09/24,0,7485,101,145,7485,,#圻夏夏#圻夏夏,,,
0704f94e,小红书,https://www.xiaohongshu.com/explore/614af034000000002103d553?xsec_token=ABAq4E7_LqiLsStOouJ6bl1ZNb8DJaHhY5NZz_0NHVNqA=&xsec_source=pc_search,别再等了。,2021/09/22,0,10000,147,223,10000,,#圻夏夏#古风视频,,,
15067a8e,小红书,https://www.xiaohongshu.com/explore/614ab98d000000002103faca?xsec_token=ABAq4E7_LqiLsStOouJ6bl1dVNssWJ0S2b7EpofgTBOU4=&xsec_source=pc_search,（预告）若我会是你往后的执念,2021/09/22,0,7766,105,92,7766,,#古风视频,,,
5144b4e5,小红书,https://www.xiaohongshu.com/explore/61480e850000000021036673?xsec_token=ABbrRVV_uwIdPwIF8ivFBfsCxwKnLed3WoqFlqDvmHCr0=&xsec_source=pc_search,（三兔番外一）中秋了，没月饼，就请大家吃糖吧,2021/09/20,0,35000,601,1754,35000,,#古风视频,,,
7788f8e3,小红书,https://www.xiaohongshu.com/explore/61408035000000000102edf5?xsec_token=ABSV8dqsiz1P84P7sE5tQrfePkadUPqG7C2_zaTIc9UCI=&xsec_source=pc_search,我总会陪着你的，姐姐。,2021/09/14,0,12000,235,944,12000,,#古风视频,,,
7b9245cf,小红书,https://www.xiaohongshu.com/explore/613c2f53000000002103cde3?xsec_token=ABKzcQcC_msnDMHLLWiXkpAy6X4i4ZqIeYiVtpeEbRrb4=&xsec_source=pc_search,“我写的小说里，徒弟偷偷喜欢师父..”,2021/09/11,0,14000,108,486,14000,,#古风视频,,,
c7de3ab9,小红书,https://www.xiaohongshu.com/explore/6139d1b30000000001024eb2?xsec_token=ABVdBXjq5EiIEn2zxTQXsGCIcBIo8TVHqyvCsePzpvSwI=&xsec_source=pc_search,那天是惊蛰，我看见了漫天花瓣。,2021/09/09,0,6897,117,422,6897,,#白蛇2青蛇劫起,,,
ec3d5738,小红书,https://www.xiaohongshu.com/explore/6131e6d9000000002103d2a3?xsec_token=AB1VDpIh4VvVL2hJf-3h-x7eZz74huVOG-178NYGqsYD4=&xsec_source=pc_search,夜夜笙歌。,2021/09/03,0,6669,115,150,6669,,#古风视频,,,
0b3c687b,小红书,https://www.xiaohongshu.com/explore/612e1702000000002103577f?xsec_token=ABjx1VUNsQUXhMvC_mDsLbceQMVB1Z4OfBiNHfhgQ7blw=&xsec_source=pc_search,（番外一）所以，即使只有我为你而来,2021/08/31,0,8239,171,131,8239,,#古风视频,,,
2dbc6d3a,小红书,https://www.xiaohongshu.com/explore/612ca2d800000000010265bf?xsec_token=AB6HMrSltcBpUEJ22onkzdIMLxmsPFTl5d4sUAkltqVws=&xsec_source=pc_search,你猜猜，你抓到的，是仙子还是妖怪？,2021/08/30,0,2585,80,25,2585,,,,,
acd36e31,小红书,https://www.xiaohongshu.com/explore/61275bcf0000000021037665?xsec_token=ABqkJFsXMZpdQ794Tyd2zChwY0hqpqI1HqyOaoahIlZs4=&xsec_source=pc_search,终究只是我们大梦了一场…,2021/08/26,0,19000,266,767,19000,,#古风视频,,,
c7bef5ff,小红书,https://www.xiaohongshu.com/explore/6124bc8c0000000021037961?xsec_token=ABF9R9ww3KmcpFPNYcCwOnc_ASlNkIuQOBJVyjmGbWdyI=&xsec_source=pc_search,这世间我来过一趟，还能遇见你…,2021/08/24,0,6493,140,294,6493,,#古风视频#花皙蔻,,,
1fc47dda,小红书,https://www.xiaohongshu.com/explore/611f97ba00000000010293d9?xsec_token=AB8MYG4oTTbLY5T2cJ4K06qJrrGGgQs52iBZoIvfnQq6U=&xsec_source=pc_search,长久的爱意从来不是单向奔赴。,2021/08/20,0,75000,845,2795,75000,,#香膏#三兔香膏,,,
15d6c49c,小红书,https://www.xiaohongshu.com/explore/611cc2f4000000002103b265?xsec_token=ABxuAG2S1hmlnIe3NZGX0EszlZI4RBAAAxKJJpy3DkpQw=&xsec_source=pc_search,（存档）GB真是令人上头的文学,2021/08/18,0,12000,280,700,12000,,#古风视频,,,
f117e3a9,小红书,https://www.xiaohongshu.com/explore/61174dcd000000000102ac7a?xsec_token=ABz31mr7LA197OoFEs9l21uO15qsZB6WlT1GhWE_cj-Cg=&xsec_source=pc_search,（预告）你是什么东西，也配来问我。,2021/08/14,0,5798,232,228,5798,,#古风视频,,,
53249a9e,小红书,https://www.xiaohongshu.com/explore/611654cc0000000001027913?xsec_token=ABjb2U_EoUGMXlyclBRkb24lTipzwpftPumc3gvC3j_v4=&xsec_source=pc_search,我永远记得，你…来过,2021/08/13,0,2415,35,30,2415,,#一生锁爱永结同心#古风视频,,,
1b07b7d4,小红书,https://www.xiaohongshu.com/explore/611483e90000000001024e0a?xsec_token=ABDIgn9CueEZ53cWuRTCLGejJ3xYZGQOWPu1uiBN_rpsc=&xsec_source=pc_search,（打戏）裂缝。,2021/08/12,0,3571,114,77,3571,,#古风视频,,,
6e9a9d0e,小红书,https://www.xiaohongshu.com/explore/611203f9000000000102a15d?xsec_token=ABVu3EuONE0GBvEkBlkYDDHSrgvrlVd1POPinfsSw4OMw=&xsec_source=pc_search,（预告）阿爹说的没错，女追男隔层纱～,2021/08/10,0,12000,126,167,12000,,#古风视频,,,
74c05bea,小红书,https://www.xiaohongshu.com/explore/610fa2f00000000021036f49?xsec_token=ABfUDbFunrkNDJKT6bpXD0RroPx1TnxE0v24BFNQzM6MU=&xsec_source=pc_search,好久没有画过女团妆了！！爱了爱了,2021/08/08,0,1200,41,2,1200,,#每日穿搭#每日穿搭,,,
6716dd93,小红书,https://www.xiaohongshu.com/explore/610cff7e0000000001029457?xsec_token=AB89uiMousQGpnoBEgGNXDg1elO2Bkw_IeDCvlXHls1KA=&xsec_source=pc_search,（预告）自己爱上自己是种什么样的体验。,2021/08/06,0,12000,180,191,12000,,#古风视频,,,
4eca453f,小红书,https://www.xiaohongshu.com/explore/610a539800000000010248ef?xsec_token=ABX_RK38beG2JDYof349I3nCRovIozB_MOT73QBZkUQzQ=&xsec_source=pc_search,你不哄哄我吗？好吧别生气，我自己哄还不行嘛,2021/08/04,0,30000,266,320,30000,,#古风视频,,,
bd91bd17,小红书,https://www.xiaohongshu.com/explore/610909b8000000002103798a?xsec_token=ABlRVXC-mfzobsnpzHFq5srhJjJcDZb_FAzSmj4dish08=&xsec_source=pc_search,一个黑帮大佬为爱成奴的小故事,2021/08/03,0,8300,110,82,8300,,#国风美人,,,
786a033b,小红书,https://www.xiaohongshu.com/explore/60fe7e50000000002103a446?xsec_token=ABsfIZ44ymglS0rtmtYveF14HUiKCRkxp1vRaxNzj9sV0=&xsec_source=pc_search,这个故事到底该有怎么样的结局呢？,2021/07/26,0,39000,384,568,39000,,,,,
9c41029d,小红书,https://www.xiaohongshu.com/explore/60fc12cc000000002103730f?xsec_token=AB1wC_ZR9KUoj6ih5TXHMA9-oVpZz4cV6kOpHyP4wJquE=&xsec_source=pc_search,这次是一个痞帅的小将军。,2021/07/24,0,4119,67,89,4119,,,,,
4ac4f3e8,小红书,https://www.xiaohongshu.com/explore/60fa91110000000021039265?xsec_token=AB_qVJ3Buxw_MZwK-NzSbBSk8pHFqT0iFMeiJFKRfjrAY=&xsec_source=pc_search,小兔子要去哪玩儿？带着我呗～,2021/07/23,0,10000,173,666,10000,,,,,
6cfbd841,小红书,https://www.xiaohongshu.com/explore/60f923fd000000002103bcbe?xsec_token=ABnJ5mlh6NaB_GD-83_fPPwk9g9mjMfDUlTQAfyhgzhVg=&xsec_source=pc_search,蒙眼让本就近视的我雪上加霜！,2021/07/22,0,8394,141,290,8394,,,,,
40caec71,小红书,https://www.xiaohongshu.com/explore/60f6b0da000000000102d619?xsec_token=ABB452G5asI5MGKsVTqTC6PP28tIVZNHqp8fYIMFzHS0U=&xsec_source=pc_search,（芙清预告）看个视频清凉一下吧,2021/07/20,0,1726,27,11,1726,,,,,
4562df59,小红书,https://www.xiaohongshu.com/explore/60f3e6b0000000000102934a?xsec_token=ABKw7yeAnXD_AQoZYTB8qQd56eRORz5OybuRkff7_inpY=&xsec_source=pc_search,殊途，殊途...,2021/07/18,0,2477,52,19,2477,,,,,
74cd5202,小红书,https://www.xiaohongshu.com/explore/60eff0200000000021039673?xsec_token=ABwfuXlFkJUNem0MMWGX9HqTsSCaujocFYy7QzPXwydNc=&xsec_source=pc_search,是夏天的荷塘呀～,2021/07/15,0,2701,44,29,2701,,,,,
af865478,小红书,https://www.xiaohongshu.com/explore/60ec10f9000000002103a924?xsec_token=ABySpord9CO668Zioy0k1DUqcN_L_kLk_95-SbIm17M1E=&xsec_source=pc_search,迷人而危险，来自于对权力的欲望和野心。,2021/07/12,0,136000,663,1449,136000,,,,,
1647bc1e,小红书,https://www.xiaohongshu.com/explore/60e99123000000002103b7e4?xsec_token=ABEo38SkKt5cFAMMvC007gD1P3FOcRBPGjgp-DjZtm8JM=&xsec_source=pc_search,闪现bw，今天是个忧郁的帅哥。,2021/07/10,0,3683,105,102,3683,,,,,
0fa9bc53,小红书,https://www.xiaohongshu.com/explore/60e441f0000000000102a824?xsec_token=ABKFm8sXJBCNUJYxlf6pRGPG0SJOLHcNfEL9HIv8fyxrg=&xsec_source=pc_search,一个小合集。我不愧是人间bebe机,2021/07/06,0,5101,111,115,5101,,,,,
9cbd20a3,小红书,https://www.xiaohongshu.com/explore/60e27a660000000001028e3c?xsec_token=ABubAlehj4dbR5IV0j2IHKTEFAKLCjPe35wLoUmuxvsCE=&xsec_source=pc_search,狗狗都有甲了，你呢？,2021/07/05,0,3475,122,74,3475,,,,,
d7599a18,小红书,https://www.xiaohongshu.com/explore/60e13b4c000000002103684c?xsec_token=ABqgpM-0PoKFHolEWsoZTubk-aOKMp4qRh3SNL0wfn_Vg=&xsec_source=pc_search,神救不了你，唯有自救。,2021/07/04,0,6436,77,36,6436,,,,,
5cfdc45a,小红书,https://www.xiaohongshu.com/explore/60def5f20000000001024193?xsec_token=ABUqqDqBGSf6ZuNkU83764hszN3JUUH6WU6TDyzb1cKOY=&xsec_source=pc_search,原来竟只是我一人的执念罢了。,2021/07/02,0,6249,48,51,6249,,,,,
46743f8b,小红书,https://www.xiaohongshu.com/explore/60dae5a8000000000102f5f9?xsec_token=ABIlSZck-KKAbTPdntCijJ3GatC4QC9yyCWdToXEU7sGY=&xsec_source=pc_search,情之一字啊...,2021/06/29,0,69000,639,1175,69000,,,,,
b587d0ae,小红书,https://www.xiaohongshu.com/explore/60cf2c81000000000102a6fd?xsec_token=AB_CWbsJNqtvXe-K9S1iE1eVsZkPxUW_zk62RAOS7z344=&xsec_source=pc_search,“公主，我来带你走”“好”,2021/06/20,0,4740,91,95,4740,,,,,
595aafc9,小红书,https://www.xiaohongshu.com/explore/60cdc843000000000102b7ca?xsec_token=ABlI7SKq_EukZil3Cdm6yoG3Q_n_wh-XAgWomFnN9Jx10=&xsec_source=pc_search,故事的结局，也许...,2021/06/19,0,2276,29,18,2276,,,,,
5314d17d,小红书,https://www.xiaohongshu.com/explore/60c5d76900000000010264c3?xsec_token=ABcYb1vjusJ7FtpFr65-b4XuQkGfBSsliO2jMLyv8c08w=&xsec_source=pc_search,这个bgm不剪不是人！,2021/06/13,0,4685,48,259,4685,,,,,
8d7fd26a,小红书,https://www.xiaohongshu.com/explore/60c58ceb000000002103fdba?xsec_token=ABcYb1vjusJ7FtpFr65-b4XnRTVcVAYSEKqg0e3nYFbpY=&xsec_source=pc_search,人生苦短，何妨一试。,2021/06/13,0,2649,54,68,2649,,,,,
bf918745,小红书,https://www.xiaohongshu.com/explore/60c3366f00000000210376da?xsec_token=ABEPfRLJo3Rwj_ThHrKJnZiZM62G9vJXWsMn6STHyeleE=&xsec_source=pc_search,当爱恨情仇，都化乌有,2021/06/11,0,3339,39,38,3339,,,,,
3d802680,小红书,https://www.xiaohongshu.com/explore/60c089f700000000210373b0?xsec_token=AB4apM-48Wo3gnju2nceGCuWOfTqSd-4ZPhxR2XeWyuIQ=&xsec_source=pc_search,没有纯，只有御。,2021/06/09,0,12000,123,425,12000,,,,,
9fd0ace5,小红书,https://www.xiaohongshu.com/explore/60bf33f0000000002103dc21?xsec_token=AB1HBAMnZ7jmFIK8ku_bUuxTaoXhmEsk82I3V4ET-EpWc=&xsec_source=pc_search,这次，谁是猎物？,2021/06/08,0,4788,108,482,4788,,,,,
cea30671,小红书,https://www.xiaohongshu.com/explore/60bb5260000000000102d690?xsec_token=ABz-Jz81zSwSj47_V3r9PiMPNhyisjVyK-0OVfJRkZIqc=&xsec_source=pc_search,下辈子吧，下辈子...,2021/06/05,0,44000,422,669,44000,,,,,
96f94bdc,小红书,https://www.xiaohongshu.com/explore/60b74b6a000000002103b821?xsec_token=ABdnkEj6z1jJFYv4kTHTe_Mj4Mpx24DxF8gLyEhJVnQec=&xsec_source=pc_search,我输就输在，我才是动了真心的那个,2021/06/02,0,50000,277,297,50000,,,,,
9c378871,小红书,https://www.xiaohongshu.com/explore/60b4a8fa000000000102d2a4?xsec_token=ABqdBC0G2e1YtQ5ej6IHu8loIP1e1GPOWge9OE__SX_f0=&xsec_source=pc_search,一介凡人，竟敢弑神。,2021/05/31,0,12000,123,90,12000,,,,,
ee403ef3,小红书,https://www.xiaohongshu.com/explore/60b462af000000000102fead?xsec_token=ABqdBC0G2e1YtQ5ej6IHu8loPToewnCDqt220SAShhmts=&xsec_source=pc_search,后妈即视感,2021/05/31,0,2302,35,21,2302,,,,,
1ee198e5,小红书,https://www.xiaohongshu.com/explore/60b0c0bc000000002103a369?xsec_token=AB974XWeoLz0fYMmZJCyVzxGSPJq8Ugf4iBwzE7md8oHQ=&xsec_source=pc_search,眼花缭乱,2021/05/28,0,11000,110,265,11000,,,,,
1e458319,小红书,https://www.xiaohongshu.com/explore/60ae1bd90000000021036343?xsec_token=AB4-7zPBrK98GV9g9A0CAVP3h1zBJ3ItSXCvfuRJ379g0=&xsec_source=pc_search,还记得这个回眸吗？,2021/05/26,0,21000,307,675,21000,,,,,
ff7a2580,快手,https://www.kuaishou.com/short-video/3x6xtkvcf9u29vk,"“我这种恶鬼怎么会有心呢”“我的给你”
🎬：@知竹zZ(O3x4y7uzvqsk4syy)",2021/05/21,7039000,576885,0,0,0,,,,,
37ff45c4,快手,https://www.kuaishou.com/short-video/3xcqfhijdk77kbs,"抓到一只小白兔。
（本来是发苦糖的，想想今天还是给大家发个甜的吧！） #圻夏夏",2021/05/20,36836000,3552030,0,0,0,,#圻夏夏,,,
a1486eb0,快手,https://www.kuaishou.com/short-video/3xiwhksyp8yvpnq,为何偏偏要错过我呢。,2020/11/27,5269000,135597,0,0,0,,,,,
762a0766,快手,https://www.kuaishou.com/short-video/3xf89kv6zskxhxc,做我的小狗！ #盛世天下 #互动影游,2025/06/26,18000,589,0,0,0,,#互动影游#盛世天下,,,
5539b5dd,快手,https://www.kuaishou.com/short-video/3x9v9dyzzi284ha,曾经我也以为，遇见你是我此生最幸运的事。 #梦幻手游盘丝洞 #圻夏夏,2025/04/10,4845000,33635,0,0,0,,#圻夏夏#梦幻手游盘丝洞,,,
a54aa150,快手,https://www.kuaishou.com/short-video/3x9ih8syzevq6b4,你在这，我又能逃去哪呢？,2025/04/01,663000,38957,0,0,0,,,,,
5a799bc6,快手,https://www.kuaishou.com/short-video/3xkbw2fubwytee4,你看我手无缚鸡之力的样子，怎么会杀人呢…,2024/10/26,131000,4247,0,0,0,,,,,
97f2a3f0,快手,https://www.kuaishou.com/short-video/3xhxw4x3gnseqzi,我哪也不去，就在这里等你,2024/10/15,124000,4064,0,0,0,,,,,
3877ace6,快手,https://www.kuaishou.com/short-video/3xckkr5ze5a69vc,你是哪里来的客人呀？ #圻夏夏,2024/10/13,205000,12832,0,0,0,,#圻夏夏,,,
73ac61d8,快手,https://www.kuaishou.com/short-video/3x6x8h29abds6ga,"“能不能再见她一面，算我求你，周舟”
听到曾经不可一世略带鄙夷的男声变得柔软且小心翼翼，周舟停下敲击键盘的手，漫不经心地托着下巴，孟麟看不见面具之下扬起的得逞的笑。
“好，可你不再是白梦霖”
#浮华梦 #快手星芒短剧",2024/10/10,258000,3165,0,0,0,,#浮华梦#快手星芒短剧,,,
77a1c350,快手,https://www.kuaishou.com/short-video/3x2ixpwy8z75r36,"爱人错过，就真的错过了吗…
我知道，我不再是她。
#浮华梦 #快手星芒短剧",2024/10/09,159000,1862,0,0,0,,#浮华梦#快手星芒短剧,,,
52956c15,快手,https://www.kuaishou.com/short-video/3xc4ivrixnruw3k,"情之所至，假亦是真。
如果活着的机会只有一个，那么我死，你生。
#浮华梦 #快手星芒短剧",2024/10/08,106000,1468,0,0,0,,#浮华梦#快手星芒短剧,,,
f6b69db4,快手,https://www.kuaishou.com/short-video/3xukpz5kgcn6ygu,不说出口的爱，就可以视而不见、自欺欺人。#浮华梦 #快手星芒短剧,2024/10/07,366000,2427,0,0,0,,#浮华梦#快手星芒短剧,,,
6be1cc00,快手,https://www.kuaishou.com/short-video/3x9tahpgwysf2j9,“我想你在这个世界能幸福，哪怕没有我”#浮华梦 #快手星芒短剧,2024/10/06,147000,1707,0,0,0,,#浮华梦#快手星芒短剧,,,
d81bdde8,快手,https://www.kuaishou.com/short-video/3xxrh75wh36t242,一场心知肚明的错付，一个人的偏向注定无疾而终。#浮华梦 #快手星芒短剧,2024/10/05,261000,2692,0,0,0,,#浮华梦#快手星芒短剧,,,
5c4c2b38,快手,https://www.kuaishou.com/short-video/3xsvzadbui5dqm6,"“我的蜡烛，灭了”
“还有我”
#浮华梦 #快手星芒短剧",2024/10/04,442000,2801,0,0,0,,#浮华梦#快手星芒短剧,,,
61fb21ef,快手,https://www.kuaishou.com/short-video/3x4ezhd87z8qnra,“她点亮了我的火把之后离去，我便用她留下的火种燃起蜡烛。”—顾月#浮华梦 #快手星芒短剧,2024/09/29,131000,1786,0,0,0,,#浮华梦#快手星芒短剧,,,
f9b1aa5d,快手,https://www.kuaishou.com/short-video/3xe4mkxknumpxck,这个苦难总多降临的世道不可能一帆风顺，但此刻永远美好。#浮华梦 #快手星芒短剧,2024/09/28,95000,1363,0,0,0,,#浮华梦#快手星芒短剧,,,
9d98f5b3,快手,https://www.kuaishou.com/short-video/3xizjz2k47wr8ie,我知道，你一定会来。#浮华梦 #快手星芒短剧,2024/09/27,132000,1891,0,0,0,,#浮华梦#快手星芒短剧,,,
a3a36560,快手,https://www.kuaishou.com/short-video/3xtkme32c63iwa6,他在跟我？表表…表白？！#浮华梦 #快手星芒短剧,2024/09/21,127000,2070,0,0,0,,#浮华梦#快手星芒短剧,,,
a28a8571,快手,https://www.kuaishou.com/short-video/3xxcjra3r4qnjum,好险，好险…#浮华梦 #快手星芒短剧,2024/09/20,75000,1213,0,0,0,,#浮华梦#快手星芒短剧,,,
0d842f5e,快手,https://www.kuaishou.com/short-video/3xm4a9v4qtrquzi,解锁新地图——温馨的家。#浮华梦 #快手星芒短剧,2024/09/15,126000,2036,0,0,0,,#浮华梦#快手星芒短剧,,,
635df798,快手,https://www.kuaishou.com/short-video/3xfdwk8b8cmuass,雄竞才是正确方向！#浮华梦 #快手星芒短剧,2024/09/14,102000,1897,0,0,0,,#浮华梦#快手星芒短剧,,,
682fcc3f,快手,https://www.kuaishou.com/short-video/3x22scjs5wdvsg2,这个程泽笙怎么怪怪的…看人瘆得慌#浮华梦 #快手星芒短剧,2024/09/13,79000,1569,0,0,0,,#浮华梦#快手星芒短剧,,,
1472f391,快手,https://www.kuaishou.com/short-video/3xcjrjwgeg8ivk2,开出游戏隐藏皮肤？她怎么穿什么都好看…#浮华梦 #快手星芒短剧,2024/09/08,104000,2019,0,0,0,,#浮华梦#快手星芒短剧,,,
9c983bb0,快手,https://www.kuaishou.com/short-video/3x6a4du76spxqek,这攻略对象要么不来，要么一个接一个！！烦不烦啊！#浮华梦 #快手星芒短剧,2024/09/07,97000,1550,0,0,0,,#浮华梦#快手星芒短剧,,,
1c26afbd,快手,https://www.kuaishou.com/short-video/3xeazzpdcn6wqk2,她不喜欢他？！咳，我早猜到了！#浮华梦 #快手星芒短剧,2024/09/05,102000,1742,0,0,0,,#浮华梦#快手星芒短剧,,,
bc023472,快手,https://www.kuaishou.com/short-video/3xsn63hdxeue6wq,第二个攻略对象终于出现！但剧情走向似乎有点不太对劲啊？#浮华梦 #快手星芒短剧,2024/09/03,99000,2095,0,0,0,,#浮华梦#快手星芒短剧,,,
de10a6b8,快手,https://www.kuaishou.com/short-video/3xt8n55m498gun6,男主是反派，女主脑子不正常，你们锁死吧，也好让我早点离开这个破游戏！#浮华梦 #快手星芒短剧,2024/09/02,140000,1881,0,0,0,,#浮华梦#快手星芒短剧,,,
381301c0,快手,https://www.kuaishou.com/short-video/3xe66bb4htswxcq,如果攻略对象是个反派…你还会继续吗？#浮华梦 #快手星芒短剧,2024/09/01,634000,3963,0,0,0,,#浮华梦#快手星芒短剧,,,
75b33ce8,快手,https://www.kuaishou.com/short-video/3xm8fpbn3uck3vi,…这就是恋爱脑吗？#浮华梦 #快手星芒短剧,2024/08/31,678000,4252,0,0,0,,#浮华梦#快手星芒短剧,,,
c369d201,快手,https://www.kuaishou.com/short-video/3xiday7epnqixbe,威胁我？！我忍！！我不跟你游戏人物较劲！！一切为了通关！！ #浮华梦 #快手星芒短剧,2024/08/30,89000,2232,0,0,0,,#浮华梦#快手星芒短剧,,,
39e605ba,快手,https://www.kuaishou.com/short-video/3xzatutvcy7ddb2,到底是大灰狼装小白兔，还是小白兔装大灰狼？#浮华梦 #快手星芒短剧,2024/08/25,238000,4652,0,0,0,,#浮华梦#快手星芒短剧,,,
a2d95d18,快手,https://www.kuaishou.com/short-video/3xfeur7ttqf349y,#短剧浮华梦 有人一开始口口声声说这只是一场游戏，结果怎么暗中处处留心🫣,2024/08/25,157000,2826,0,0,0,,#短剧浮华梦,,,
517cc40a,快手,https://www.kuaishou.com/short-video/3xch7mjj84ie7ds,男嘉宾一号登场，狗血三角恋开始了？#浮华梦 #快手星芒短剧,2024/08/23,1935000,9739,0,0,0,,#浮华梦#快手星芒短剧,,,
55545a59,快手,https://www.kuaishou.com/short-video/3xv4e4pc92eiqyg,#短剧浮华梦  就算是一场梦，就算未来不再相见，这一世，我只想守护好你@芝月(O3xn54kwp9xhww5w),2024/08/23,149000,3681,0,0,0,,#短剧浮华梦,,,
f4ca980a,快手,https://www.kuaishou.com/short-video/3xfj86cg5zmkxyw,一个恋爱游戏还有外挂？#浮华梦 #快手星芒短剧,2024/08/18,4431000,21452,0,0,0,,#浮华梦#快手星芒短剧,,,
e410a222,快手,https://www.kuaishou.com/short-video/3xjiqcwkk9nysfk,想洞房花烛是吧？来，你先看看我的拳头它硬不硬？#浮华梦 #快手星芒短剧,2024/08/17,777000,6646,0,0,0,,#浮华梦#快手星芒短剧,,,
02ace75f,快手,https://www.kuaishou.com/short-video/3xnbp5kq46ecqzq,什么破老板，让你瞧不起纸片人的力量是吧？好好享受我为你定制的这场游戏吧～#浮华梦  #快手星芒短剧,2024/08/16,736000,13241,0,0,0,,#浮华梦#快手星芒短剧,,,
746c47ae,快手,https://www.kuaishou.com/short-video/3x7jxygmg63bzxs,#浮华梦 紧握她的手，共赴乱世风雨。#浮华梦定档0816,2024/08/14,278000,2902,0,0,0,,#浮华梦#浮华梦定档0816,,,
16c801cc,快手,https://www.kuaishou.com/short-video/3x2tckum3n54bww,站在人生的十字路口，年轻人应该如何选择未来的方向？ “80后”“90后”和“00后”的职业选择有什么不同？三代人看似不同的人生轨迹却有着相同的价值取向。或许人生不必按导航走，只要心有所向，便能乘风破浪。#生活有解,2024/07/20,5498000,230993,0,0,0,,#生活有解,,,
984a7049,快手,https://www.kuaishou.com/short-video/3xi4b8wbb5y7y39,在这里，情爱是最不能信的东西。,2024/03/15,182000,9434,0,0,0,,,,,
2fb0c191,快手,https://www.kuaishou.com/short-video/3xjgwsk2am69kaa,后宫从不是目的，这天下才有意义。,2024/03/13,368000,24186,0,0,0,,,,,
ccdb63d8,快手,https://www.kuaishou.com/short-video/3xvhcvie7tqif34,自食恶果之时。#月白之时,2023/12/27,10850000,50369,0,0,0,,#月白之时,,,
0c7a7f64,快手,https://www.kuaishou.com/short-video/3xxbrevgtueiayq,从变成人类的那刻起，我便已在等待这一刻的牺牲。#月白之时,2023/12/23,9278000,60745,0,0,0,,#月白之时,,,
b42e69e8,快手,https://www.kuaishou.com/short-video/3xvwzbbrh6cgi86,她逃，他追，他们已插翅难飞？#月白之时,2023/12/22,10248000,53565,0,0,0,,#月白之时,,,
a26d4a7a,快手,https://www.kuaishou.com/short-video/3xbp7dyi2wfpfiu,只怪我自己有眼无珠，没看见你伪善面具之下的丑恶嘴脸。#月白之时,2023/12/20,8517000,51595,0,0,0,,#月白之时,,,
92137ede,快手,https://www.kuaishou.com/short-video/3xf4q82ih98pvrs,家人没谁懂啊！白语居然亲自来找我帮忙！（如果烦人精没跟来就更好了！）#月白之时,2023/12/16,6146000,42655,0,0,0,,#月白之时,,,
b24ad7f8,快手,https://www.kuaishou.com/short-video/3xefxm5u4dxyir6,利欲熏心之人，必自咽苦果。#月白之时,2023/12/15,47282000,455123,0,0,0,,#月白之时,,,
4ea262fa,快手,https://www.kuaishou.com/short-video/3x3dn9raikibcde,对不起，让你有了希望又失望。#月白之时,2023/12/13,10645000,54777,0,0,0,,#月白之时,,,
2f09194b,快手,https://www.kuaishou.com/short-video/3xxk7u82hu7n5ui,神女的身份还是藏不住了吗…#月白之时,2023/12/09,45041000,293903,0,0,0,,#月白之时,,,
fe69341b,快手,https://www.kuaishou.com/short-video/3xucpm45dxhskgk,不用害怕，万事有我在你身后。#月白之时,2023/12/06,50669000,308975,0,0,0,,#月白之时,,,
29bd2906,快手,https://www.kuaishou.com/short-video/3xe84xh2e3yaq9y,他上辈子一定是茶叶吧，技能点这么高！#月白之时,2023/12/01,13869000,85527,0,0,0,,#月白之时,,,
150f5132,快手,https://www.kuaishou.com/short-video/3xx4p4asg845pyi,我的好运，从遇见你那天就开始了。#月白之时,2023/11/29,15090000,94081,0,0,0,,#月白之时,,,
bca989fd,快手,https://www.kuaishou.com/short-video/3xdznqgu8ey54m9,你才未成年！你们全家都未成年！！#月白之时,2023/11/28,21177000,108824,0,0,0,,#月白之时,,,
cdfaba25,快手,https://www.kuaishou.com/short-video/3xufpi3bb2gj38u,别想了，我才是她的白月光！#月白之时,2023/11/27,17402000,82413,0,0,0,,#月白之时,,,
2425ac46,快手,https://www.kuaishou.com/short-video/3xxd8327acp7zwm,求助：怎么赶走这个电灯泡？安总在线等！#月白之时,2023/11/25,36782000,181895,0,0,0,,#月白之时,,,
0df49263,快手,https://www.kuaishou.com/short-video/3xegu58sd4ui77y,回不去的大海，还有尚未完成的责任。#月白之时,2023/11/24,37930000,263291,0,0,0,,#月白之时,,,
a07b5cd4,快手,https://www.kuaishou.com/short-video/3xebvudwiby75c6,三人行，必有电灯泡！#月白之时,2023/11/23,30556000,191188,0,0,0,,#月白之时,,,
311a3411,快手,https://www.kuaishou.com/short-video/3xaw7bzepbsip5e,偶像、姐姐、讨厌鬼。#月白之时,2023/11/20,82110000,816473,0,0,0,,#月白之时,,,
86cf0824,快手,https://www.kuaishou.com/short-video/3xh3qpbx4kxewbe,美人鱼特工上岸！所以三个人的世界终究是太拥挤了吗？#月白之时,2023/11/20,1395000,32850,0,0,0,,#月白之时,,,
161e2cee,快手,https://www.kuaishou.com/short-video/3xzh369ngrsnpsi,"一场为月经污名化的平反。
本就没有什么不洁污秽，愿大家坦然对待，勇破偏见。",2023/11/05,343000,13002,0,0,0,,,,,
e88d287b,快手,https://www.kuaishou.com/short-video/3xa744n73rxw66s,恋爱嘛，总要透过现象看本质～,2023/10/25,850000,34884,0,0,0,,,,,
8efa7cfe,快手,https://www.kuaishou.com/short-video/3x853wdqexahcd2,"设定：污染后的末日来临，某反人类叛逃组织私自进行活体寄生实验。实验室中，存活下来的最后一只，被群体寄生的虫女试验体，发生了变异…
策划：@夏弃疾_（下乡版） 
妆造：@燕子坞主_",2023/10/02,8275000,894648,0,0,0,,,,,
da2f86cc,快手,https://www.kuaishou.com/short-video/3xdgsb3973jgv2u,既然你于我有救命之恩，那不如你以身相许。,2023/09/27,3285000,98319,0,0,0,,,,,
9ccdc2ca,快手,https://www.kuaishou.com/short-video/3xrn9hqv6hr5hvk,"救救我，不要丢下我。 #核污染 
策划：@夏弃疾（下乡版）(O3x493kaghpv9qnw)",2023/09/22,1607000,114856,0,0,0,,#核污染,,,
efc1ae5e,快手,https://www.kuaishou.com/short-video/3xumukj6jfvpd8s,自你之后，我再没相信过她人。,2023/08/22,498000,21757,0,0,0,,,,,
d101b909,快手,https://www.kuaishou.com/short-video/3xe9skhrne5hymk,#2023光合创作者大会 #老铁说 现在回想起《长公主在上》的拍摄过程依旧历历在目，那时候长公主脚下的地板是翘的，衣服是破的，但我们要拍好这部短剧的心是真的，我想这也是长公主受到那么多粉丝朋友喜爱的原因吧。#热爱让收获更多,2023/08/10,2255000,42006,0,0,0,,#2023光合创作者大会#老铁说#热爱让收获更多,,,
60808a59,快手,https://www.kuaishou.com/short-video/3xgjsdpa478c3ha,明天直播见#老铁说 #2023光合创作者大会,2023/08/09,635000,6570,0,0,0,,#2023光合创作者大会#老铁说,,,
17cfbfae,快手,https://www.kuaishou.com/short-video/3xebsx3ta3yd84g,回忆杀#2023光合创作者大会 #热爱让收获更多  #我为光合代言,2023/08/08,881000,7418,0,0,0,,#2023光合创作者大会#我为光合代言#热爱让收获更多,,,
6eeefd9d,快手,https://www.kuaishou.com/short-video/3xb3pchjecvaxk4,（伪骨科）虽然没有血缘关系，却都流着黑色的血呢。,2023/08/06,1840000,74056,0,0,0,,,,,
95ba8f15,快手,https://www.kuaishou.com/short-video/3xtg2m9r2fznhe2,这便是最后一课。,2023/07/14,391000,12143,0,0,0,,,,,
a32e6859,快手,https://www.kuaishou.com/short-video/3xsc76et69ankvw,可惜故事已经发生，可惜我无法改写,2023/07/12,427000,25560,0,0,0,,,,,
7b7b9ecd,快手,https://www.kuaishou.com/short-video/3xwwq2zi8vxuy5k,"是以旁观者清，却发现自己早已身在局中。
出镜：团子、小瑜
拍摄：杨老麦、 千里明
妆造：青蛙 、荣荣",2023/07/08,235000,6982,0,0,0,,,,,
ad95d5f6,快手,https://www.kuaishou.com/short-video/3xbpqz48v467a79,"我曾以为的是青梅竹马、两情相悦的情意，可回过神来，只剩自己被困在名为他爱我的牢笼里。
而他，只是遵守了约定。",2023/06/28,408000,14826,0,0,0,,,,,
2fc78b64,快手,https://www.kuaishou.com/short-video/3xy2zg9s37pkgeg,我们就停在此刻吧，万般圆满，已是最好的结尾。,2023/06/21,301000,13224,0,0,0,,,,,
fd184af1,快手,https://www.kuaishou.com/short-video/3xneae6p8yw64ze,区区小妖，本大师出马，还能拿不下你了？！！,2023/06/02,1005000,26289,0,0,0,,,,,
ad8dd669,快手,https://www.kuaishou.com/short-video/3xz4winnedu3cpu,真是诡计多端的…,2023/05/31,1780000,84580,0,0,0,,,,,
093f247f,快手,https://www.kuaishou.com/short-video/3x64xhu7b5k4i59,人菜瘾大罢了。,2023/04/21,582000,25920,0,0,0,,,,,
f373e4cd,快手,https://www.kuaishou.com/short-video/3xgpjsur8rnxnc9,查收4亿福利～,2023/04/18,1027000,74663,0,0,0,,,,,
84125d23,快手,https://www.kuaishou.com/short-video/3xmd3bumzw2h826,"偷偷去剧组打了一个小工～
祝长月大爆～ #长月烬明",2023/04/12,1816000,117782,0,0,0,,#长月烬明,,,
ba3cfa95,快手,https://www.kuaishou.com/short-video/3xq53q75ek5hui2,我居然到最后才想起…原来小时候救了我的那个人，是你。,2023/04/08,1004000,45128,0,0,0,,,,,
56e32527,快手,https://www.kuaishou.com/short-video/3xp8v9f3wdkm9fq,一个平平无奇的偷心盗贼罢了～,2023/04/01,2654000,191959,0,0,0,,,,,
d7c23296,快手,https://www.kuaishou.com/short-video/3xje32vuwfeygxk,我爱你，是无人知晓的秘密。包括我自己…#东栏雪,2023/03/22,799000,34456,0,0,0,,#东栏雪,,,
48b5d7bb,快手,https://www.kuaishou.com/short-video/3x6x89hswj66dvg,或许我之于你，只是交易和利用的棋子…但你对于我而言，却是这世间仅有的温暖，如荒漠甘霖、雪中箩炭。#短剧东栏雪,2023/03/14,657000,18879,0,0,0,,#短剧东栏雪,,,
c4e6ce62,快手,https://www.kuaishou.com/short-video/3xv3usknet7ksiw,"你这么狠毒跟谁学的？
哦，原来是跟我学的～",2023/03/04,974000,58967,0,0,0,,,,,
4acd98c3,快手,https://www.kuaishou.com/short-video/3x62fzs24zwqbf2,我以为我会一直一个人，从深渊到地狱…可你却说你要一直陪着我。#东栏雪 #短剧东栏雪,2023/03/02,891000,31119,0,0,0,,#东栏雪#短剧东栏雪,,,
e57e4935,快手,https://www.kuaishou.com/short-video/3x2276ywu7d8kns,我喜欢你，只因为你是你啊～,2023/02/22,3395000,209811,0,0,0,,,,,
8cac07d5,快手,https://www.kuaishou.com/short-video/3xayxafwawv8cyu,我好像在等见到你的这一刻，等了很久。,2023/02/16,397000,14895,0,0,0,,,,,
6cfc4739,快手,https://www.kuaishou.com/short-video/3x77zqiije6qha4,乱臣贼子又如何，我要的是赢。,2023/02/01,421000,16766,0,0,0,,,,,
a0c6381b,快手,https://www.kuaishou.com/short-video/3xvek3k2ibibiwy,不把水搅浑，还怎么看好戏呢？,2023/01/29,501000,22837,0,0,0,,,,,
f04a5fa1,快手,https://www.kuaishou.com/short-video/3xm24g2myzzst6w,愿得长如此，年年物候新。#兰蔻二代小黑瓶 #以不变应万变,2023/01/20,832000,42531,0,0,0,,#以不变应万变#兰蔻二代小黑瓶,,,
748faafb,快手,https://www.kuaishou.com/short-video/3xxvuxkwica2jyu,"五皇子也不会想到，在他死后自己捧在手心宠爱的妹妹会不择手段成为他，外界传言五皇子久病过后性情大变，曾经的温润不在，如今只剩狠戾凶残。
谁也不知那仇恨钻心夜夜萦绕，她无法忘记。#圻夏夏",2022/12/21,843000,38881,0,0,0,,#圻夏夏,,,
2dcf9bef,快手,https://www.kuaishou.com/short-video/3xy7b3cr92fvqmu,阿七，我带你去看十里樱花。,2022/12/08,1026000,56345,0,0,0,,,,,
9c996ec9,快手,https://www.kuaishou.com/short-video/3x2jtyb4u7ry3fe,去年拍的电影终于要上啦！,2022/12/01,472000,17166,0,0,0,,,,,
9707af42,快手,https://www.kuaishou.com/short-video/3x3f36wzy5v7dsw,你知道兰因絮果这句话吗？,2022/11/20,422000,18736,0,0,0,,,,,
50cd315d,快手,https://www.kuaishou.com/short-video/3xgucx2pysc3a36,猜猜我们的相遇，会是是什么故事？,2022/11/18,551000,25499,0,0,0,,,,,
4eafc3eb,快手,https://www.kuaishou.com/short-video/3xqwh9mb3adffvc,回国复仇的恶女！,2022/11/11,494000,16684,0,0,0,,,,,
cf4cb1a5,快手,https://www.kuaishou.com/short-video/3xvxy4jrqxjfaui,浑身上下就只有嘴是硬的嘛？ #秋日暴击,2022/11/02,3791000,227255,0,0,0,,#秋日暴击,,,
8df4bad1,快手,https://www.kuaishou.com/short-video/3xfhnm2ehy3c78k,同样的招数我都用几百年了，你怎么次次都上当啊。,2022/10/03,1668000,46977,0,0,0,,,,,
8d6993c0,快手,https://www.kuaishou.com/short-video/3x3r2yewm8ztxfm,若非要说这世上有什么难解的题，那就是三皇子的心思了吧。#秋日暴击,2022/10/02,3757000,225625,0,0,0,,#秋日暴击,,,
cd7faf62,快手,https://www.kuaishou.com/short-video/3x53dkicbwkcray,"骗你是情理之中，爱上你在意料之外。
于我而言，你已是最珍贵的存在。#秋日暴击",2022/09/30,1875000,100746,0,0,0,,#秋日暴击,,,
396c8997,快手,https://www.kuaishou.com/short-video/3xqpiw5n7y7nex4,抓到你的心了哦，魔君大人。,2022/09/09,4511000,143819,0,0,0,,,,,
dc45d498,快手,https://www.kuaishou.com/short-video/3xacxyuppx9yh6m,门口那个算命很准的老头可说了，你和我啊就是天造地设的一对！所以林然，你跑不掉的！,2022/08/30,4808000,262130,0,0,0,,,,,
c8fef99c,快手,https://www.kuaishou.com/short-video/3xttbkfqc7g6699,若不是师父自愿，凭我的本事又怎能困得住你？事到如今，师父为何还不愿承认自己是爱我的？,2022/08/07,1153000,35454,0,0,0,,,,,
2f1258dc,快手,https://www.kuaishou.com/short-video/3xw5zriwk7n5fn9,你你你你怎么能用我的身体做这种事！,2022/08/05,768000,23640,0,0,0,,,,,
4a3a2a35,快手,https://www.kuaishou.com/short-video/3xy6tutyw52ta8i,我们怎么会走到今天这个地步呢？,2022/08/01,616000,24853,0,0,0,,,,,
b6260938,快手,https://www.kuaishou.com/short-video/3xgf42vb4xa3upu,热烈的爱总会有被回应的一天吧。,2022/07/28,2823000,136372,0,0,0,,,,,
ee9cd88d,快手,https://www.kuaishou.com/short-video/3xv3ssuhetyxz4q,【答案之书｜红色芍药篇（三）】爱意只是深藏，而从未消散。过程可能曲折，但结局依旧美好。,2022/07/25,663000,26607,0,0,0,,,,,
39943466,快手,https://www.kuaishou.com/short-video/3xuc24jdp5hnmmw,【答案之书｜红色芍药篇（二）】试问，谁能拒绝直球弟弟的表白呢？！,2022/07/23,698000,29162,0,0,0,,,,,
0c399f86,快手,https://www.kuaishou.com/short-video/3xm6aadsub2qa3s,我终于在打戏里站起来了！！,2022/07/22,422000,10478,0,0,0,,,,,
ff14a574,快手,https://www.kuaishou.com/short-video/3x3msrutsnt4u9s,拥抱就不用了吧，他会不高兴的～,2022/07/20,1459000,74977,0,0,0,,,,,
7b848d2b,快手,https://www.kuaishou.com/short-video/3xw95c4dbhekve9,【答案之书｜红色芍药篇（一）】听说只要虔诚地发问，答案之书就会有所回应？,2022/07/20,1033000,52374,0,0,0,,,,,
9fb06f89,快手,https://www.kuaishou.com/short-video/3x9nc2n9e2pqss6,（预告二）欢迎来到答案之书～你好啊，有缘人。,2022/07/17,473000,19204,0,0,0,,,,,
ab53a2da,快手,https://www.kuaishou.com/short-video/3xsmnhry3iyppbu,（预告一）好想她能多在乎我一点，就像我这么这么在乎她一样。,2022/07/15,1076000,40960,0,0,0,,,,,
5ffa495c,快手,https://www.kuaishou.com/short-video/3xswrqvzhc5sg2s,“小世子不喜欢我吗？没关系～本郡主就喜欢强扭的瓜，万一它甜呢！”,2022/06/19,4772000,248401,0,0,0,,,,,
2fa601b5,快手,https://www.kuaishou.com/short-video/3xdq7iyms4ndwn2,“别怕，以后有我。”不会食言。,2022/06/09,1201000,30360,0,0,0,,,,,
f22c5ea7,快手,https://www.kuaishou.com/short-video/3x9u6fhv7ub3pga,你又何必吃自己的醋呢，魔君大人～,2022/05/21,6275000,339803,0,0,0,,,,,
683b396c,快手,https://www.kuaishou.com/short-video/3x9yq4vdgrfscra,先生不必见外，如今你的就是我的，我的就是你的呀！,2022/05/18,930000,20862,0,0,0,,,,,
d95692bf,快手,https://www.kuaishou.com/short-video/3x6ebic2dwbqd2q,虽是自私了一些，但你身上有光，我想将它生生世世系在身旁。,2022/05/16,1666000,112094,0,0,0,,,,,
4c390031,快手,https://www.kuaishou.com/short-video/3xucja9vwuzwpks,我从不信天命，我只相信命运要握在自己手里,2022/05/10,2906000,180338,0,0,0,,,,,
0989c823,快手,https://www.kuaishou.com/short-video/3xviyv88vs2ffqe,其实吧，恋爱这种事情，也是需要学习进步的～虽然口嫌但是体正啊！,2022/05/03,757000,25821,0,0,0,,,,,
242f3b31,快手,https://www.kuaishou.com/short-video/3xejkb6n76t6vte,道歉只是表现形式，而爱你才是本质啊～,2022/04/30,4993000,392101,0,0,0,,,,,
66b56830,快手,https://www.kuaishou.com/short-video/3xw8rj7cin32u2w,（ysl预告番外5）夕阳里藏着爱意，如果可以的话，在春天见一面吧。,2022/04/25,1182000,47060,0,0,0,,,,,
45466ede,快手,https://www.kuaishou.com/short-video/3xcmkzbzbbt3bdi,（ysl番外3？你这是要打架的意思吗，老东西？,2022/04/11,4548000,150898,0,0,0,,,,,
7951f977,快手,https://www.kuaishou.com/short-video/3xqba3dw3msb84e,"（妖与仙番外1）“怎么小仙君不喜欢我穿这身衣服吗？”
“小仙君可是想她了？”
“小仙君不要不开心了，看看我吧，反正我与她一模一样啊”
“小仙君若不吃这糕点，我可要亲自喂你吃了”
#圻夏夏 #锦超",2022/04/06,1970000,71401,0,0,0,,#圻夏夏#锦超,,,
10f03959,快手,https://www.kuaishou.com/short-video/3x6jqbzxps7uew2,又双叒叕打起来了！,2022/04/04,568000,9699,0,0,0,,,,,
24d66681,快手,https://www.kuaishou.com/short-video/3xyfbbyan8c8bag,（恶人组）不想你入地狱的人是我，可拖你入地狱的人也是我。 🎬：@@知竹zZ(O3x4y7uzvqsk4syy),2022/04/02,1934000,52108,0,0,0,,,,,
33f62d40,快手,https://www.kuaishou.com/short-video/3x4zvu57bzm5d9w,（预告）我知道殿下从未动心，所以，我也是。,2022/04/01,633000,17050,0,0,0,,,,,
e15c746f,快手,https://www.kuaishou.com/short-video/3x4g5v6akfqc2qq,"即使我变成了她的样子，但始终学不像她。
原来…我无法学会的，只是她不爱你的样子。",2022/03/29,2982000,115137,0,0,0,,,,,
7d6d6124,快手,https://www.kuaishou.com/short-video/3xizeruurh4wqdu,爱你的人，终会回到你身边。,2022/03/20,1117000,50774,0,0,0,,,,,
4bd39f46,快手,https://www.kuaishou.com/short-video/3xtff9zi4ajxcpg,（预告二）即使知道了结果，还是会飞蛾扑火吗？,2022/03/18,1009000,38978,0,0,0,,,,,
c38b6a9d,快手,https://www.kuaishou.com/short-video/3xtemz5a7ifsnp9,（预告一）那…我们约定好了！,2022/03/16,3485000,154628,0,0,0,,,,,
5dc3f9d5,快手,https://www.kuaishou.com/short-video/3xx4cd4uztmbde6,"#长公主在上 #长公主在上全员戏精 
那你打算如何伺候我呀？",2022/03/09,1702000,48537,0,0,0,,#长公主在上全员戏精#长公主在上,,,
47a0e9c0,快手,https://www.kuaishou.com/short-video/3xst4fdsnbt5fme,一个花絮#长公主在上,2022/03/08,2717000,131329,0,0,0,,#长公主在上,,,
49139416,快手,https://www.kuaishou.com/short-video/3xsrjf5dq5jnsqm,"你动心了。
#长公主在上",2022/02/26,1390000,39086,0,0,0,,#长公主在上,,,
992f77e7,快手,https://www.kuaishou.com/short-video/3xwgp6g7hpaji6u,"若不是私心，我怎会奉你为主？
如今既得不到，那便也无需伪装了。
#圻夏夏 #锦超",2022/02/21,1752000,49108,0,0,0,,#圻夏夏#锦超,,,
7875eca1,快手,https://www.kuaishou.com/short-video/3xy62kpb9atem79,"“为何这么久才放本君出来，是看上那小子了？”
“怎么会，只是觉得有趣罢了”",2022/02/15,10836000,519603,0,0,0,,,,,
db9f13f5,快手,https://www.kuaishou.com/short-video/3xtqrc2vaaa46cy,顾玄清一把推开了公主，并对皇上说，“这是另外的价钱。”#长公主在上,2022/02/12,2108000,42131,0,0,0,,#长公主在上,,,
825f8cd6,快手,https://www.kuaishou.com/short-video/3xedshkfieiv4ag,“真的好喜欢小仙君啊”“那我来帮你，可好？”,2022/02/11,2236000,91041,0,0,0,,,,,
be65965b,快手,https://www.kuaishou.com/short-video/3xkt4462xxdpmra,"#长公主在上 
是啊，就不该轻易把心交出去。
（开播了大家赶紧去看，观看指路@知竹zZ(O3x4y7uzvqsk4syy) ）",2022/02/05,3434000,105235,0,0,0,,#长公主在上,,,
50065f58,快手,https://www.kuaishou.com/short-video/3xh2yk47xdrqh2s,不过是戏如人生罢了。#黑爪香水,2022/02/03,1581000,56372,0,0,0,,#黑爪香水,,,
ffbf3a8c,快手,https://www.kuaishou.com/short-video/3xda5hweeweitfg,"“喂喂喂，好歹我们也不是一般的关系，不要这么凶吧？”
“怎么了？那天没动手你后悔了？”
“那天晚上啊…我可舍不得”#冬日暴击
🎬：@朵声
出境：我、@玖柯9k
💄：@思思Sr @汉服梳妆🐱喵喵",2022/01/30,1625000,48894,0,0,0,,#冬日暴击,,,
3d5d34b2,快手,https://www.kuaishou.com/short-video/3xfmwkt9kfdcv59,我知道我的手段其实并不高明，我只是赌赢了。赌你，是真的爱我。 #冬日暴击,2022/01/28,1798000,53714,0,0,0,,#冬日暴击,,,
5c9d984b,快手,https://www.kuaishou.com/short-video/3x3pu6r46cf9jic,如果是去见你，我一定会用跑的。 #冬日暴击,2022/01/26,3223000,225665,0,0,0,,#冬日暴击,,,
bd29641b,快手,https://www.kuaishou.com/short-video/3xhirci2gbdpaew,所以，契约的存在是因为喜欢啊，印记的出现不是意外，而是因为我心动了。 #ysl1966 #YSL情人节 #情人节礼物,2022/01/19,4511000,285455,0,0,0,,#情人节礼物#ysl1966#YSL情人节,,,
695423d7,快手,https://www.kuaishou.com/short-video/3xawub59vjfjmt2,所以姻缘嘛，上天既然安排了，就总会让我们相遇的。,2022/01/07,3146000,180779,0,0,0,,,,,
09eecf57,快手,https://www.kuaishou.com/short-video/3xe3p4skunwgtyg,只要你有心，我就能得到。,2022/01/01,3347000,105336,0,0,0,,,,,
94f3ad1d,快手,https://www.kuaishou.com/short-video/3x3ax8qshcvpuci,我以为你是真实的，可只是梦吗…,2021/12/29,1715000,70485,0,0,0,,,,,
2db85740,快手,https://www.kuaishou.com/short-video/3xyg2yrze7gfu7w,许是从一开始，在花树相遇的那刻起，便都错了… #圻夏夏 #锦超,2021/12/22,2138000,112086,0,0,0,,#圻夏夏#锦超,,,
52a1ced4,快手,https://www.kuaishou.com/short-video/3xvrd8wefg3eqre,"（ysl番外2）总感觉他生气了，但他为什么生气啊！看美人跳舞不应该是件高兴的事吗？
#圻夏夏 #锦超",2021/12/14,4331000,262893,0,0,0,,#圻夏夏#锦超,,,
6c1fef80,快手,https://www.kuaishou.com/short-video/3x7h8uhhsipxk3s,真是可笑啊…我竟然还以为有一瞬间你爱的会是我。,2021/12/10,4973000,318062,0,0,0,,,,,
003ace99,快手,https://www.kuaishou.com/short-video/3xabkp773n55r8y,现在想来，过去的偏爱皆是为她，于我而言不过是一场笑话。#圻夏夏,2021/12/07,1387000,44726,0,0,0,,#圻夏夏,,,
991f5e13,快手,https://www.kuaishou.com/short-video/3x9e953qcu3nrxi,"许是太过不甘与思念吧…
下一世的圆满化不开我这缕上一世的执念。
我自私的想让你记得我。#圻夏夏 #锦超 #冰希黎大师精粹系列",2021/12/04,2138000,69799,0,0,0,,#冰希黎大师精粹系列#圻夏夏#锦超,,,
069d4933,快手,https://www.kuaishou.com/short-video/3xe6wq5ieauahbe,（ysl番外）做事情不可以三心二意哦～#圻夏夏 #锦超（顺便在线等个配音，快艾特你们喜欢的声音博主来配！）,2021/12/03,3873000,92611,0,0,0,,#圻夏夏#锦超,,,
65cf3357,快手,https://www.kuaishou.com/short-video/3xuiqyqdat5tbie,我也不想带他回家的，可是他撒着娇叫我漂亮姐姐诶…,2021/12/02,15419000,947109,0,0,0,,,,,
a21ebde9,快手,https://www.kuaishou.com/short-video/3x5npz9mxf59mm6,所以说啊，男朋友还得是自己养大的才比较乖～#圻夏夏 #YSL302 #YSL圣诞猎金派对,2021/12/01,2863000,187624,0,0,0,,#YSL302#圻夏夏#YSL圣诞猎金派对,,,
6e2324f5,快手,https://www.kuaishou.com/short-video/3xhwfahbt24gwua,你亲了我，我就是你的人了！,2021/11/26,2732000,137789,0,0,0,,,,,
4b5673b8,快手,https://www.kuaishou.com/short-video/3xcg92gq9jtbags,你心里清楚，我和她从来都是一个人。你爱她，却为何不能接受我？,2021/11/18,816000,17051,0,0,0,,,,,
6c0a40be,快手,https://www.kuaishou.com/short-video/3x5gnqdvhxc25iu,善恶并存。#圻夏夏,2021/11/16,711000,11367,0,0,0,,#圻夏夏,,,
47f08b02,快手,https://www.kuaishou.com/short-video/3xpuvhe5dutaz79,"“你真以为自己是他了？你永远变不成你哥哥！”
我从未对他发过这么大的火…只是恼他终究不是他，可自己还是爱上了他以外的人。#圻夏夏 #夫诸",2021/11/12,743000,15798,0,0,0,,#夫诸#圻夏夏,,,
127986d6,快手,https://www.kuaishou.com/short-video/3x8y8ugqfxskevc,"“抬头”他永远记得第一次来到偌大的皇宫，身着丧服的女人对他说的第一句话。
“以后你就是他”",2021/11/09,4460000,278413,0,0,0,,,,,
0c117e7e,快手,https://www.kuaishou.com/short-video/3xadr9gnutamy4u,"原来所谓相爱，从一开始便是错觉。
你不是他，我也成不了她。
所以，你还想我们相互欺骗到什么时候。
#圻夏夏 #锦超",2021/11/01,3916000,234578,0,0,0,,#圻夏夏#锦超,,,
eb45d53e,快手,https://www.kuaishou.com/short-video/3xiu2z7pzjsicr4,终于，找到你了。,2021/10/30,2447000,129162,0,0,0,,,,,
fd97b1b4,快手,https://www.kuaishou.com/short-video/3x6x9pmfww4u846,"“你喜欢她呀？就跟当初喜欢我一样？”
“…你真以为我不会对你动手吗？”
“你总是这么心慈手软”
#圻夏夏",2021/10/28,1286000,17284,0,0,0,,#圻夏夏,,,
adaafbf4,快手,https://www.kuaishou.com/short-video/3xdimmddxk7wu3g,只是因为像她…而已吗,2021/10/26,6196000,445067,0,0,0,,,,,
d79634b2,快手,https://www.kuaishou.com/short-video/3x9bq5i5ygs9cs4,突然发现这个配音，好合适！,2021/10/24,787000,16839,0,0,0,,,,,
4d240ad2,快手,https://www.kuaishou.com/short-video/3xmgx3xinasm42g,传说中，那傣族雨林里有宝藏…,2021/10/23,1090000,79772,0,0,0,,,,,
ce7dcf61,快手,https://www.kuaishou.com/short-video/3xv3z67mjyifrfc,私奔吧！,2021/10/22,3545000,214740,0,0,0,,,,,
4261098a,快手,https://www.kuaishou.com/short-video/3xzzyperupv75a4,"这场赌局的输赢我不感兴趣，只是想看看你们的结局而已。
#圻夏夏",2021/10/21,502000,6426,0,0,0,,#圻夏夏,,,
23f68426,快手,https://www.kuaishou.com/short-video/3xzcj6a8nxr4jg9,恨为剧毒，爱为解药。,2021/10/18,527000,11592,0,0,0,,,,,
0db4c101,快手,https://www.kuaishou.com/short-video/3xbh57jwxnyk2qq,若真有这么一天，战场之上，我不幸被俘，还希望你能亲手了结我的性命。,2021/10/14,470000,9805,0,0,0,,,,,
5cf27f67,快手,https://www.kuaishou.com/short-video/3x7it3iecz6trrq,"（三兔系列完结撒花～）
主动一点嘛，万一你喜欢的人刚好也喜欢你呢！",2021/10/12,592000,21393,0,0,0,,,,,
1069556f,快手,https://www.kuaishou.com/short-video/3xn94e6p6hpujmc,（三兔番外五）既然是我弄乱了你的心，那不然…你就来弄乱我的床吧～,2021/10/07,2109000,90438,0,0,0,,,,,
6afb828f,快手,https://www.kuaishou.com/short-video/3xj263v8rduh5wg,以后跟着我吧，小乞丐。,2021/10/05,520000,13068,0,0,0,,,,,
c5d4e794,快手,https://www.kuaishou.com/short-video/3xq89vrgrdba57u,（三兔番外3）相信一见钟情吗？其实吧，见你的第一面我就想嫁给你了～,2021/10/03,1165000,61393,0,0,0,,,,,
4c374a93,快手,https://www.kuaishou.com/short-video/3xw4xq7z3xwk9rq,"哥…
我可能没有办法和你一起回家了。
#圻夏夏",2021/10/01,781000,50783,0,0,0,,#圻夏夏,,,
0e496758,快手,https://www.kuaishou.com/short-video/3xcnaahc9iw8n5g,（预告）哥，我不后悔。,2021/09/29,509000,17640,0,0,0,,,,,
10e40de5,快手,https://www.kuaishou.com/short-video/3x94tg3wsee9i6k,不是儿臣变了，只是儿臣长大了，您该高兴才是，父皇。,2021/09/26,1251000,117593,0,0,0,,,,,
d19ea456,快手,https://www.kuaishou.com/short-video/3xuc73md2v8f8w6,（三兔番外二）小老鼠有什么好怕的..当然如果他在场的话，我就假装害怕一下好啦～,2021/09/24,505000,17231,0,0,0,,,,,
831ef217,快手,https://www.kuaishou.com/short-video/3xgabjx5evzrwbs,所以，她就是你一直藏在心里的那个人吗？#圻夏夏,2021/09/22,1137000,104230,0,0,0,,#圻夏夏,,,
52c34610,快手,https://www.kuaishou.com/short-video/3xmnrkxu6w7bz4g,（预告）若我会是你往后的执念，那便当作从未遇见吧。#圻夏夏,2021/09/22,573000,19530,0,0,0,,#圻夏夏,,,
42bfe6ae,快手,https://www.kuaishou.com/short-video/3xznfg28df8g4ss,（三兔番外一）“香膏店的老板娘说，可以把香膏抹在想让心上人亲的位置。”#圻夏夏 #锦超 #唐宫盛宴真香,2021/09/20,2508000,161781,0,0,0,,#唐宫盛宴真香#圻夏夏#锦超,,,
485f269a,快手,https://www.kuaishou.com/short-video/3xr9nvujbq4j7iy,"我总会陪着你的，姐姐。
出境：我、@圣微(O3xhaiwphp7wufra)",2021/09/14,490000,19913,0,0,0,,,,,
85e28a37,快手,https://www.kuaishou.com/short-video/3xnnf3eci78wj6g,你头发乱了哦。,2021/09/13,372000,9792,0,0,0,,,,,
edc0e9f8,快手,https://www.kuaishou.com/short-video/3xnqb4utag3iqss,其实，我想说的是，我心悦你。#HH羽粉饼,2021/09/11,497000,28969,0,0,0,,#HH羽粉饼,,,
76a0f1e4,快手,https://www.kuaishou.com/short-video/3xm8fz5p68kqwym,"虽迟但到。
🎬：千里明
出境：我、@圣微(O3xhaiwphp7wufra)",2021/09/09,827000,59238,0,0,0,,,,,
3b921e40,快手,https://www.kuaishou.com/short-video/3x9avh46ps8zfeu,夜夜笙歌。🎬：@知竹zZ(O3x4y7uzvqsk4syy),2021/09/03,390000,14168,0,0,0,,,,,
c83eddb9,快手,https://www.kuaishou.com/short-video/3xazhej9d8ttx76,不符合社区规范是什么鬼？你倒是告诉我哪不符合了？,2021/09/01,946000,29400,0,0,0,,,,,
ec8801af,快手,https://www.kuaishou.com/short-video/3xjw5dk86f9n8ne,你猜猜，你抓到的，是仙子还是妖怪？#圻夏夏,2021/08/30,303000,4787,0,0,0,,#圻夏夏,,,
d9c66205,快手,https://www.kuaishou.com/short-video/3xnyi6t7qa68gnw,"是梦吗…是梦啊…真希望可以不用醒来。
🎬：@知竹zZ(O3x4y7uzvqsk4syy)",2021/08/26,347000,13569,0,0,0,,,,,
470d6c68,快手,https://www.kuaishou.com/short-video/3xn9v8izzrem4fu,这世间我来过一趟，还能遇见你…已是最幸运不过的事情。#花皙蔻,2021/08/24,2108000,205156,0,0,0,,#花皙蔻,,,
a41b0e0c,快手,https://www.kuaishou.com/short-video/3x3ysnzskuknek4,长久的爱意从来不是单向奔赴。#唐宫盛宴真香,2021/08/20,1058000,55622,0,0,0,,#唐宫盛宴真香,,,
7faca19a,快手,https://www.kuaishou.com/short-video/3x74cb7jhqnbavu,GB是什么令人上头的文学！,2021/08/17,389000,16217,0,0,0,,,,,
1eefee53,快手,https://www.kuaishou.com/short-video/3xfzymzkupid9ck,我永远记得，你…来过。 #一生锁爱永结同心 @花西子Florasis,2021/08/14,391000,5460,0,0,0,,#一生锁爱永结同心,,,
6b9ed440,快手,https://www.kuaishou.com/short-video/3x7tcax94harsng,（预告）你是什么东西，也配来问我。,2021/08/14,1818000,55594,0,0,0,,,,,
040d0dcd,快手,https://www.kuaishou.com/short-video/3xc36xras293d54,"（预告）阿爹说的没错，女追男隔层纱，没什么好矜持的～
🎬：谢泽、千里明
出境：我、@锦超jc(O3xqcjcem9zaqti9)",2021/08/10,761000,46341,0,0,0,,,,,
3280461e,快手,https://www.kuaishou.com/short-video/3x6pnjfcy2jd35e,（预告）“世间之事岂能两全”“为何不能”,2021/08/06,376000,12210,0,0,0,,,,,
296087a6,快手,https://www.kuaishou.com/short-video/3x2hrb2y9af3622,你真的不哄哄我吗？好吧..那我自己哄自己吧！出境：我、@锦超jc(O3xqcjcem9zaqti9),2021/08/04,427000,15784,0,0,0,,,,,
4c9d8b10,快手,https://www.kuaishou.com/short-video/3xz7nqprmbp95ww,一生所愿不多，唯你而已。#古风美人##芙清##凉茶礼盒,2021/08/04,345000,8626,0,0,0,,#古风美人#凉茶礼盒#芙清,,,
2df37088,快手,https://www.kuaishou.com/short-video/3x9wk9dhh8t3geu,这个故事到底该有个怎么样的结局呢？,2021/07/26,1578000,122335,0,0,0,,,,,
c57cc8de,快手,https://www.kuaishou.com/short-video/3xtzf7s4mp39cj9,这次是一个痞帅的小将军。#圻夏夏 #华裳九州 #国风大赏,2021/07/24,286000,7459,0,0,0,,#圻夏夏#国风大赏#华裳九州,,,
e7002093,快手,https://www.kuaishou.com/short-video/3xr5dxazdpqnjd2,小兔子要去哪玩儿？带着我呗～,2021/07/23,369000,19287,0,0,0,,,,,
9c6ae1d8,快手,https://www.kuaishou.com/short-video/3x74g5i67r8b954,"蒙眼睛让本就近视眼的我雪上加霜！ 
👗：七月夕",2021/07/22,343000,18231,0,0,0,,,,,
11822819,快手,https://www.kuaishou.com/short-video/3xvyswhsz8986ik,"殊途，殊途...殊途还能同归吗？#圻夏夏
🎬：朵声，出境：我、美喵喵",2021/07/18,255000,6045,0,0,0,,#圻夏夏,,,
b25c8c92,快手,https://www.kuaishou.com/short-video/3xgz4e6udw97864,是夏天的荷塘呀～,2021/07/15,228000,7185,0,0,0,,,,,
88e4eef9,快手,https://www.kuaishou.com/short-video/3xjwt4s4mw9sjpc,welcome to the show,2021/07/11,578000,64430,0,0,0,,,,,
ea290709,快手,https://www.kuaishou.com/short-video/3x4cvqaurtkc6y2,“他们都以为他们都以为你被我杀死了，我是不是很聪明啊？...其实啊，我从来没有怪过你..”,2021/07/06,228000,5272,0,0,0,,,,,
8a2801f4,快手,https://www.kuaishou.com/short-video/3xijhc6enphxpqi,神救不了你，唯有自救,2021/07/04,280000,8990,0,0,0,,,,,
8c3e64ee,快手,https://www.kuaishou.com/short-video/3xjpcjdrapde69a,原来竟只是我一人的执念罢了..,2021/07/02,250000,9677,0,0,0,,,,,
946111e3,快手,https://www.kuaishou.com/short-video/3xg7s8thhhhzsg2,情之一字啊...,2021/06/29,2090000,218985,0,0,0,,,,,
fe599c43,快手,https://www.kuaishou.com/short-video/3xcq48gmykhiyuk,一个人睡怕不怕？,2021/06/25,241000,5341,0,0,0,,,,,
2b96736c,快手,https://www.kuaishou.com/short-video/3x8p86k5dckwgz4,你保护了我这么久，也让我保护你一次吧。,2021/06/20,285000,9439,0,0,0,,,,,
09132de6,快手,https://www.kuaishou.com/short-video/3xphkxjtgweyfyw,我是什么绝世渣男,2021/06/20,602000,28607,0,0,0,,,,,
1f86ba1f,快手,https://www.kuaishou.com/short-video/3xs968wkk2g7mmc,这么直白地盯着妾身。,2021/06/17,238000,8523,0,0,0,,,,,
62aa9e67,快手,https://www.kuaishou.com/short-video/3xd72aw73m2vtai,“是世俗的错，不是我们”,2021/06/15,215000,8158,0,0,0,,,,,
be377adc,快手,https://www.kuaishou.com/short-video/3xz6vdg7w2q7sn9,刷到这个bgm！不剪不是人！,2021/06/13,240000,8757,0,0,0,,,,,
b93798f3,快手,https://www.kuaishou.com/short-video/3x32ptwr3bxrbqs,"人生苦短，何妨一试。
🎬：君辞
出境：我，@妞·妞·妞(O3x944cppc3ek85s)",2021/06/13,313000,5317,0,0,0,,,,,
5d3e82f7,快手,https://www.kuaishou.com/short-video/3xfwpefmqev3sn2,当爱恨情仇，都化乌有,2021/06/11,227000,8178,0,0,0,,,,,
fcdaea8b,快手,https://www.kuaishou.com/short-video/3xvmq2afq4hwfzc,没有纯，只有御。,2021/06/09,1254000,125495,0,0,0,,,,,
88bfff97,快手,https://www.kuaishou.com/short-video/3xezxcyf3avm69u,"这次，谁是猎物？
🎬：@知竹zZ(O3x4y7uzvqsk4syy) 
出境：我、@圣微(O3xhaiwphp7wufra)",2021/06/08,636000,36490,0,0,0,,,,,
9050e60f,快手,https://www.kuaishou.com/short-video/3xbakmxr79t6t8q,下辈子吧，下辈子...#圻夏夏,2021/06/05,277000,10511,0,0,0,,#圻夏夏,,,
8f1f4a6b,快手,https://www.kuaishou.com/short-video/3xf28nmz2sgc6bc,我输就输在，我才是动了心的那个,2021/06/02,1502000,137806,0,0,0,,,,,
57fea7c1,快手,https://www.kuaishou.com/short-video/3x6a5fmzi2wkf5q,一介凡人，竟敢弑神。,2021/05/31,405000,20635,0,0,0,,,,,
8c7f0d65,快手,https://www.kuaishou.com/short-video/3x3gwsybgvtfv8u,给大家介绍一下我的新老婆哈哈哈@妞·妞·妞(O3x944cppc3ek85s),2021/05/30,301000,5340,0,0,0,,,,,
eab466e9,快手,https://www.kuaishou.com/short-video/3xgwt8iwhmsvcmk,“哟，王爷府上何时来了只西域小野猫？”“她呀可不是什么猫，知道什么是美人蛇蝎吗？”#圻夏夏,2021/05/28,936000,69139,0,0,0,,#圻夏夏,,,
8f8af781,快手,https://www.kuaishou.com/short-video/3xi8xu65h2bqg8y,多少人是这个回眸入的坑哈哈（存个档，不然你们老觉得我凶#圻夏夏,2021/05/26,392000,15790,0,0,0,,#圻夏夏,,,
d52c1761,快手,https://www.kuaishou.com/short-video/3xqafy3v39r29ua,阿爹说过，我们杨家的儿女，只能倒在战场上。#圻夏夏,2021/05/24,1016000,50647,0,0,0,,#圻夏夏,,,
e9aa8b4e,快手,https://www.kuaishou.com/short-video/3xfm35dw9jjptsu,“你独自过了这千百万年，一定觉得很寂寞吧，不如...以后就让我陪着你吧！”“好”,2021/05/17,1362000,60527,0,0,0,,,,,
1dbd0476,快手,https://www.kuaishou.com/short-video/3xuwmbgev3qpute,"既然迷路了，那以后便陪着我吧。
🎬：流云蕊",2021/05/16,4903000,310600,0,0,0,,,,,
9dbfac40,快手,https://www.kuaishou.com/short-video/3x4cy8xgunv8frm,“你赢了”,2021/05/13,644000,20051,0,0,0,,,,,
17647f3a,快手,https://www.kuaishou.com/short-video/3xr2ipgddvzahqw,勿念。,2021/05/10,492000,15288,0,0,0,,,,,
e9460dc0,快手,https://www.kuaishou.com/short-video/3xpcaqqgwsi2juw,那些想说不敢说的话，也许再也说不出口了。,2021/05/07,621000,34616,0,0,0,,,,,
8dc5c702,快手,https://www.kuaishou.com/short-video/3x3d3eacbjdtv3w,江南又烟雨。,2021/05/06,323000,7699,0,0,0,,,,,
51e26cb0,快手,https://www.kuaishou.com/short-video/3x4ex3rkj6e8zj4,花舫的人总是去了又来，而我念的人却不知道我在念着他...我就这么等啊等，都不知道等了多久。🎬：流云蕊,2021/05/05,562000,5663,0,0,0,,,,,
eb864373,快手,https://www.kuaishou.com/short-video/3xaatyr668j6vs2,心有一人。#华裳九州,2021/05/02,245000,4254,0,0,0,,#华裳九州,,,
359eb31c,快手,https://www.kuaishou.com/short-video/3xesm7ui4dkb36m,"仿佛第一次走路。
👗：赋流年
🎬：琉柳",2021/05/02,1193000,101916,0,0,0,,,,,
5eddbd39,快手,https://www.kuaishou.com/short-video/3xxbfxcsvtqaha2,花开了，它们告诉我说，你回来了。🎬：莫嘉嘉嘉,2021/04/30,287000,11593,0,0,0,,,,,
fa1fb157,快手,https://www.kuaishou.com/short-video/3xs7fegz7wwd67q,“他们为什么在流血..好多血..”“别看，别怕，我在”,2021/04/28,2140000,25607,0,0,0,,,,,
85264758,快手,https://www.kuaishou.com/short-video/3x46kfgjxr2yzms,"我想听听，你用什么界定善恶？
🎬：@知竹zZ(O3x4y7uzvqsk4syy)",2021/04/25,698000,11220,0,0,0,,,,,
804812fa,快手,https://www.kuaishou.com/short-video/3xk9929hjhp896q,"“我找不到你，所以就跑出来了”
🎬：千里明",2021/04/22,196000,3202,0,0,0,,,,,
b49a7300,快手,https://www.kuaishou.com/short-video/3xyggkvt23qcf8k,凶狠值max,2021/04/20,275000,11726,0,0,0,,,,,
11dad6da,快手,https://www.kuaishou.com/short-video/3x65axxmth8iyum,“真的值得吗？”“是啊，我也知道不值得，可还是飞蛾扑了火”🎬：@知竹zZ(O3x4y7uzvqsk4syy),2021/04/18,879000,52112,0,0,0,,,,,
0aa7a720,快手,https://www.kuaishou.com/short-video/3x9a4btgbxi97qw,我来混更。,2021/04/13,176000,4617,0,0,0,,,,,
576c885e,快手,https://www.kuaishou.com/short-video/3xhaqzj3gijkscy,张嘴吃糖。🎬：@知竹zZ(O3x4y7uzvqsk4syy),2021/04/03,226000,9326,0,0,0,,,,,
5336219b,快手,https://www.kuaishou.com/short-video/3xzaafpzvxexn5c,我没伤害你，可不代表我这条毒蛇，不会咬人呐,2021/03/31,702000,71449,0,0,0,,,,,
8658656a,快手,https://www.kuaishou.com/short-video/3xxq5ncmfsbrr22,肯定是因为得到过，而又失去了。🎬：@知竹zZ(O3x4y7uzvqsk4syy),2021/03/28,697000,22787,0,0,0,,,,,
fd1c590c,快手,https://www.kuaishou.com/short-video/3x2rk8wdyyjpyu6,“我不求你的原谅，但我只有你了，不能再失去了..”,2021/03/25,514000,7118,0,0,0,,,,,
9d46470f,快手,https://www.kuaishou.com/short-video/3xttczih7f659vm,我总在想，如果她没有记起从前，我们是不是就能一直这么开心下去...,2021/03/23,185000,2984,0,0,0,,,,,
ac09fbbd,快手,https://www.kuaishou.com/short-video/3x2sxkkrce6s9zi,"我再也寻不到他了...
🎬：流云蕊",2021/03/17,636000,12658,0,0,0,,,,,
88f5a19e,快手,https://www.kuaishou.com/short-video/3xes9gxjs8jf7wu,"很久没发自己拍的东西啦～
出境：清熠",2021/03/15,121000,2138,0,0,0,,,,,
9fef2557,快手,https://www.kuaishou.com/short-video/3xdtzr4ruywfc5i,我会化作人间的风雨，陪在你身边。,2021/03/02,758000,94965,0,0,0,,,,,
e64a4800,快手,https://www.kuaishou.com/short-video/3x8fsa69enqx526,"发糖和打架就得是两个人～全组特效最多的人物应该就是我了吧
🎬：@知竹zZ(O3x4y7uzvqsk4syy)",2021/02/23,783000,25986,0,0,0,,,,,
4c349f5a,快手,https://www.kuaishou.com/short-video/3xxqq4efvkqcjqm,"这首歌还蛮适合发糖的哈哈哈
出境：杨馥羽
🎬：@知竹zZ(O3x4y7uzvqsk4syy)",2021/02/21,137000,4642,0,0,0,,,,,
b2b62ee3,快手,https://www.kuaishou.com/short-video/3xx9r2zb9ijft9a,"怎么？已经回不去了，不是么？
🎬：残月筝",2021/02/19,215000,11173,0,0,0,,,,,
7887b134,快手,https://www.kuaishou.com/short-video/3xrrjk79g42ky5g,"“看我干什么？看舞啊”
出境：我，庄翰
🎬：@知竹zZ(O3x4y7uzvqsk4syy)",2021/02/15,135000,3753,0,0,0,,,,,
bdc0af07,快手,https://www.kuaishou.com/short-video/3xdftnf2fs6mc9m,"我这辈子最大的悲哀，就是爱上了你。
🎬：残月筝",2021/02/14,206000,8165,0,0,0,,,,,
3da314ec,快手,https://www.kuaishou.com/short-video/3x5rrw5tyefns6g,"我这一世，都是为你而来的啊...
🎬：残月筝",2021/02/13,193000,9136,0,0,0,,,,,
04a1f068,快手,https://www.kuaishou.com/short-video/3xsidka4p7dnnva,"我不喜欢你现在暴躁的样子，我们之间，还是和从前一样温声细语的，不好吗？
🎬：残月筝",2021/02/11,223000,12330,0,0,0,,,,,
acdcb33b,快手,https://www.kuaishou.com/short-video/3x986wfs88x77va,我才不要回头...,2021/02/09,364000,30973,0,0,0,,,,,
f6a43269,快手,https://www.kuaishou.com/short-video/3xzbzmkpi2tcyga,怎么，连你也想殺了我吗？,2021/02/08,498000,16000,0,0,0,,,,,
df015e17,快手,https://www.kuaishou.com/short-video/3xa42fv4unwms6c,我们做妖的向来说到做到，所以我答应陪着你，就会一直在你身边。,2021/02/02,240000,18094,0,0,0,,,,,
2e4845e7,快手,https://www.kuaishou.com/short-video/3xuv855zw4uu9j9,我肯定，在几百年前就说过...,2021/01/30,537000,49408,0,0,0,,,,,
1d298c19,快手,https://www.kuaishou.com/short-video/3xtrg2f3q3rey84,公子可愿为了我做一切事情？🎬：@知竹zZ(O3x4y7uzvqsk4syy),2021/01/21,260000,11144,0,0,0,,,,,
50625963,快手,https://www.kuaishou.com/short-video/3x6w5anxg4p5vt4,想不想姐姐对你更好啊,2021/01/18,4176000,321392,0,0,0,,,,,
68db514e,快手,https://www.kuaishou.com/short-video/3xj6dwpg6epzqx6,#花西子 诶，你的东西掉了...,2021/01/17,476000,41849,0,0,0,,#花西子,,,
770658f8,快手,https://www.kuaishou.com/short-video/3x7bnexkf8u2hw6,#花西子 我们是不是...在哪里见过？,2021/01/14,3568000,397759,0,0,0,,#花西子,,,
f8471c2c,快手,https://www.kuaishou.com/short-video/3xukfduxx5kcihg,预祝大家新年快乐呀,2020/12/31,178000,3226,0,0,0,,,,,
59209849,快手,https://www.kuaishou.com/short-video/3xnnvqsuruvauji,"过去一场，皆是笑话
🎬：想要铁刘海",2020/12/30,169000,6786,0,0,0,,,,,
7ca4ce2a,快手,https://www.kuaishou.com/short-video/3x95zyuh8m2b37w,盛世点缀，乱世赎罪。,2020/12/28,146000,4669,0,0,0,,,,,
8175a187,快手,https://www.kuaishou.com/short-video/3x3un39vxmsh4z2,"如果是去见你、我一定用飞的！
🎬：走回去了v
出镜：我、欢欢",2020/12/26,347000,23131,0,0,0,,,,,
25a09b6f,快手,https://www.kuaishou.com/short-video/3x728zjrepbwrqi,我知道，这是梦。🎬：君辞,2020/12/24,225000,14124,0,0,0,,,,,
35370605,快手,https://www.kuaishou.com/short-video/3xjubx7i2zfg2ag,我只怪自己太清醒，连梦里都知道你不会随我的心意...,2020/12/22,439000,34276,0,0,0,,,,,
a6561bca,快手,https://www.kuaishou.com/short-video/3x9myk8y5x4yh59,"为什么我的cp不是在干架就是在干架的路上？@洋洋SP(O3xuj2376f2b693a) 
🎬：君辞",2020/12/20,188000,3854,0,0,0,,,,,
1e42a9d4,快手,https://www.kuaishou.com/short-video/3xqus8wd3vzjtwq,"“这单生意，我接了。”
拍摄：君辞",2020/12/17,126000,2773,0,0,0,,,,,
db97553f,快手,https://www.kuaishou.com/short-video/3xerymb5pkrqk74,太久了，我都不记得自己是人是鬼..我只觉得这片竹林，许久没有人来过了,2020/12/12,708000,114495,0,0,0,,,,,
30a44e6e,快手,https://www.kuaishou.com/short-video/3xd3mdnqgjsw5ma,公子何不留下？,2020/12/10,263000,26096,0,0,0,,,,,
7755f4db,快手,https://www.kuaishou.com/short-video/3xvnvpvb5f64ufg,斥巨资配了走秀的剧情，确定不来看看？,2020/12/08,109000,3477,0,0,0,,,,,
8e3a1a1d,快手,https://www.kuaishou.com/short-video/3xhwfwpjnjbtiys,我的目标，是你哦,2020/12/07,187000,9956,0,0,0,,,,,
3324ce7d,快手,https://www.kuaishou.com/short-video/3xxwi7gwg7s8p8q,"没啥素材，就穿插着看吧～#中国华服日 
衣服是今时月家的",2020/12/06,96000,1856,0,0,0,,#中国华服日,,,
58a51caf,快手,https://www.kuaishou.com/short-video/3x3p2es682qvfma,话那么多干嘛？打就完事了呗！,2020/12/02,152000,8151,0,0,0,,,,,
90bb0a4f,快手,https://www.kuaishou.com/short-video/3xu7cxshvd9etis,其实现实中的我就真的很普通，没化妆我就是路人，化了好看的妆谁都好看呀～所以大家对自己自信一点，自信最美！,2020/12/01,113000,4089,0,0,0,,,,,
4e8f577b,快手,https://www.kuaishou.com/short-video/3xbci2dwzywxxyc,"我做的这一切我都是为了你啊，你的心难道是铁做的吗？！
🎬：筝
音源：阿七",2020/11/29,222000,13292,0,0,0,,,,,
1d7d966a,快手,https://www.kuaishou.com/short-video/3xz6e82tvtd5tbe,"啊啊啊啊我自己磕到了！ 
🎬：筝
出境：圻夏夏、七七",2020/11/25,1534000,142599,0,0,0,,,,,
80f50f74,快手,https://www.kuaishou.com/short-video/3xxxubsq5yagpbk,虽然我凶巴巴的，但是我还是想尝试可爱的风格啥的哈哈哈,2020/11/22,217000,16767,0,0,0,,,,,
b9894354,快手,https://www.kuaishou.com/short-video/3xnqgduv7qk399q,"《音容》-完整版bz可看
🎬：残月筝
🧚‍♀️：圻夏夏、七七、池夏专业演员们
bgm：下尘-骨鹤/银灯少年/龙宝宝/莫卿（网☁️可听，mv量身写的，太绝了！）",2020/11/21,237000,14743,0,0,0,,,,,
61e9477a,快手,https://www.kuaishou.com/short-video/3x9fwnmewyeq6js,到我这里来。,2020/11/17,134000,3484,0,0,0,,,,,
28b3d1b1,快手,https://www.kuaishou.com/short-video/3x7yucn9zan47su,我们这类人，属于背阳面。,2020/11/15,172000,7332,0,0,0,,,,,
e4583deb,快手,https://www.kuaishou.com/short-video/3xpipuppm8v8rs2,素颜你们还会爱我吗哈哈哈哈,2020/11/11,106000,2003,0,0,0,,,,,
7f8c2e87,快手,https://www.kuaishou.com/short-video/3xi9bdbbewta3iw,我是张生，张生亦是我。,2020/11/08,203000,8883,0,0,0,,,,,
4d4126b3,快手,https://www.kuaishou.com/short-video/3xrxgtb8q4csctm,"不是说爱我吗？为何现在都不敢看着我？
🎬：筝",2020/11/06,301000,24121,0,0,0,,,,,
f2ab4343,快手,https://www.kuaishou.com/short-video/3xfwwdjxecneppq,天地不仁，以万物为刍狗。,2020/11/05,149000,7703,0,0,0,,,,,
75c8ca6e,快手,https://www.kuaishou.com/short-video/3xrkzeudbiby6rc,"怎么，你现在不喜欢我了？
🧚‍♀️：圻夏夏、七七
🎬：残月筝
👗：池夏-蝉时雨",2020/11/04,1279000,96893,0,0,0,,,,,
17e4adb2,快手,https://www.kuaishou.com/short-video/3xur6h4ztjae8pa,"我想拍这段真的很久了！！感谢大王圆梦！ #古风 
🎬：@知竹zZ(O3x4y7uzvqsk4syy)",2020/11/02,158000,6683,0,0,0,,#古风,,,
13e7f750,快手,https://www.kuaishou.com/short-video/3x5w7fgs86z6j3m,"人总是会变的，你所坚信的那个人，也许有一天会是摧毁你信仰的人...@快手粉条(O3xhcy6vhfzcu3qe)   
🎬；筝",2020/10/30,570000,61444,0,0,0,,,,,
2878870d,快手,https://www.kuaishou.com/short-video/3xvi344qmtqspm9,吃糖葫芦吗？,2020/10/29,90000,1191,0,0,0,,,,,
a6f07a1a,快手,https://www.kuaishou.com/short-video/3x4rcjj2sibhwnm,胡玉楼，跟着去吗？,2020/10/25,92000,1991,0,0,0,,,,,
8389fa67,快手,https://www.kuaishou.com/short-video/3xjiygcbn93pb2i,"游园惊梦家双十一新品木兰
大家冲呀！！",2020/10/25,81000,1717,0,0,0,,,,,
ec89ef66,快手,https://www.kuaishou.com/short-video/3xruvup373srzam,座机画质！,2020/10/20,95000,3157,0,0,0,,,,,
3f398ca7,快手,https://www.kuaishou.com/short-video/3xwhjqshejnim72,"爱恨此消彼长。
🎬：走回去了v
@快手粉条(O3xhcy6vhfzcu3qe)",2020/10/18,74000,1765,0,0,0,,,,,
ef77b283,快手,https://www.kuaishou.com/short-video/3xkbhe52khv999w,又是怀疑性别的一天？,2020/10/16,121000,3803,0,0,0,,,,,
201d1e6c,快手,https://www.kuaishou.com/short-video/3xai7bdtt8fnr4w,姜子牙，好久不见。,2020/10/14,90000,2826,0,0,0,,,,,
e1036d5e,快手,https://www.kuaishou.com/short-video/3x5ayn2d7ymv24c,来pick一下吧！,2020/10/10,102000,5240,0,0,0,,,,,
2df0fb87,快手,https://www.kuaishou.com/short-video/3xe5cqa7dbp7inc,赢了就是苏妲己，输了就是杨玉环。我赌我赢了。@快手粉条(O3xhcy6vhfzcu3qe),2020/10/09,156000,7716,0,0,0,,,,,
1d65dbec,快手,https://www.kuaishou.com/short-video/3xy37t6dhfbetny,我要为自己解释一下！其实我是最近饿瘦了，所以连带着脸一起瘦了一圈！,2020/10/07,1612000,131610,0,0,0,,,,,
615df9a8,快手,https://www.kuaishou.com/short-video/3xanrdkrikdfcwy,没错都是我哈哈哈,2020/10/06,3157000,287653,0,0,0,,,,,
00ded1cd,快手,https://www.kuaishou.com/short-video/3x2stb4i5n3txe9,"#华裳九州 
帅气如我！",2020/10/05,308000,15187,0,0,0,,#华裳九州,,,
f0981d2c,快手,https://www.kuaishou.com/short-video/3xhf8qx47penbsy,哟、吹笛子呢，教教我呗～,2020/09/21,151000,5263,0,0,0,,,,,
843f8ba6,快手,https://www.kuaishou.com/short-video/3x44dnweg6x27gm,当一个女人开始专心搞事业的时候...,2020/09/18,95000,3425,0,0,0,,,,,
1eb2f81d,快手,https://www.kuaishou.com/short-video/3xtwyi9i9by42qg,学会了吗？,2020/09/18,247000,14724,0,0,0,,,,,
d3720a8a,快手,https://www.kuaishou.com/short-video/3xnj96f98myy5ew,一别多年，不知眼前人是否还是当年人。@快手粉条(O3xhcy6vhfzcu3qe),2020/09/10,103000,5270,0,0,0,,,,,
af2431ea,快手,https://www.kuaishou.com/short-video/3xn8vpwzwinc2xm,"小仙男的日常。
🎬：我
出镜：戴戴",2020/09/09,84000,1937,0,0,0,,,,,
8c133a99,快手,https://www.kuaishou.com/short-video/3xrdz4hcgs97ibu,"替我告诉她，我想她了。
@快手粉条(O3xhcy6vhfzcu3qe)",2020/09/05,78000,2408,0,0,0,,,,,
21593bba,快手,https://www.kuaishou.com/short-video/3xb8ck4jp7dq5j4,多年之后，坊间红极一时的姑娘弹着琵琶，眼波流转间浅笑盈盈，酒后她玩笑般说起，当年真心托付一人，等来的，却是他和别人的一纸婚书。🎬：@知竹zZ(O3x4y7uzvqsk4syy),2020/09/03,99000,5987,0,0,0,,,,,
acc1afae,快手,https://www.kuaishou.com/short-video/3xbscpf3bskqhem,"也只能到此为止了。
@快手粉条(O3xhcy6vhfzcu3qe)",2020/09/02,141000,7305,0,0,0,,,,,
b6f91291,快手,https://www.kuaishou.com/short-video/3xc4r4jc87yznue,"我答应过大家，会经常带你们看帅哥！我来兑现承诺了！
@快手粉条(O3xhcy6vhfzcu3qe)",2020/09/01,67000,2023,0,0,0,,,,,
b2ea1bc8,快手,https://www.kuaishou.com/short-video/3xtrmzwnytuhzzg,"“不是说戒了吗？”“夫 夫人...别生气我错了！你看这是我选了好久的东西，为夫给你戴上！”“那好吧，就再原谅你一次～”
@快手粉条(O3xhcy6vhfzcu3qe)",2020/08/31,85000,3385,0,0,0,,,,,
9fb14403,快手,https://www.kuaishou.com/short-video/3xah39vakbn2cd6,"“这就是男人吗？你不喜欢他为什么还跟他玩？”“妖是不懂这些的。”
🎬：残月筝
出镜：我、清熠",2020/08/29,158000,6808,0,0,0,,,,,
88005fe1,快手,https://www.kuaishou.com/short-video/3x9xa93iwrqari9,"那个等了你许久的人，还记得她吗？
@快手粉条(O3xhcy6vhfzcu3qe)",2020/08/28,60000,1451,0,0,0,,,,,
44c2514c,快手,https://www.kuaishou.com/short-video/3x4k5fsc3gznmhi,"喜欢这段预告！
大家快去蹲池夏招珏的第二季呀！！
🎬：残月筝
出境：我、池江 
@快手粉条(O3xhcy6vhfzcu3qe)",2020/08/27,90000,2405,0,0,0,,,,,
37cf7886,快手,https://www.kuaishou.com/short-video/3xdkvzfttbebrs9,爱有万分之一甜，宁愿我就葬在这一点。,2020/08/26,68000,1570,0,0,0,,,,,
c4ff3a0c,快手,https://www.kuaishou.com/short-video/3xa6u2mshzjjbc9,"｜盗（二）｜
【答应我一定要看完！！！】
🎬：走回去了v
出境：我、庄翰
#打戏 #古风 @快手粉条(O3xhcy6vhfzcu3qe)",2020/08/23,60000,1503,0,0,0,,#打戏#古风,,,
0a20295f,快手,https://www.kuaishou.com/short-video/3xc2u53vggan3gs,暖矣，孤矣,2020/08/22,101000,6325,0,0,0,,,,,
65f1bc44,快手,https://www.kuaishou.com/short-video/3xw5sdzq4pnrbry,"妖的几世很长，可以旁观凡人的几世，却看不透一瞬的人心。就算遇到真心之人，也无法陪她到老。
拍摄：残月筝
出境：我、清熠
衣服：池夏
 #汉服 @快手粉条(O3xhcy6vhfzcu3qe)",2020/08/19,779000,92157,0,0,0,,#汉服,,,
d645a6bf,快手,https://www.kuaishou.com/short-video/3xwcw278kfvdw54,如果可以，我也想与公子白头，可惜我没得选择。,2020/08/12,100000,4658,0,0,0,,#作品推广,,,
1029591e,快手,https://www.kuaishou.com/short-video/3xhpaex47tfbzxa,来打架！,2020/08/07,85000,2114,0,0,0,,,,,
73164aa0,快手,https://www.kuaishou.com/short-video/3x74sp8kepki6wu,所以爱会消失，对不对。,2020/08/03,54000,923,0,0,0,,,,,
3afdd0a2,快手,https://www.kuaishou.com/short-video/3x94dgu527hwz8q,一起逛街吗？,2020/08/01,66000,2367,0,0,0,,#作品推广,,,
5db2c9cf,快手,https://www.kuaishou.com/short-video/3xdevukpk9zxzca,"我想不到如果有天你不在了会怎样。
🎬：我
出境：清熠/芊芊",2020/07/26,48000,1295,0,0,0,,,,,
606e1c1b,快手,https://www.kuaishou.com/short-video/3x3azya4dwrfsfi,"拍摄：走回去了v
出境：我、杨伊墨
妆造：玉侠、温蛋羹
我真是干啥啥不行跑路第一名！
@快手粉条(O3xhcy6vhfzcu3qe)",2020/07/21,66000,2802,0,0,0,,,,,
148fe544,快手,https://www.kuaishou.com/short-video/3xkagvq6q23mqam,"｜辞.九门回忆｜
张启山你看
将死之人，满眼背影
未亡之人，何等光景

出境：刘向东
摄/后：我
妆造：阿蕊
动作指导：宜修
发起人：白酱
@快手粉条(O3xhcy6vhfzcu3qe) #戏子",2020/07/13,65000,2951,0,0,0,,#戏子,,,
3863b353,快手,https://www.kuaishou.com/short-video/3xct7gzr86w9tks,"【为你而来】
杏花结子春深后，谁解多情又独来。
出境：青尢/天天
摄/后：我",2020/07/11,50000,962,0,0,0,,,,,
192d0580,快手,https://www.kuaishou.com/short-video/3xcrjn66frrsy9c,青白。,2020/07/10,43000,858,0,0,0,,,,,
9b0fe7af,快手,https://www.kuaishou.com/short-video/3x6pmmkaz3pv4es,长得好看的人根本没有什么死亡角度一说,2020/07/07,53000,1218,0,0,0,,,,,
50da5a86,快手,https://www.kuaishou.com/short-video/3xnhrvw5bjjxbm2,为你而来预告。@小居佩琪(O3x3mupnirhuc9a6),2020/07/05,52000,667,0,0,0,,,,,
1470e570,快手,https://www.kuaishou.com/short-video/3x3smr8hsmxmg34,预告！,2020/07/04,60000,1469,0,0,0,,,,,
4bf90dc0,快手,https://www.kuaishou.com/short-video/3x3u6hw23e5rvt9,预告预告,2020/06/24,53000,1386,0,0,0,,,,,
7ef7b925,快手,https://www.kuaishou.com/short-video/3xyw89ciw885g7a,喜大普奔，我终于营业了,2020/06/23,53000,1672,0,0,0,,,,,
ebe212eb,快手,https://www.kuaishou.com/short-video/3xbdjk7zbrnywku,"难得拍一次小哥哥，你们心动了嘛！
拍摄：圻夏夏
出境：戴戴",2020/06/21,40000,694,0,0,0,,,,,
e91cded6,快手,https://www.kuaishou.com/short-video/3xnqxqgtfipa274,"为我的江湖梦迈出第二步！
拍摄：走回去了v
出境：辫子，我
妆造：玉侠，温蛋羹",2020/06/14,45000,890,0,0,0,,,,,
b596f9c0,快手,https://www.kuaishou.com/short-video/3xxp2ffayukneps,这首歌好上头！,2020/06/05,43000,1020,0,0,0,,,,,
b928f8d6,快手,https://www.kuaishou.com/short-video/3xvfw2aghsxy4ke,"“我慕容云海对着天空发誓，这辈子只爱楚雨荨一个人！”
是青春年少的回忆没错了！",2020/06/05,45000,1219,0,0,0,,,,,
d8d7d083,快手,https://www.kuaishou.com/short-video/3x5z7iu9rnad3n9,不能再错过明年的花季了！,2020/05/27,45000,1314,0,0,0,,,,,
1d4ac624,快手,https://www.kuaishou.com/short-video/3xfgnawwtqfgahu,这套宋制香了。（试罗香-夏岚）,2020/05/25,75000,1256,0,0,0,,,,,
c59cf041,快手,https://www.kuaishou.com/short-video/3xjir7gt2yvsm84,"“想不想看自己扮作女儿家的样子有多美？”“那就有劳公主了”
📷：残月筝
出境：圻夏夏/春山
妆造：念念
衣服：池夏",2020/05/22,112000,7506,0,0,0,,,,,
a241d6f7,快手,https://www.kuaishou.com/short-video/3xumw6ffd42g8uw,"导演问，听说过禁忌女孩吗？

导/摄/后：残月筝
出境：夏梵/圻夏夏
衣服：池夏-兰若，池夏-竹月",2020/05/04,53000,2015,0,0,0,,,,,
03bb9344,快手,https://www.kuaishou.com/short-video/3x2qd2faabrpi32,跟我在一起吧，我有良心～,2020/04/29,64000,2001,0,0,0,,,,,
8edcec1c,快手,https://www.kuaishou.com/short-video/3xkqqw3x2nbbucg,"怕你家官人看见？别怕，他在我府上喝茶呢，我娘子会好好招待他的。
（欢迎收看拍电影兼职卖汉服的池夏频道节目《绿中绿》）
导演/摄影/后期：残月筝
小娘子：木枭
公子：圻夏夏 
公子的娘子：夏梵 
只有半个脸的：池江 
配音：字典下来的活智障",2020/04/26,186000,15983,0,0,0,,,,,
2b74a6d3,快手,https://www.kuaishou.com/short-video/3xtqy8pdmcx7ksg,哈哈哈哈是什么让姐妹反目成仇？！是男人吗？不！是爱情！,2020/04/19,51000,1320,0,0,0,,,,,
0aee9764,快手,https://www.kuaishou.com/short-video/3xkbrkvc2pib3yy,你一个凡夫俗子算什么东西！！（还挺搭的..？）,2020/04/17,104000,4741,0,0,0,,,,,
61bde6c5,快手,https://www.kuaishou.com/short-video/3x6qhbjmvd8ahsq,double kill！,2020/04/15,92000,5715,0,0,0,,,,,
f5a85184,快手,https://www.kuaishou.com/short-video/3xew9gbu56fwh3i,我有千千万，黑化最好看？,2020/04/13,45000,1332,0,0,0,,,,,
979aec8b,快手,https://www.kuaishou.com/short-video/3xmfhhgvuf3wnpu,故人发已衰白，红尘覆盖，不奢求重来。,2020/04/11,57000,3607,0,0,0,,,,,
4107c7ce,快手,https://www.kuaishou.com/short-video/3xmzwpdaibusifg,想起一些过往，恍若隔世。,2020/04/09,43000,1249,0,0,0,,,,,
8593911f,快手,https://www.kuaishou.com/short-video/3xakz9eswaan2j6,春。,2020/04/07,37000,904,0,0,0,,,,,
1b0bc686,快手,https://www.kuaishou.com/short-video/3x4gs6xzte2nsmq,玲珑骰子安红豆，入骨相思知不知。,2020/04/05,84000,7440,0,0,0,,,,,
f4dd5d11,快手,https://www.kuaishou.com/short-video/3xezn78wazrm4eu,修改一次次离分，我承认，曾幻想过永恒。,2020/04/03,40000,967,0,0,0,,,,,
60e748fe,快手,https://www.kuaishou.com/short-video/3xwpnf3ck3wt6vm,第二段预告，快乐是你们的我什么都没有(>﹏<),2020/04/03,43000,1039,0,0,0,,,,,
e3ee19e3,快手,https://www.kuaishou.com/short-video/3xqvchz8by5e47y,"开年第一打～
谢谢大佬们带我飞～",2020/03/30,49000,1537,0,0,0,,,,,
a689e367,快手,https://www.kuaishou.com/short-video/3xusd9kw877zwzw,夜樱。我感觉我好像会跳舞了？,2020/03/29,50000,1772,0,0,0,,,,,
b228513f,快手,https://www.kuaishou.com/short-video/3xy2s8urk8q8smk,我...黑化了..,2020/03/26,164000,6952,0,0,0,,,,,
c7b51a33,快手,https://www.kuaishou.com/short-video/3x3m7ksgii9j9sm,"hhh
不要被甜甜的预告所迷惑！",2020/03/24,48000,1565,0,0,0,,,,,
83c85a2b,快手,https://www.kuaishou.com/short-video/3xkxjfecewr6j24,樱花又盛开了啊。,2020/03/22,50000,1545,0,0,0,,,,,
9d1e38e2,快手,https://www.kuaishou.com/short-video/3xrvdusgtrjrnjc,是我的人呀。,2020/03/20,773000,76467,0,0,0,,,,,
57cac115,快手,https://www.kuaishou.com/short-video/3xcd8ccg8idyvw6,"也许此去经年，忘了也罢...
（预告一下，这周有大制作拍摄呀，大家期待一下(๑˙ー˙๑)）",2020/03/17,49000,1546,0,0,0,,,,,
296cf0c9,快手,https://www.kuaishou.com/short-video/3xvnhhzbz8u4699,想当年也是实战型选手的我哈哈,2020/03/15,49000,1404,0,0,0,,,,,
db7b4e80,快手,https://www.kuaishou.com/short-video/3xu2ncia9sszxaa,我可以为你穿上红装步于闲庭，着素衣归于山林，亦可以披上铠甲与你齐手并肩征战沙场。,2020/03/13,122000,8673,0,0,0,,#作品推广,,,
25e21373,快手,https://www.kuaishou.com/short-video/3xj4pwz62ez2pne,笔给你们，写一个黑化的故事！,2020/03/10,41000,1201,0,0,0,,,,,
37ea7547,快手,https://www.kuaishou.com/short-video/3xdezazp9bzq3va,那些关于你和我的故事，一开始便结束了。,2020/03/08,53000,2267,0,0,0,,#作品推广,,,
971c4986,快手,https://www.kuaishou.com/short-video/3xsh6ec5bst5q7e,"为和你屋檐下，听一场雨。
出镜：我
拍摄：莫嘉嘉嘉",2020/03/02,220000,7997,0,0,0,,,,,
1e01a550,快手,https://www.kuaishou.com/short-video/3xjqtt3fff4779s,"小爷我可看上你了。
 （过几天就能出去拍照了，宝贝们等我呀）",2020/02/25,41000,917,0,0,0,,#作品推广,,,
61988a11,快手,https://www.kuaishou.com/short-video/3xgrfa94246g2ew,终于可以让汉服见见光了，不想化妆就不露脸啦~有没有想pick的汉服呀，有的话，我就......仔细拍给你们看哈哈哈哈 #汉服安利,2020/02/24,49000,1141,0,0,0,,#汉服安利,,,
ecde1e69,快手,https://www.kuaishou.com/short-video/3xykqdm39cvh8v9,“听说那王二公子婚前暴毙，真是可怜了那未过门的姑娘，好似还得了疯病，穿着红衣又哭又笑，整日徘徊在迎娶的路上...”,2020/02/21,44000,1139,0,0,0,,#作品推广,,,
97f87355,快手,https://www.kuaishou.com/short-video/3x98sxvj2uiedcy,"新年快乐呀～
要年后才能更新啦。大家不要抛弃我啊！！ #汉服",2020/01/21,68000,4131,0,0,0,,#作品推广#汉服,,,
6c797d03,快手,https://www.kuaishou.com/short-video/3xp8duqb92t7i5s,数数我自己也拍了好多汉服了呀，还有好多照片一首歌都不够放...明年希望拍别人的时候别人也常来拍拍我哈哈,2020/01/16,81000,1261,0,0,0,,,,,
bfcaf9d7,快手,https://www.kuaishou.com/short-video/3xjvga3vt3i5bz9,"自君一别，度日如年。
出镜：cici
摄/后：我
（以后要练习一下写真类的视频啦哈哈！剧情类也经常会出哒～）",2020/01/13,37000,743,0,0,0,,,,,
c2916087,快手,https://www.kuaishou.com/short-video/3xgzwzm7nm8kamm,"感谢大家去年的陪伴。
今年我立个flag，一定要多出视频多出照片，让你们多看看我也多看看好看的小哥哥小姐姐们哈哈",2020/01/11,35000,734,0,0,0,,,,,
3e9ef431,快手,https://www.kuaishou.com/short-video/3xsmh5rbtzypih4,"愿岁月无蹉跎，愿天意随人愿。
（大家可以写故事了）",2020/01/06,40000,653,0,0,0,,,,,
a5189638,快手,https://www.kuaishou.com/short-video/3xcbbfbbnqbe4ck,"来吧，需要你们的眼泪！
明天大结局",2020/01/05,43000,757,0,0,0,,,,,
487d6c2f,快手,https://www.kuaishou.com/short-video/3xsmt5kz46ah8nk,"早上好呀～
下一个视频准备虐一下哈哈哈哈",2020/01/04,40000,529,0,0,0,,,,,
d4b110f0,快手,https://www.kuaishou.com/short-video/3xchwper2bhjaai,"来来来，笔给你们。
还有几个part。
到时候记得一起写哈哈哈",2020/01/03,42000,445,0,0,0,,,,,
a2a895e9,快手,https://www.kuaishou.com/short-video/3xmvnxr6t94d6c4,哈哈哈许久不营业的我，这次终于又有个长故事啦～,2020/01/02,83000,1081,0,0,0,,,,,
4bf88eaf,快手,https://www.kuaishou.com/short-video/3x66e9ftqqf9j9a,"2020快乐～
预告奉上～",2020/01/01,38000,920,0,0,0,,,,,
a105372a,快手,https://www.kuaishou.com/short-video/3xd4ak39wbqw7hm,来自小希的预告！一下午两套衣服我也是很佩服我自己！,2019/11/12,46000,1083,0,0,0,,,,,
53aa7447,快手,https://www.kuaishou.com/short-video/3xsazhqv79akhmw,突然发现之前发的闪屏太严重了..原谅我重新发一遍...,2019/11/12,39000,916,0,0,0,,,,,
2a4aeafc,快手,https://www.kuaishou.com/short-video/3xb6v8t29wt2c59,坐等照片嘻嘻。感谢清影的视频～@快手粉条(O3xhcy6vhfzcu3qe),2019/11/11,43000,1387,0,0,0,,#作品推广,,,
e8ced1b0,快手,https://www.kuaishou.com/short-video/3xqejrk69vh5wm6,（续集来啦，全称打戏！）可惜你从来不配当我的对手。,2019/10/19,45000,1073,0,0,0,,,,,
b4d062c0,快手,https://www.kuaishou.com/short-video/3xagcqvrxcsbjti,"没想到你我再见确实今日这般，
师姐，这次我未必会输给你。",2019/10/18,44000,885,0,0,0,,,,,
4ed51362,快手,https://www.kuaishou.com/short-video/3xbvjy4mfk3fuee,【一章】 除你之外，不过寻常。,2019/10/02,47000,1226,0,0,0,,,,,
f0c090d3,快手,https://www.kuaishou.com/short-video/3xc2vhgreqtd28u,【三章】原来你我也有分离的这日，剩我一人独守回忆,2019/09/29,82000,4089,0,0,0,,,,,
12a88afb,快手,https://www.kuaishou.com/short-video/3x7g8ehix2z28qq,【二章】与你看遍世间繁华。,2019/09/25,71000,3037,0,0,0,,,,,
df67f084,快手,https://www.kuaishou.com/short-video/3xm9ig9j5dpmzys,如清风明月。,2019/09/23,108000,7640,0,0,0,,,,,
8bdfeed7,快手,https://www.kuaishou.com/short-video/3xums3sy87v7aj6,"我恨你，恨之入骨。
且爱你，如痴如醉。",2019/09/19,59000,2390,0,0,0,,,,,
71450eb2,快手,https://www.kuaishou.com/short-video/3xg6y38jqq3rsug,长相思兮长相忆，短相思兮无穷极，早知如此绊人心，何如当初莫相识。（节奏很慢哦）,2019/09/11,41000,833,0,0,0,,,,,
83d5c3fb,快手,https://www.kuaishou.com/short-video/3xjg6yrdhkk8hnm,"秋色系视频，明天发！
先放个调色预告～",2019/09/10,48000,1158,0,0,0,,,,,
e4a9c129,快手,https://www.kuaishou.com/short-video/3xshda36c5k4ahq,君心似我。,2019/08/23,41000,568,0,0,0,,,,,
8eccb9c0,快手,https://www.kuaishou.com/short-video/3x8s3pa2vw8gkv6,世间种种，情有独钟。,2019/08/23,46000,718,0,0,0,,,,,
da7e0533,快手,https://www.kuaishou.com/short-video/3xc2zrfyb55gy8m,问君何时还，对窗倚栏杆。,2019/08/17,50000,1259,0,0,0,,,,,
ccce6d44,快手,https://www.kuaishou.com/short-video/3xq24pb3fwnptam,尘世离人，轮回复入。,2019/08/16,51000,761,0,0,0,,,,,
7cc7f2b2,快手,https://www.kuaishou.com/short-video/3xamrpzpju4ya9m,伞下走浮生，剑出莫扬眉。,2019/08/14,64000,1320,0,0,0,,,,,
f6e25010,快手,https://www.kuaishou.com/short-video/3xsdpajhhvhncqm,"妄念（下）
红尘浮世皆可渡，唯你是妄念...",2019/08/01,61000,1047,0,0,0,,,,,
79966013,快手,https://www.kuaishou.com/short-video/3xaqwaxnz4m6ygm,"妄念（中）
愿做飞蛾，奋不顾身。",2019/08/01,69000,1246,0,0,0,,,,,
1010714b,快手,https://www.kuaishou.com/short-video/3xgfmxukmfejj3i,"妄念（上）
菩提尽头相思树，问前尘是缘是劫，谁不负",2019/07/31,117000,5327,0,0,0,,,,,
5435e0ef,抖音,https://www.douyin.com/video/6934986831431847168,我会化作人间的风雨，陪在你身边。,2021/03/02,0,325941,12758,8009,9134,https://p9-pc-sign.douyinpic.com/tos-cn-p-0015/3ef6e417b3994c23a050e266a2521790_1614677457~tplv-dy-360p.jpeg?lk3s=138a59ce&x-expires=1755957600&x-signature=yw7bLCIyTSwR9MVXwcwtsRkMBMI%3D&from=327834062&s=PackSourceEnum_AWEME_DETAIL&se=false&sc=origin_cover&biz_tag=pcweb_cover&l=20250809224414F66F9A66ACC917F83409,,https://sf5-hl-cdn-tos.douyinstatic.com/obj/ies-music/6934986863438514974.mp3,,
651a3867,抖音,https://www.douyin.com/video/6901598619002998031,哪那么多话？打就完事了！（今年部分的打戏混剪，大家顺便锻炼一下脖子哈哈）#字正腔圆,2020/12/02,0,88771,1567,2577,2995,https://p9-pc-sign.douyinpic.com/tos-cn-p-0015/72666223ff7141099d95fa47db98f4c4_1606903660~tplv-dy-360p.jpeg?lk3s=138a59ce&x-expires=1755957600&x-signature=ypXnfDj%2BOdW8PSfn6nc7yzR%2BJ7s%3D&from=327834062&s=PackSourceEnum_AWEME_DETAIL&se=false&sc=origin_cover&biz_tag=pcweb_cover&l=202508092244153ECBE7D22F8D56CDBE16,#字正腔圆,https://sf5-hl-cdn-tos.douyinstatic.com/obj/ies-music/6901613732200991496.mp3,,
458dedb3,抖音,https://www.douyin.com/video/6868101042177854735,坊间红极一时的姑娘弹着琵琶，酒后玩笑般说起，当年真心托付一人，等来的，却是他和别人的一纸婚书。🎬：@知竹zZ,2020/09/03,0,196410,6136,12589,8085,https://p3-pc-sign.douyinpic.com/tos-cn-p-0015/4c65ce12338a428fa37d243105ad6206_1599104393~tplv-dy-360p.jpeg?lk3s=138a59ce&x-expires=1755957600&x-signature=1ZEGK%2FGKD1j8F7xDww6F%2FATs8tg%3D&from=327834062&s=PackSourceEnum_AWEME_DETAIL&se=false&sc=origin_cover&biz_tag=pcweb_cover&l=202508092244154BFBA9DAEBA755F7EBC5,,https://sf5-hl-cdn-tos.douyinstatic.com/obj/ies-music/6868101069677415175.mp3,,
fee27c64,抖音,https://www.douyin.com/video/7491553187451718970,曾经我也以为，遇见你是我此生最幸运的事。 #梦幻手游盘丝洞#圻夏夏,2025/04/10,0,307532,3328,22863,10298,https://p9-pc-sign.douyinpic.com/tos-cn-p-0015c000-ce/oMqy8XMl7BJjgAOdfdQBSOCAXPGgfZSd7P8RSf~tplv-dy-360p.jpeg?lk3s=138a59ce&x-expires=1755957600&x-signature=iVXZ9C7M8hDBem58DxoiQvGWv5M%3D&from=327834062&s=PackSourceEnum_AWEME_DETAIL&se=false&sc=origin_cover&biz_tag=pcweb_cover&l=2025080922441584005C1722D11903E98F,#古风#剧情#剧情演绎#梦幻手游盘丝洞,https://lf9-music-east.douyinstatic.com/obj/ies-music-hj/7491553229340461883.mp3,,
6284f6af,抖音,https://www.douyin.com/video/7431073387490970938,"“我不是小丑女，我是哈莉奎茵。” #即梦AI奇特妆造 #即梦AI #AI奇特妆造的反差感谁懂啊
@圻夏夏 给我帅飞夏总",2024/10/29,0,169012,801,15578,5338,https://p9-pc-sign.douyinpic.com/tos-cn-p-0015c000-ce/ogAJBeZBWIOgeCeyJCGP3gv18Q57INLgUJVBkJ~tplv-dy-360p.jpeg?lk3s=138a59ce&x-expires=1755957600&x-signature=iDp9X5PcQ2z0bePgGaiCvzSCJ8g%3D&from=327834062&s=PackSourceEnum_AWEME_DETAIL&se=false&sc=origin_cover&biz_tag=pcweb_cover&l=20250809224416914BF785BFA582F45F2A,#二次元#ai奇特妆造的反差感谁懂啊#二次元衍生#即梦ai#cosplay#即梦ai奇特妆造,https://sf5-hl-ali-cdn-tos.douyinstatic.com/obj/ies-music/7425764385941162802.mp3,圻夏夏,
f5044eeb,抖音,https://www.douyin.com/video/7336929033143323915,甜言蜜语是表达爱意的有效捷径，实际行动是展示内心的正确方法！#兰蔻小黑瓶发光眼霜 #圻夏夏,2024/02/21,0,334213,10149,23569,18912,https://p9-pc-sign.douyinpic.com/tos-cn-p-0015/oUgBoTtbfS8leAAGQDmS9A2ngDJADKCENR0VQy~tplv-dy-360p.jpeg?lk3s=138a59ce&x-expires=1755957600&x-signature=9Qt91WEoUI1wUPZbr4Uyu2n%2FOSk%3D&from=327834062&s=PackSourceEnum_AWEME_DETAIL&se=false&sc=origin_cover&biz_tag=pcweb_cover&l=202508092244162FBBCD5AD18CAA79AED1,#眼部护肤#护肤#时尚#兰蔻小黑瓶发光眼霜,https://sf5-hl-cdn-tos.douyinstatic.com/obj/ies-music/7336929435376978715.mp3,,合集·黄雀在后
59138feb,抖音,https://www.douyin.com/video/7336854382077676841,梦什么没什么，怕什么来什么！老天爷你干嘛要为难我这棵手无缚鸡之力的小树啊！#圻夏夏 #兰蔻小黑瓶发光眼霜,2024/02/19,0,355830,5562,21024,17438,https://p3-pc-sign.douyinpic.com/tos-cn-p-0015/oAgAG8lIbBE8AFnwgbnZLDCgDffq00DMLtzA9N~tplv-dy-360p.jpeg?lk3s=138a59ce&x-expires=1755957600&x-signature=mUtO3Xy20RB03%2BrGfGMByVyk0W8%3D&from=327834062&s=PackSourceEnum_AWEME_DETAIL&se=false&sc=origin_cover&biz_tag=pcweb_cover&l=20250809224417C89030ACB2B42DF59613,#眼部护肤#护肤#时尚#兰蔻小黑瓶发光眼霜,https://sf5-hl-cdn-tos.douyinstatic.com/obj/ies-music/7336854714023414537.mp3,,合集·黄雀在后
1e3a8646,抖音,https://www.douyin.com/video/7303146158149406004,"“紫金现世，大 同 将至——我愿化作那道光——！”
@圻夏夏 
是我爱的佛爷，是我心疼的小七。
#谷围南亭 #仿妆 #艺术在抖音 #抖音青年艺术家计划#氛围感",2023/11/19,0,122943,3798,15635,6801,https://p9-pc-sign.douyinpic.com/tos-cn-p-0015/oMKEIReDg7DUs9CbAAnAAiWP9tlgaBhAM2Deb2~tplv-dy-360p.jpeg?lk3s=138a59ce&x-expires=1755957600&x-signature=AzSL7qbqPlqgGQIxSHZNsxX31nE%3D&from=327834062&s=PackSourceEnum_AWEME_DETAIL&se=false&sc=origin_cover&biz_tag=pcweb_cover&l=202508092244172E0826F88EF8C08A5F56,#二次元#抖音青年艺术家计划#艺术在抖音#氛围感#二次元衍生#谷围南亭#仿妆#cosplay,,圻夏夏,
f1ccd21d,抖音,https://www.douyin.com/video/7297634165053279551,"一场为月经污名化的平反。
没有不洁和污秽，愿大家坦然对待，勇破偏见。#圻夏夏 #自由点益生菌卫生巾",2023/11/05,0,537416,26404,101889,18281,https://p9-pc-sign.douyinpic.com/tos-cn-p-0015/e422ba862ede4399bb944576830802ad_1699112875~tplv-dy-360p.jpeg?lk3s=138a59ce&x-expires=1755957600&x-signature=1HftrkimgTfs4gcbBaq3NFuRRl0%3D&from=327834062&s=PackSourceEnum_AWEME_DETAIL&se=false&sc=origin_cover&biz_tag=pcweb_cover&l=20250809224418371552FBDEB6798626E2,#日常vlog#自由点益生菌卫生巾#随拍#生活记录,https://sf5-hl-cdn-tos.douyinstatic.com/obj/ies-music/7297634214866520858.mp3,夏弃疾（下乡版）,合集·双夏脑洞大开系列
f5acf59a,抖音,https://www.douyin.com/video/7293798883212168489,恋爱嘛，还是要透过现象看本质～#圻夏夏#兰蔻水粉底,2023/10/25,0,716652,12825,34636,14922,https://p9-pc-sign.douyinpic.com/tos-cn-p-0015/44fce20eb49c40a8bcae05ab4e26a945_1698219952~tplv-dy-360p.jpeg?lk3s=138a59ce&x-expires=1755957600&x-signature=%2FbI2EJ%2F5cckaw1hq76W50CXCeMM%3D&from=327834062&s=PackSourceEnum_AWEME_DETAIL&se=false&sc=origin_cover&biz_tag=pcweb_cover&l=20250809224418A057955D811E9FFBDCD8,#兰蔻水粉底#电视剧剪辑#影视#影视剪辑,https://sf5-hl-cdn-tos.douyinstatic.com/obj/tos-cn-ve-2774/f774c0329c6244698c6915fde1c59f9b,,
46002ded,抖音,https://www.douyin.com/video/7285301934817283347,"设定：污染后的末日来临，某反人类叛逃组织私自进行活体寄生实验。
实验室中，存活下来的最后一只被群体寄生的试验体，发生了变异…
#圻夏夏",2023/10/02,0,2507785,252184,1024673,117123,https://p9-pc-sign.douyinpic.com/tos-cn-p-0015/8ed0676b10624fa8b2bc1e4e5af754c0_1696241557~tplv-dy-360p.jpeg?lk3s=138a59ce&x-expires=1755957600&x-signature=lHjibmQJWmShQH8n96AzOZ42Ztw%3D&from=327834062&s=PackSourceEnum_AWEME_DETAIL&se=false&sc=origin_cover&biz_tag=pcweb_cover&l=20250809224419217B50DB4B86DD929953,#二次元衍生#二次元#汉服,https://sf5-hl-cdn-tos.douyinstatic.com/obj/ies-music/7285301994220358458.mp3,夏弃疾（下乡版）,合集·双夏脑洞大开系列
b8dc1ac4,抖音,https://www.douyin.com/video/7283110088489962791,既然你于我有救命之恩，那不如你以身相许。#兰蔻小黑瓶发光眼霜 #致闪闪发光的夜 #圻夏夏,2023/09/27,0,698433,39173,99862,32215,https://p3-pc-sign.douyinpic.com/tos-cn-p-0015/cdb3faae11854083adb5da64ebf1d564_1695731351~tplv-dy-360p.jpeg?lk3s=138a59ce&x-expires=1755957600&x-signature=P0oI%2B%2Fb1PKE2HtrfnpWERubIzdQ%3D&from=327834062&s=PackSourceEnum_AWEME_DETAIL&se=false&sc=origin_cover&biz_tag=pcweb_cover&l=2025080922442015A8F0391E0C891F658D,#致闪闪发光的夜#兰蔻小黑瓶发光眼霜#电视剧剪辑#影视#影视剪辑,https://sf5-hl-cdn-tos.douyinstatic.com/obj/tos-cn-ve-2774/oopfz5AfbFQMcDDbQnzGcQC2oDBaeaRMd6AoUX,,合集·黄雀在后
22327b0b,抖音,https://www.douyin.com/video/7281618427838483753,救救我，不要丢下我。#圻夏夏 #核污染水排海计划,2023/09/22,0,269258,2851,10251,8314,https://p9-pc-sign.douyinpic.com/tos-cn-p-0015/a71d7d39639b4fa59015a49d943eac63_1695383920~tplv-dy-360p.jpeg?lk3s=138a59ce&x-expires=1755957600&x-signature=IMwxp0Q3zwe04vs0V72UWWyGAls%3D&from=327834062&s=PackSourceEnum_AWEME_DETAIL&se=false&sc=origin_cover&biz_tag=pcweb_cover&l=202508092244205C1CCB6E2464318C6FAD,#摄影#核污染水排海计划#随拍#水下摄影,https://sf5-hl-cdn-tos.douyinstatic.com/obj/ies-music/7281618497686391608.mp3,夏弃疾（下乡版）,合集·双夏脑洞大开系列
138a9ba9,抖音,https://www.douyin.com/video/7280487616850464040,"“腐烂的，发霉的，无人可怜的。”@圻夏夏 
手机花絮，拍完晚上就吃鱼了hh 
#艺术在抖音 #抖音青年艺术家计划#核污水 #环境保护 #怪诞美学",2023/09/19,0,1308245,37491,198032,104558,https://p9-pc-sign.douyinpic.com/tos-cn-p-0015/10059aa7a7c546b38bc97e3f49ead405_1695120630~tplv-dy-360p.jpeg?lk3s=138a59ce&x-expires=1755957600&x-signature=Wqzns0MbyWNrL5OwAmcAJ6XP1tQ%3D&from=327834062&s=PackSourceEnum_AWEME_DETAIL&se=false&sc=origin_cover&biz_tag=pcweb_cover&l=2025080922442021814800C979D0FEF6F4,#摄影#抖音青年艺术家计划#艺术在抖音#怪诞美学#随拍#核污水#摄影写真,https://sf5-hl-cdn-tos.douyinstatic.com/obj/ies-music/7280487671128951607.mp3,圻夏夏,合集·在末日之前
910a6436,抖音,https://www.douyin.com/video/7264199600532245814,"说起来，我们虽然没有血缘关系，但都流着黑色的血呢～#圻夏夏 #玖柯9k #伪骨科 
（杀人魔姐弟的恋爱日常）",2023/08/06,0,78286,1111,1711,2862,https://p3-pc-sign.douyinpic.com/tos-cn-p-0015/e21e4021004c4d8281e79b9ee117988f_1691328282~tplv-dy-360p.jpeg?lk3s=138a59ce&x-expires=1755957600&x-signature=Qe1HZbjuNcHb%2F%2FisMY52nIlVjqU%3D&from=327834062&s=PackSourceEnum_AWEME_DETAIL&se=false&sc=origin_cover&biz_tag=pcweb_cover&l=20250809224421D2348A20C7B1368F6054,#电视剧剪辑#影视#影视剪辑#玖柯9k#伪骨科,,,
4e66cb4c,抖音,https://www.douyin.com/video/7255618260693994806,这便是，最后一课。#圻夏夏 #锦超#崩坏星穹铁道,2023/07/14,0,51918,1715,1781,1727,https://p9-pc-sign.douyinpic.com/tos-cn-p-0015/fe50d166ce3e4954acfd4f01ccc975a0_1689330299~tplv-dy-360p.jpeg?lk3s=138a59ce&x-expires=1755957600&x-signature=NcSuIkxwRvxYEfK4LMnWQTZemY8%3D&from=327834062&s=PackSourceEnum_AWEME_DETAIL&se=false&sc=origin_cover&biz_tag=pcweb_cover&l=20250809224422578CB65546804EC7261F,#锦超#二次元#二次元衍生#崩坏星穹铁道#cosplay,https://sf5-hl-cdn-tos.douyinstatic.com/obj/ies-music/7255618378088450873.mp3,,
59502bfe,抖音,https://www.douyin.com/video/7254857955244248372,“海底星空跟我一起去看啊，笨蛋……”#圣微 #圻夏夏 #消失的她 #女性力量 #互相救赎,2023/07/12,0,47454,1431,3158,2502,https://p3-pc-sign.douyinpic.com/tos-cn-p-0015/51263693cc5149b3b9b7053da5528744_1689153261~tplv-dy-360p.jpeg?lk3s=138a59ce&x-expires=1755957600&x-signature=66DtqFCnEOmULMrWLv0qJu53qt4%3D&from=327834062&s=PackSourceEnum_AWEME_DETAIL&se=false&sc=origin_cover&biz_tag=pcweb_cover&l=2025080922442280F9F49807DE8D02C211,#女性力量#电视剧剪辑#影视#影视剪辑#互相救赎#圻夏夏#消失的她,,"圻夏夏,思思sr_",
71ba1ef1,抖音,https://www.douyin.com/video/7249663820841389344,"我曾以为的是青梅竹马、两情相悦的情意，可回过神来，只剩自己被困在名为他爱我的牢笼里。
他遵守了约定。
可是，他不爱我啊。
#圻夏夏 #锦超 #朝鲜族服装",2023/06/28,0,61056,687,1362,1503,https://p9-pc-sign.douyinpic.com/tos-cn-p-0015/4d0daa1ea3f640049db0b8e68e9379d6_1687943909~tplv-dy-360p.jpeg?lk3s=138a59ce&x-expires=1755957600&x-signature=bC4p7%2BFhRSJhO86%2Bsw%2Fd%2F7pWloc%3D&from=327834062&s=PackSourceEnum_AWEME_DETAIL&se=false&sc=origin_cover&biz_tag=pcweb_cover&l=20250809224423B4BEAB3289AB34C51497,#摄影#锦超#朝鲜族服装#随拍#摄影写真,https://sf5-hl-cdn-tos.douyinstatic.com/obj/ies-music/7193299853031344933.mp3,,
db63289b,抖音,https://www.douyin.com/video/7247062842317311265,"我们就停在此刻吧，万般圆满，已是最好的结尾。
#圻夏夏 #锦超#朝鲜族",2023/06/21,0,53381,588,596,731,https://p9-pc-sign.douyinpic.com/tos-cn-p-0015/5eaa9f038e744c16849986e9f0748b07_1687338322~tplv-dy-360p.jpeg?lk3s=138a59ce&x-expires=1755957600&x-signature=uRMZ6ed3DpEJHiD9QPfQuryPSc4%3D&from=327834062&s=PackSourceEnum_AWEME_DETAIL&se=false&sc=origin_cover&biz_tag=pcweb_cover&l=202508092244230BC9D8BFA94BA3EDC8EB,#锦超#二次元#汉服#朝鲜族#二次元衍生,https://sf5-hl-cdn-tos.douyinstatic.com/obj/ies-music/7247062891873028901.mp3,,
c31a596f,抖音,https://www.douyin.com/video/7241851616138169632,恣意踏浪，从早到晚自信控场！#美力不设限 ，我在@雅诗兰黛  抖音直播局等你！,2023/06/08,0,41445,361,547,1959,https://p9-pc-sign.douyinpic.com/tos-cn-p-0015/0505f60691264e20b517c384309ec0f0_1686124984~tplv-dy-360p.jpeg?lk3s=138a59ce&x-expires=1755957600&x-signature=6UFsYw3676LGMFSQPYJEKM3TDqo%3D&from=327834062&s=PackSourceEnum_AWEME_DETAIL&se=false&sc=origin_cover&biz_tag=pcweb_cover&l=20250809224424B793B2697AD3E09CB7EC,#护肤其他#护肤#时尚#美力不设限,https://sf5-hl-cdn-tos.douyinstatic.com/obj/ies-music/7241851656026000186.mp3,,
a69a0852,抖音,https://www.douyin.com/video/7240024084594117927,区区小妖！本大师出马，还能逮不到你了？！#圻夏夏#德佑湿厕纸 #德佑净化三步曲,2023/06/02,0,493395,8008,9273,20599,https://p9-pc-sign.douyinpic.com/tos-cn-p-0015/7536b3f6b62b42609d3e963a1ef0208c_1685699479~tplv-dy-360p.jpeg?lk3s=138a59ce&x-expires=1755957600&x-signature=blW4%2FAINlj1i2nkFoWWW4iIlX0M%3D&from=327834062&s=PackSourceEnum_AWEME_DETAIL&se=false&sc=origin_cover&biz_tag=pcweb_cover&l=2025080922442451F0858E4140D1941C04,#家具家电#德佑湿厕纸#猎奇好物#德佑净化三步曲#居家,https://sf5-hl-ali-cdn-tos.douyinstatic.com/obj/ies-music/7240024139359521594.mp3,,
d0c4989f,抖音,https://www.douyin.com/video/7238955276374674721,啊！真是诡计多端的…#年轻别纹粉就丸了#百雀羚淡纹帧颜霜#多效抗纹大神#圻夏夏#锦超,2023/05/31,0,213465,3000,7636,8901,https://p9-pc-sign.douyinpic.com/tos-cn-p-0015/a7015a1e8c0a43c880714f99e5eec0fd_1685450643~tplv-dy-360p.jpeg?lk3s=138a59ce&x-expires=1755957600&x-signature=yvbPAyqte%2FLk%2FzehX2p%2BST3EofI%3D&from=327834062&s=PackSourceEnum_AWEME_DETAIL&se=false&sc=origin_cover&biz_tag=pcweb_cover&l=2025080922442679840067B17ECC881184,#锦超#多效抗纹大神#面部护肤#百雀羚淡纹帧颜霜#护肤#时尚#年轻别纹粉就丸了,https://sf5-hl-ali-cdn-tos.douyinstatic.com/obj/ies-music/7238955325948857144.mp3,,合集·我的小说男友
017ced02,抖音,https://www.douyin.com/video/7233702738201185547,狐狸和猫的争宠日常。看来是狐狸更甚一筹～！#圻夏夏 #锦超,2023/05/16,0,138213,2010,4218,3953,https://p9-pc-sign.douyinpic.com/tos-cn-p-0015/8b12f3e6ce7b44aa8db4a08aaac56b0c_1684227678~tplv-dy-360p.jpeg?lk3s=138a59ce&x-expires=1755957600&x-signature=xJ%2BX9X%2BrBMtW05l6zR7a2BoGtMc%3D&from=327834062&s=PackSourceEnum_AWEME_DETAIL&se=false&sc=origin_cover&biz_tag=pcweb_cover&l=2025080922442698E0850D7AF2508B8190,#二次元衍生#锦超#二次元#汉服,,,合集·白里安姝
1278c76c,抖音,https://www.douyin.com/video/7224435388885077286,"人菜瘾大嘛…
（天呐怎么办啊，好像每天都会多爱白里一点点诶！）#圻夏夏 #锦超",2023/04/21,0,161647,3676,6601,4316,https://p9-pc-sign.douyinpic.com/tos-cn-p-0015/7195c94eab6243018d380c54c0e5234d_1682069954~tplv-dy-360p.jpeg?lk3s=138a59ce&x-expires=1755957600&x-signature=qEBO5PbqongNHoU%2Fbi6%2Fx0N8YP4%3D&from=327834062&s=PackSourceEnum_AWEME_DETAIL&se=false&sc=origin_cover&biz_tag=pcweb_cover&l=202508092244262FBC484A782666FC2B2A,#二次元衍生#锦超#二次元#汉服,,,
ebef2abd,抖音,https://www.douyin.com/video/7219542303730421024,原来小时候救了我的那个人，是你。 #圻夏夏 #锦超#梦幻西游#梦幻西游电脑版,2023/04/08,0,858698,12568,21535,29381,https://p9-pc-sign.douyinpic.com/tos-cn-p-0015/38c56892ce4243c8ae77e7bf5d8d55d0_1680930731~tplv-dy-360p.jpeg?lk3s=138a59ce&x-expires=1755957600&x-signature=2rdOcvYwMqtgpcSBNE2VgZXRelk%3D&from=327834062&s=PackSourceEnum_AWEME_DETAIL&se=false&sc=origin_cover&biz_tag=pcweb_cover&l=20250809224427DC9C315E16B4B8842530,#锦超#剧情演绎#梦幻西游电脑版#梦幻西游#古风#剧情,https://sf3-cdn-tos.douyinstatic.com/obj/tos-cn-ve-2774/273bffe12a8f464f83f788e21e44ff48,,
2f4ccabb,抖音,https://www.douyin.com/video/7216896081903242507,从一开始我想偷的…就只有你的心啊。#圻夏夏 #锦超,2023/04/01,0,487021,17517,31135,19144,https://p9-pc-sign.douyinpic.com/tos-cn-p-0015/e05f1bc01930472eb901c4e49ddaa497_1680314571~tplv-dy-360p.jpeg?lk3s=138a59ce&x-expires=1755957600&x-signature=RErE5yHw2UVusaOV0LjbqmE7dWE%3D&from=327834062&s=PackSourceEnum_AWEME_DETAIL&se=false&sc=origin_cover&biz_tag=pcweb_cover&l=20250809224427A6C5485326823CFB4CEE,#古风#剧情#剧情演绎#锦超,,,
045f7402,抖音,https://www.douyin.com/video/7213728221055962407,我说怎么总遇不到桃花呢！原来我的意中人早就出现了～虽然他，偶尔是只猫…@梦幻西游手游 #梦幻西游手游 #梦幻西游手游周年庆#圻夏夏 #锦超,2023/03/23,0,113802,1834,4911,3105,https://p9-pc-sign.douyinpic.com/tos-cn-p-0015/085c44600eb74ffd9755ccb2db5a8695_1679576997~tplv-dy-360p.jpeg?lk3s=138a59ce&x-expires=1755957600&x-signature=re%2FB2oLR%2FNPOODarpktytUfqbiA%3D&from=327834062&s=PackSourceEnum_AWEME_DETAIL&se=false&sc=origin_cover&biz_tag=pcweb_cover&l=202508092244280EC527542842E987F861,#锦超#梦幻西游手游周年庆#剧情演绎#其他剧情#剧情#梦幻西游手游,,,
68144b0e,抖音,https://www.douyin.com/video/7207362314520120579,"你这么狠毒是跟谁学的？
哦，原来是跟我学的～
#圻夏夏 #锦超 #短剧东栏雪",2023/03/06,0,251493,8954,22856,14916,https://p9-pc-sign.douyinpic.com/tos-cn-p-0015/9d7ac8408d98427cbac25d1d2f8caa0f_1678094825~tplv-dy-360p.jpeg?lk3s=138a59ce&x-expires=1755957600&x-signature=uwD5i56%2FekXr1c%2FjOT2TXaks%2BvU%3D&from=327834062&s=PackSourceEnum_AWEME_DETAIL&se=false&sc=origin_cover&biz_tag=pcweb_cover&l=202508092244284319A331545B5B8B52BC,#锦超#电视剧剪辑#影视#影视剪辑#短剧东栏雪,,,合集·东栏雪物料
a848d764,抖音,https://www.douyin.com/video/7205886564461776132,我以为我会一个人，从深渊到地狱…可你却出现了。#圻夏夏 #锦超 #短剧东栏雪,2023/03/02,0,82615,1337,3704,3773,https://p9-pc-sign.douyinpic.com/tos-cn-p-0015/ececc82ea79c4f1d9c57dbb73094a1af_1677751221~tplv-dy-360p.jpeg?lk3s=138a59ce&x-expires=1755957600&x-signature=9EExwzkzsi5fu0BWutMosFI3eVU%3D&from=327834062&s=PackSourceEnum_AWEME_DETAIL&se=false&sc=origin_cover&biz_tag=pcweb_cover&l=20250809224429B180032493F8BC96E8D0,#锦超#电视剧剪辑#影视#影视剪辑#短剧东栏雪,,,合集·东栏雪物料
44c5238f,抖音,https://www.douyin.com/video/7203542812267171076,"新剧《东栏雪》今日开播啦~ 
这次是心狠手辣双强组合，铁石心肠狠毒宫女 x 虽然很强但恋爱脑的皇子哈哈哈哈哈，尝试一下不同的GB人设。如果顾玄清是温顺的萨摩耶，摊开肚皮任公主揉捏，那褚宁远就是阴鸷的狼，他可以轻松咬破你的血管，但却甘愿俯首称臣，只为博取女主一丝丝的心软，就真的很爱吧！
#短剧东栏雪#短剧东栏雪开播",2023/02/24,0,259708,21666,64141,28631,https://p9-pc-sign.douyinpic.com/tos-cn-p-0015/9a5185d1b5d546cc8be27bebeb8d8b91_1677205519~tplv-dy-360p.jpeg?lk3s=138a59ce&x-expires=1755957600&x-signature=Sba6%2F0%2FT4bUZgVkJdkDyezX1OUM%3D&from=327834062&s=PackSourceEnum_AWEME_DETAIL&se=false&sc=origin_cover&biz_tag=pcweb_cover&l=2025080922442954735963C6603730BA2E,#影视资讯#影视#短剧东栏雪#短剧东栏雪开播,https://sf5-hl-cdn-tos.douyinstatic.com/obj/ies-music/7203542841937660730.mp3,"圻夏夏,锦超",
70e127c0,抖音,https://www.douyin.com/video/7202928891021806880,你不用变成我喜欢的样子啊…因为你本身就已经是我喜欢的样子了～#圻夏夏 #锦超,2023/02/22,0,245044,6559,15357,7252,https://p9-pc-sign.douyinpic.com/tos-cn-p-0015/b05702a848cd461ab602a8b444185898_1677062588~tplv-dy-360p.jpeg?lk3s=138a59ce&x-expires=1755957600&x-signature=Qin12WkcMyPipHzOCMpOYyYiRNM%3D&from=327834062&s=PackSourceEnum_AWEME_DETAIL&se=false&sc=origin_cover&biz_tag=pcweb_cover&l=2025080922443025FBAFBE908BA09E09CE,#锦超#电视剧剪辑#影视#影视剪辑,https://sf5-hl-ali-cdn-tos.douyinstatic.com/obj/ies-music/7202928950786509627.mp3,,合集·白里安姝
4652a15a,抖音,https://www.douyin.com/video/7193962640475983137,不把水搅浑，还怎么看好戏呢？#圻夏夏,2023/01/29,0,113667,1227,2026,2589,https://p9-pc-sign.douyinpic.com/tos-cn-p-0015/a41bf7ffe0ee4575a98bd75ff1837dc5_1684850030~tplv-dy-360p.jpeg?lk3s=138a59ce&x-expires=1755957600&x-signature=bjWIV3xT2quXU0RAZCC4z%2BHb0GM%3D&from=327834062&s=PackSourceEnum_AWEME_DETAIL&se=false&sc=origin_cover&biz_tag=pcweb_cover&l=202508092244309763A9EF6853A5A4977B,#电视剧剪辑#影视#影视剪辑,,,
1dfe9df2,抖音,https://www.douyin.com/video/7190735018514271527,愿得长如此，年年物候新。#兰蔻二代小黑瓶 #以不变应万变#圻夏夏 #2023新年快乐,2023/01/20,0,509804,12584,27625,12899,https://p9-pc-sign.douyinpic.com/tos-cn-p-0015/9e9806bc061f4841b982e2de7af7b8ee_1674223511~tplv-dy-360p.jpeg?lk3s=138a59ce&x-expires=1755957600&x-signature=jboNCWwsU1j0grDC5vFgNz3HrwM%3D&from=327834062&s=PackSourceEnum_AWEME_DETAIL&se=false&sc=origin_cover&biz_tag=pcweb_cover&l=2025080922443087C2402556BAA3FAA791,#以不变应万变#剧情演绎#2023新年快乐#兰蔻二代小黑瓶#古风#剧情,https://sf5-hl-cdn-tos.douyinstatic.com/obj/ies-music/7190735173666163516.mp3,,
cb623195,抖音,https://www.douyin.com/video/7179530892635884832,"五皇子也不会想到，在他死后自己捧在手心宠爱的妹妹会不择手段成为他，外界传言五皇子久病过后性情大变，曾经的温润不在，如今只剩狠戾凶残。
谁也不知那仇恨钻心夜夜萦绕，她无法忘记。#圻夏夏",2022/12/21,0,163530,3516,4774,6023,https://p9-pc-sign.douyinpic.com/tos-cn-p-0015/18d135f83a7d4ec4b6f678718ebfea11_1671614812~tplv-dy-360p.jpeg?lk3s=138a59ce&x-expires=1755957600&x-signature=IiEtMopt%2Ftcx0vnF9Bat3EmtwY4%3D&from=327834062&s=PackSourceEnum_AWEME_DETAIL&se=false&sc=origin_cover&biz_tag=pcweb_cover&l=20250809224431777904939E09ABFA0E49,#电视剧剪辑#影视#影视剪辑,https://sf5-hl-cdn-tos.douyinstatic.com/obj/tos-cn-ve-2774/64f6a265eb564060b6567ad99582aaca,,
75bdbf9f,抖音,https://www.douyin.com/video/7172508199411649825,"阿七，我带你去看十里樱花。#圻夏夏 #锦超 
#护肤 #雅诗兰黛剧本杀 #雅诗兰黛樱花水",2022/12/08,0,520222,11782,18521,16886,https://p9-pc-sign.douyinpic.com/tos-cn-p-0015/862747ae607648c29c787ed20fce14d6_1669979716~tplv-dy-360p.jpeg?lk3s=138a59ce&x-expires=1755957600&x-signature=A8BJrPXvWl2S7iDhEshpRlxZtLk%3D&from=327834062&s=PackSourceEnum_AWEME_DETAIL&se=false&sc=origin_cover&biz_tag=pcweb_cover&l=2025080922443155FFAF4CA071D0FAC595,#锦超#雅诗兰黛剧本杀#护肤#剧情演绎#雅诗兰黛樱花水#古风#剧情,,,
e053738e,抖音,https://www.douyin.com/video/7167207090488954148,我们相爱一生，一生还是太短。#圻夏夏,2022/11/18,0,170438,3212,5681,4558,https://p9-pc-sign.douyinpic.com/tos-cn-p-0015/91b40266911e4d90919f5742fe1e01e3_1668745456~tplv-dy-360p.jpeg?lk3s=138a59ce&x-expires=1755957600&x-signature=b59PkesIPwdK6roDsePaXHQa548%3D&from=327834062&s=PackSourceEnum_AWEME_DETAIL&se=false&sc=origin_cover&biz_tag=pcweb_cover&l=20250809224432EEF46D5E0FB222FDA86C,#二次元衍生#二次元#汉服,https://sf5-hl-cdn-tos.douyinstatic.com/obj/ies-music/7167207136829197093.mp3,,
f4b61076,抖音,https://www.douyin.com/video/7156804626077977869,我相信总有一天林然会亲口承认他喜欢我！#KONO #你的随享沙龙 #圻夏夏 #锦超,2022/11/02,0,70630,2266,3887,4016,https://p9-pc-sign.douyinpic.com/tos-cn-p-0015/ac50c9968f2a4694946a86bdc2ea2b6e_1666323450~tplv-dy-360p.jpeg?lk3s=138a59ce&x-expires=1755957600&x-signature=eHdHtiCT8RC33WgoM%2Fo7V1O1ltY%3D&from=327834062&s=PackSourceEnum_AWEME_DETAIL&se=false&sc=origin_cover&biz_tag=pcweb_cover&l=2025080922443287BB1313C99FA391A189,#锦超#kono#你的随享沙龙#电视剧剪辑#影视#影视剪辑,https://sf6-cdn-tos.douyinstatic.com/obj/ies-music/7156804706646493965.mp3,KONO洗护精选,合集·我的小说男友
e574af32,抖音,https://www.douyin.com/video/7150212637672951053,同样的招数我都用几百年了，你怎么次次都上当啊？#圻夏夏 #锦超,2022/10/03,0,178348,12382,7660,4058,https://p9-pc-sign.douyinpic.com/tos-cn-p-0015/f1ccac0eca9c4f2b99d366ad6635072d_1664788620~tplv-dy-360p.jpeg?lk3s=138a59ce&x-expires=1755957600&x-signature=5dnJEFnDtDG%2FVTl5UUyz%2Fh%2FZWo0%3D&from=327834062&s=PackSourceEnum_AWEME_DETAIL&se=false&sc=origin_cover&biz_tag=pcweb_cover&l=20250809224432CEEFE0BCBA12DFF75567,#锦超#剧情#剧情演绎#居家,https://sf5-hl-cdn-tos.douyinstatic.com/obj/ies-music/7150212665959303944.mp3,,
e8cee464,抖音,https://www.douyin.com/video/7148389231897906463,状元郎觉得，三皇子真的越来越怪了…#抖音电商超级品牌开业盛典#圻夏夏,2022/10/02,0,554233,26753,18744,17165,https://p9-pc-sign.douyinpic.com/tos-cn-p-0015/22bb0ffb30794371a7feceff16416056_1664364082~tplv-dy-360p.jpeg?lk3s=138a59ce&x-expires=1755957600&x-signature=KgwLIt64AacDa7UOHHhoIB%2Fy8mA%3D&from=327834062&s=PackSourceEnum_AWEME_DETAIL&se=false&sc=origin_cover&biz_tag=pcweb_cover&l=202508092244333F4AE3B34B29E5B19E9D,#古风#剧情#剧情演绎#抖音电商超级品牌开业盛典,https://sf5-hl-cdn-tos.douyinstatic.com/obj/ies-music/7148389301653375758.mp3,,
04a99396,抖音,https://www.douyin.com/video/7149036697827806472,骗你是我的情理之中，爱上你却在意料之外。#圻夏夏#锦超 #TF20暮色   #给美丽多点实在 #玩点实在的,2022/09/30,0,620890,31398,34252,24026,https://p9-pc-sign.douyinpic.com/tos-cn-i-dy/e7f8d02e91864361b9538c92f82fc2f4~tplv-dy-360p.jpeg?lk3s=138a59ce&x-expires=1755957600&x-signature=hPyhY21CfNgRFQ%2BH7IutlxgGFQY%3D&from=327834062&s=PackSourceEnum_AWEME_DETAIL&se=false&sc=origin_cover&biz_tag=pcweb_cover&l=20250809224434F1F06162ACDA8280F05E,#锦超#电视剧剪辑#影视#影视剪辑#给美丽多点实在#玩点实在的,,,合集·系列
daf2d4c5,抖音,https://www.douyin.com/video/7145362654972906765,缘这种东西一旦结下了，可就再也解不开了。#DW粉底液#本色玩不脱#DW持妆粉底液#圻夏夏 #古风,2022/09/23,0,146622,9340,5172,5536,https://p9-pc-sign.douyinpic.com/tos-cn-p-0015/06ad696a7a8c4c159cf1d2e34f57e02c_1663659395~tplv-dy-360p.jpeg?lk3s=138a59ce&x-expires=1755957600&x-signature=NRLSxeceNV8aSux96qgKaZUu2ag%3D&from=327834062&s=PackSourceEnum_AWEME_DETAIL&se=false&sc=origin_cover&biz_tag=pcweb_cover&l=2025080922443539592196C8B372C3DB57,#dw粉底液#本色玩不脱#dw持妆粉底液#全脸/底妆/眼妆#时尚#古风#彩妆,https://sf5-hl-cdn-tos.douyinstatic.com/obj/ies-music/7145362698615048990.mp3,,
25fb35db,抖音,https://www.douyin.com/video/7141302428166638862,"抓到你的心了哦，魔君大人。
#圻夏夏 #锦超 #歌曲万物起舞",2022/09/09,0,352716,14909,26238,37345,https://p9-pc-sign.douyinpic.com/tos-cn-p-0015/27357127cd8145339c670985de7b50ae_1662714054~tplv-dy-360p.jpeg?lk3s=138a59ce&x-expires=1755957600&x-signature=RC2iblPIlgBSHNCpaRLzdEBZsr4%3D&from=327834062&s=PackSourceEnum_AWEME_DETAIL&se=false&sc=origin_cover&biz_tag=pcweb_cover&l=20250809224435CF7B40661B0F540C2BC2,#锦超#电视剧剪辑#影视#影视剪辑#歌曲万物起舞,,,合集·妖与仙
25611c6d,抖音,https://www.douyin.com/video/7137552894730964232,门口那个算命很准的老头说了，你和我是天造地设的一对…所以林然，你跑不掉的！#kono#你的随享沙龙#圻夏夏#锦超,2022/08/30,0,1096274,68989,76404,57280,https://p9-pc-sign.douyinpic.com/tos-cn-p-0015/a4ca2a99dff5458abe6c3a51caa4651c_1661841052~tplv-dy-360p.jpeg?lk3s=138a59ce&x-expires=1755957600&x-signature=Bu93t39K5s63Qsyhf5%2F2W50St%2BE%3D&from=327834062&s=PackSourceEnum_AWEME_DETAIL&se=false&sc=origin_cover&biz_tag=pcweb_cover&l=202508092244350FFE322A85E498128B58,#锦超#剧情演绎#你的随享沙龙#kono#其他剧情#剧情,https://sf5-hl-ali-cdn-tos.douyinstatic.com/obj/ies-music/7137552956643445541.mp3,,合集·我的小说男友
5c4798dc,抖音,https://www.douyin.com/video/7135697758119267597,【孪生劫｜4/4】是哥哥？还是弟弟？欧莱雅不做选择，两个都要！#欧莱雅20霜#京东秒杀,2022/08/25,0,76845,1021,1225,2206,https://p9-pc-sign.douyinpic.com/tos-cn-p-0015/f3562e5a6c204de4b88e3c30b6001b9f_1661409117~tplv-dy-360p.jpeg?lk3s=138a59ce&x-expires=1755957600&x-signature=o%2B0OWysRGibX5NHCwutLW98dGFQ%3D&from=327834062&s=PackSourceEnum_AWEME_DETAIL&se=false&sc=origin_cover&biz_tag=pcweb_cover&l=20250809224436A3967552A49034F8BF61,#其他剧情#剧情#剧情演绎#欧莱雅20霜,https://sf5-hl-cdn-tos.douyinstatic.com/obj/ies-music/7135697823214930702.mp3,,
5c80b9aa,抖音,https://www.douyin.com/video/7134697427889655070,【孪生劫｜3/4】爱意就像微醺的晚风，星似心动，月色温柔。#欧莱雅20霜 #京东秒杀,2022/08/22,0,67403,1795,2113,3117,https://p3-pc-sign.douyinpic.com/tos-cn-p-0015/71d73f7a3e8a416689344852f1d4f4b1_1661176209~tplv-dy-360p.jpeg?lk3s=138a59ce&x-expires=1755957600&x-signature=9BHN%2B7OtcyOK8nev13iK06x3AV8%3D&from=327834062&s=PackSourceEnum_AWEME_DETAIL&se=false&sc=origin_cover&biz_tag=pcweb_cover&l=20250809224436BC84BB54D5252689AEDA,#电视剧剪辑#影视#影视剪辑#欧莱雅20霜,https://sf5-hl-cdn-tos.douyinstatic.com/obj/ies-music/7134697456784886559.mp3,,
8acfc161,抖音,https://www.douyin.com/video/7132381673383103751,【孪生劫｜2/4】阿父阿母……我一定杀了他为你们报仇。#欧莱雅20霜,2022/08/16,0,71110,6161,3804,1585,https://p9-pc-sign.douyinpic.com/tos-cn-p-0015/7cd51671b42441dea581378000c93f36_1660637025~tplv-dy-360p.jpeg?lk3s=138a59ce&x-expires=1755957600&x-signature=krbYQsWqfz%2BxlgDH4NjarX42JDU%3D&from=327834062&s=PackSourceEnum_AWEME_DETAIL&se=false&sc=origin_cover&biz_tag=pcweb_cover&l=20250809224437654ADF57F35AC08AF170,#古风#剧情#剧情演绎#欧莱雅20霜,https://sf5-hl-ali-cdn-tos.douyinstatic.com/obj/ies-music/7132381721336695582.mp3,,
772489c9,抖音,https://www.douyin.com/video/7129853838487588133,【孪生劫｜1/4】原来他就是那个哑王爷，可惜了是个小傻子。#欧莱雅20霜,2022/08/09,0,88427,5984,3829,2172,https://p3-pc-sign.douyinpic.com/tos-cn-p-0015/e1b9597b9a4a4a5fbe3acb2910274adc_1660048471~tplv-dy-360p.jpeg?lk3s=138a59ce&x-expires=1755957600&x-signature=XjzA3UGJTl4YJL3l4Rm9J2D3x2s%3D&from=327834062&s=PackSourceEnum_AWEME_DETAIL&se=false&sc=origin_cover&biz_tag=pcweb_cover&l=20250809224437501AD1005EF47E95CA64,#欧莱雅20霜#剧情#剧情演绎#居家,https://sf5-hl-cdn-tos.douyinstatic.com/obj/ies-music/7129853888127109924.mp3,,
7cf933f9,抖音,https://www.douyin.com/video/7128215308153720094,事到如今，师父为何还不愿承认自己是爱我的？#海俪恩人生第一副美瞳  #一眼千年潮越古今 #圻夏夏,2022/08/07,0,515630,29388,13927,13254,https://p9-pc-sign.douyinpic.com/tos-cn-p-0015/8e776c00da5a4f1fbecfc46f5c1812cd_1659666980~tplv-dy-360p.jpeg?lk3s=138a59ce&x-expires=1755957600&x-signature=n6jzszzVAwuQx9CsDif6hfh0XCM%3D&from=327834062&s=PackSourceEnum_AWEME_DETAIL&se=false&sc=origin_cover&biz_tag=pcweb_cover&l=20250809224437E25A5FDDDA19AC2E04EE,#电视剧剪辑#影视#一眼千年潮越古今#影视剪辑#海俪恩人生第一副美瞳,,,
2f692b43,抖音,https://www.douyin.com/video/7128298898099014925,要是你不能恢复成萧将军心中我曾经貌美如花的模样，咱俩就没完！#资生堂150周年 #万美资生 #红腰子精华,2022/08/05,0,118929,4563,3336,3005,https://p9-pc-sign.douyinpic.com/tos-cn-p-0015/ef97e37f97f9475d81f30a1ce2c16f10_1659686433~tplv-dy-360p.jpeg?lk3s=138a59ce&x-expires=1755957600&x-signature=R3tRDRAsZKv2uO%2FxzhkkTIQCD0M%3D&from=327834062&s=PackSourceEnum_AWEME_DETAIL&se=false&sc=origin_cover&biz_tag=pcweb_cover&l=202508092244381B944689B986D3F8751F,#剧情演绎#资生堂150周年#万美资生#古风#剧情,https://sf5-hl-ali-cdn-tos.douyinstatic.com/obj/ies-music/7128298995474172680.mp3,,合集·巾帼让须眉
8524bfd7,抖音,https://www.douyin.com/video/7126833397023903013,（预告）怎么会走到今天这个地步呢？#圻夏夏,2022/08/01,0,54567,1610,962,1217,https://p9-pc-sign.douyinpic.com/tos-cn-p-0015/04bd693bccd34235b1840d6f0837199b_1659345218~tplv-dy-360p.jpeg?lk3s=138a59ce&x-expires=1755957600&x-signature=RmgW25lgWwKLPhHkAfF%2Bnc61nn8%3D&from=327834062&s=PackSourceEnum_AWEME_DETAIL&se=false&sc=origin_cover&biz_tag=pcweb_cover&l=2025080922443802A2A318A498190CCF7C,#古风#剧情#剧情演绎,https://sf5-hl-cdn-tos.douyinstatic.com/obj/ies-music/6867066603469654791.mp3,,
d3f834f9,抖音,https://www.douyin.com/video/7124887474215669006,"热烈的爱总会有被回应的一天吧。
七夕#TF礼物 #TF白麝香枕边白昼礼盒 #圻夏夏 #锦超",2022/07/28,0,611670,44176,31875,21906,https://p9-pc-sign.douyinpic.com/tos-cn-i-dy/c348e2b25892425eae9611dd1bd98b0d~tplv-dy-360p.jpeg?lk3s=138a59ce&x-expires=1755957600&x-signature=YN%2BRQ1XzQURuEeChYsMRG3xWC00%3D&from=327834062&s=PackSourceEnum_AWEME_DETAIL&se=false&sc=origin_cover&biz_tag=pcweb_cover&l=202508092244399432AF242FC3CD988060,#锦超#剧情演绎#古风#剧情#tf白麝香枕边白昼礼盒#tf礼物,https://sf5-hl-cdn-tos.douyinstatic.com/obj/tos-cn-ve-2774/oEQ0fZBjDgB0l8haFcMnvgQtCSAbC7f4hoKoDO,,合集·系列
8a1f5157,抖音,https://www.douyin.com/video/7122335394364001573,【答案之书｜红色芍药篇（三）】爱意只是深藏，而从未消散。过程可能曲折，但结局依旧美好。#锦超 #圻夏夏 #阿玛尼七夕#赠之芍药爱以余生,2022/07/25,0,212694,2746,3416,5601,https://p9-pc-sign.douyinpic.com/tos-cn-p-0015/5b61c50438af47e5a4b44da53a8aeb22_1658297955~tplv-dy-360p.jpeg?lk3s=138a59ce&x-expires=1755957600&x-signature=OulK5l2LwEZEPjemmz6E%2BS2C6B0%3D&from=327834062&s=PackSourceEnum_AWEME_DETAIL&se=false&sc=origin_cover&biz_tag=pcweb_cover&l=20250809224439C2D384BD5A6B72840DAC,#锦超#剧情演绎#赠之芍药爱以余生#其他剧情#剧情#阿玛尼七夕,https://sf5-hl-cdn-tos.douyinstatic.com/obj/ies-music/7122335431785466661.mp3,,
12188fc3,抖音,https://www.douyin.com/video/7122334559693196557,【答案之书｜红色芍药篇（二）】我们之间隔着一百步的距离，我胆小地不敢迈出一步，而你却毫不犹豫地向我走出了这一百步。#圻夏夏 #锦超 #阿玛尼七夕 #赠之芍药爱以余生,2022/07/23,0,258418,5481,5497,7739,https://p9-pc-sign.douyinpic.com/tos-cn-p-0015/e7c49a0542f24dbeb3f33b90c122c6cd_1658297767~tplv-dy-360p.jpeg?lk3s=138a59ce&x-expires=1755957600&x-signature=%2F5b5DlSiO3YObuUIUYs%2BsOgB1Qc%3D&from=327834062&s=PackSourceEnum_AWEME_DETAIL&se=false&sc=origin_cover&biz_tag=pcweb_cover&l=202508092244401E02EAECBAD7E7D41EF5,#锦超#剧情演绎#赠之芍药爱以余生#古风#剧情#阿玛尼七夕,,,
b6584106,抖音,https://www.douyin.com/video/7123151727972470046,我终于在打戏里站起来了哈哈哈！#圻夏夏 #庄翰,2022/07/22,0,125650,1253,739,1501,https://p9-pc-sign.douyinpic.com/tos-cn-p-0015/3d96d375c33c49008fd47dd29820c5f7_1658488011~tplv-dy-360p.jpeg?lk3s=138a59ce&x-expires=1755957600&x-signature=08ncBEp2nIuEFl0U%2BQiADBHy%2FFY%3D&from=327834062&s=PackSourceEnum_AWEME_DETAIL&se=false&sc=origin_cover&biz_tag=pcweb_cover&l=20250809224440A4D96824ABB35F87B13B,#明星随拍资讯#庄翰#明星八卦,https://sf5-hl-ali-cdn-tos.douyinstatic.com/obj/ies-music/7123151764735462157.mp3,,
a5ea3342,抖音,https://www.douyin.com/video/7122399638564392200,拥抱就不用了吧，他会不高兴的。#圻夏夏 #锦超 #阿玛尼七夕#赠之芍药爱以余生,2022/07/20,0,181972,6349,3773,4366,https://p9-pc-sign.douyinpic.com/tos-cn-p-0015/291c7a94e4e74905b618ce1552215e8b_1658312901~tplv-dy-360p.jpeg?lk3s=138a59ce&x-expires=1755957600&x-signature=YJVG9J8cd7OgAtgX12dXVlMQzag%3D&from=327834062&s=PackSourceEnum_AWEME_DETAIL&se=false&sc=origin_cover&biz_tag=pcweb_cover&l=20250809224440A7E7C63ABB3028DDA004,#锦超#剧情演绎#赠之芍药爱以余生#其他剧情#剧情#阿玛尼七夕,https://sf6-cdn-tos.douyinstatic.com/obj/ies-music/7122399656356743950.mp3,,
af916edb,抖音,https://www.douyin.com/video/7122328163044117774,【答案之书｜红色芍药篇（一）】听说只要虔诚地发问，答案之书就会给予回应？#圻夏夏 #锦超 #赠之芍药爱以余生 #阿玛尼七夕,2022/07/20,0,171196,6036,4365,4204,https://p9-pc-sign.douyinpic.com/tos-cn-p-0015/1259f76e834e4e95929704ad4fdd38c7_1658296269~tplv-dy-360p.jpeg?lk3s=138a59ce&x-expires=1755957600&x-signature=rbSXiJm9LDsKkLVXDPxX5WEjjnM%3D&from=327834062&s=PackSourceEnum_AWEME_DETAIL&se=false&sc=origin_cover&biz_tag=pcweb_cover&l=20250809224441C6BAC11968E556E19221,#锦超#剧情演绎#赠之芍药爱以余生#古风#剧情#阿玛尼七夕,https://sf5-hl-cdn-tos.douyinstatic.com/obj/ies-music/7122328193813564174.mp3,,
5ed5ef2b,抖音,https://www.douyin.com/video/7121162263448276232,（预告二）欢迎来到答案之书～你好啊，有缘人。#阿玛尼七夕 #赠之芍药爱以余生,2022/07/17,0,108536,1231,996,2159,https://p3-pc-sign.douyinpic.com/tos-cn-p-0015/8cc85ef90edf4e8ca7f117a3843937a2_1658024801~tplv-dy-360p.jpeg?lk3s=138a59ce&x-expires=1755957600&x-signature=REQccz6lLHDxELvdZzQG1vtyBQs%3D&from=327834062&s=PackSourceEnum_AWEME_DETAIL&se=false&sc=origin_cover&biz_tag=pcweb_cover&l=20250809224441E90EC000852E4197E645,#剧情演绎#赠之芍药爱以余生#居家#剧情#阿玛尼七夕,https://sf5-hl-cdn-tos.douyinstatic.com/obj/tos-cn-ve-2774/66e0979fd8cb445a8a1813a9277d4696,,
87708707,抖音,https://www.douyin.com/video/7120494080244698404,（预告一）好想她能多在乎我一点，就像我这么这么在乎她一样。#圻夏夏 #锦超 #阿玛尼七夕 #赠之芍药爱以余生,2022/07/15,0,115456,1063,1020,2210,https://p3-pc-sign.douyinpic.com/tos-cn-p-0015/ef207783e424471a88540e88062d1af3_1657869232~tplv-dy-360p.jpeg?lk3s=138a59ce&x-expires=1755957600&x-signature=3bzHVT6u57StKWN7c6G4NhC69zI%3D&from=327834062&s=PackSourceEnum_AWEME_DETAIL&se=false&sc=origin_cover&biz_tag=pcweb_cover&l=2025080922444392D072126ABBC17C77B1,#锦超#剧情演绎#居家#赠之芍药爱以余生#剧情#阿玛尼七夕,https://sf5-hl-cdn-tos.douyinstatic.com/obj/tos-cn-ve-2774/85545770a1e148faa2f0eb7e99a02249,,
df477285,抖音,https://www.douyin.com/video/7110796369891216653,"“小世子不喜欢我吗？没关系～本郡主就喜欢强扭的瓜，万一它甜呢？”
#圻夏夏 #锦超",2022/06/19,0,382449,11863,10031,16212,https://p9-pc-sign.douyinpic.com/tos-cn-p-0015/6f5f7888ba654570b1a5189bc460d9a8_1655611301~tplv-dy-360p.jpeg?lk3s=138a59ce&x-expires=1755957600&x-signature=PZAThlyFUJDYHZRnguyxlZeyiQU%3D&from=327834062&s=PackSourceEnum_AWEME_DETAIL&se=false&sc=origin_cover&biz_tag=pcweb_cover&l=2025080922444387C2402556BAA3FAAF31,#锦超#电视剧剪辑#影视#影视剪辑,https://sf5-hl-ali-cdn-tos.douyinstatic.com/obj/ies-music/7074923359008164644.mp3,,
21013adb,抖音,https://www.douyin.com/video/7107167172908043527,"“别怕，以后有我在。”
“我来赴约了，婉儿。”
#圻夏夏 #爱野",2022/06/09,0,58299,1695,1779,1598,https://p9-pc-sign.douyinpic.com/tos-cn-p-0015/80bd537391b44aed85f505d264fd79e6_1654766316~tplv-dy-360p.jpeg?lk3s=138a59ce&x-expires=1755957600&x-signature=WznfXP3YyZUPy%2BhVYGQYxw4JrT0%3D&from=327834062&s=PackSourceEnum_AWEME_DETAIL&se=false&sc=origin_cover&biz_tag=pcweb_cover&l=20250809224443E090035B84A00299CB2C,#爱野#电视剧剪辑#影视#影视剪辑,https://sf5-hl-cdn-tos.douyinstatic.com/obj/ies-music/7067116712235502343.mp3,,
b626fee1,抖音,https://www.douyin.com/video/7100026012863368478,没想到她居然为了见仙君一面擅自出现…但你又何必吃自己的醋呢，魔君大人～#海俪恩人生第一副美瞳 #一眼千年潮越古今,2022/05/21,0,442750,24094,20747,19407,https://p9-pc-sign.douyinpic.com/tos-cn-p-0015/120be169338d4439ad4544cc879aa055_1653103636~tplv-dy-360p.jpeg?lk3s=138a59ce&x-expires=1755957600&x-signature=bbqBjGkKd6xnfQUpdBETNJq2UO0%3D&from=327834062&s=PackSourceEnum_AWEME_DETAIL&se=false&sc=origin_cover&biz_tag=pcweb_cover&l=20250809224444F2C7DFDC898DB6F20602,#电视剧剪辑#影视#一眼千年潮越古今#影视剪辑#海俪恩人生第一副美瞳,https://sf5-hl-cdn-tos.douyinstatic.com/obj/ies-music/7100026148075080461.mp3,,合集·妖与仙
a1981d19,抖音,https://www.douyin.com/video/7098926175602347295,先生不必如此见外，如今我的就是你的，你的就是我的呀！#海蓝之谜奇迹礼盒 #京东超级品牌日 #圻夏夏,2022/05/18,0,82630,1730,3070,3354,https://p9-pc-sign.douyinpic.com/tos-cn-p-0015/d16bfda0e8dd44969632ac6de01681ff_1652847567~tplv-dy-360p.jpeg?lk3s=138a59ce&x-expires=1755957600&x-signature=J26UENST%2BMl%2F0ge3T3WGdCtdgd0%3D&from=327834062&s=PackSourceEnum_AWEME_DETAIL&se=false&sc=origin_cover&biz_tag=pcweb_cover&l=202508092244444A4F75C9FC93258164C4,#京东超级品牌日#剧情演绎#海蓝之谜奇迹礼盒#古风#剧情,https://sf5-hl-cdn-tos.douyinstatic.com/obj/ies-music/7098926289213524750.mp3,,合集·巾帼让须眉
6160510b,抖音,https://www.douyin.com/video/7097557966223691039,"虽是自私了一些，但你身上有光，我想将它生生世世系在身旁。
 #520种新意告白 #520爱的表白 #迪奥玫瑰小粉钻 #迪奥烈艳蓝金唇膏 #圻夏夏 #锦超",2022/05/16,0,629202,36690,52143,26892,https://p9-pc-sign.douyinpic.com/tos-cn-p-0015/06230e9bab2d4a038f3287931b88e61e_1652529012~tplv-dy-360p.jpeg?lk3s=138a59ce&x-expires=1755957600&x-signature=tVAsApnyQygFRI242s9BbSGmf3o%3D&from=327834062&s=PackSourceEnum_AWEME_DETAIL&se=false&sc=origin_cover&biz_tag=pcweb_cover&l=202508092244450254E59B8E54B5E0BA94,#锦超#520爱的表白#剧情演绎#520种新意告白#迪奥烈艳蓝金唇膏#迪奥玫瑰小粉钻#剧情#居家,https://sf5-hl-cdn-tos.douyinstatic.com/obj/ies-music/7097558346231843598.mp3,,合集·生世
3bf44439,抖音,https://www.douyin.com/video/7097614429893790983,当我和老古板教书先生灵魂互换后，要做的第一件事当然是…#圻夏夏 #TF中国玫瑰 #TF礼物 #抖音520宠爱季,2022/05/15,0,94327,1976,1985,3344,https://p9-pc-sign.douyinpic.com/tos-cn-p-0015/0613f441f82d4515a74d71bd0529988c_1652542150~tplv-dy-360p.jpeg?lk3s=138a59ce&x-expires=1755957600&x-signature=T39lFP064QypSQMeB%2BgLM4ZTYn8%3D&from=327834062&s=PackSourceEnum_AWEME_DETAIL&se=false&sc=origin_cover&biz_tag=pcweb_cover&l=202508092244455AF08467FB3C98FB03CB,#tf中国玫瑰#电影剪辑#抖音520宠爱季#影视#影视剪辑#tf礼物,https://sf5-hl-ali-cdn-tos.douyinstatic.com/obj/ies-music/7097614519765191455.mp3,,合集·巾帼让须眉
bb3d02be,抖音,https://www.douyin.com/video/7090503444473154847,我从来不信天命，我只相信命运要握在自己手里。#抛了才够a #抖音超品日 #圻夏夏,2022/05/09,0,92086,2221,2910,2924,https://p9-pc-sign.douyinpic.com/tos-cn-p-0015/47d328552b354642b8816d48c7f79234_1650886495~tplv-dy-360p.jpeg?lk3s=138a59ce&x-expires=1755957600&x-signature=HI1a1yUCt8dJJiLdkaRBVdqiAcU%3D&from=327834062&s=PackSourceEnum_AWEME_DETAIL&se=false&sc=origin_cover&biz_tag=pcweb_cover&l=20250809224446B71DC2EE11A9BDF871DC,#抖音超品日#电视剧剪辑#影视#影视剪辑#抛了才够a,https://sf5-hl-cdn-tos.douyinstatic.com/obj/ies-music/7090503682361445127.mp3,,
b569ed60,抖音,https://www.douyin.com/video/7092723582396140831,小心思都是对你，所以被看破说破也没关系。#圻夏夏 #锦超 #ysl反转巴黎 #爱不克制 #ysl520礼盒,2022/05/06,0,113270,3085,4131,3954,https://p9-pc-sign.douyinpic.com/tos-cn-p-0015/c0531911378c486089e0df6d8936b902_1651403408~tplv-dy-360p.jpeg?lk3s=138a59ce&x-expires=1755957600&x-signature=zsBsT7Bdmml6Thl39VmnAb2Qqno%3D&from=327834062&s=PackSourceEnum_AWEME_DETAIL&se=false&sc=origin_cover&biz_tag=pcweb_cover&l=2025080922444696F9EA5587FD759D8F08,#锦超#香水#时尚#ysl反转巴黎#彩妆#ysl520礼盒#爱不克制,,,合集·系列
446c3d9f,抖音,https://www.douyin.com/video/7092734768667757831,其实吧，恋爱这种事情，也是需要学习进步的～虽然口嫌但是体正啊！#圻夏夏  #ysl反转巴黎 #爱不克制 #ysl520礼盒,2022/05/03,0,111326,1566,2087,4109,https://p9-pc-sign.douyinpic.com/tos-cn-p-0015/5f448d9a21594d26abfb42b5ebbcb553_1651406012~tplv-dy-360p.jpeg?lk3s=138a59ce&x-expires=1755957600&x-signature=%2Fbx1C%2BMd5%2BJdY%2BlVZ%2BX%2Fexj0aHs%3D&from=327834062&s=PackSourceEnum_AWEME_DETAIL&se=false&sc=origin_cover&biz_tag=pcweb_cover&l=20250809224447C802A166B7878C0AF1E0,#剧情演绎#其他剧情#ysl反转巴黎#剧情#ysl520礼盒#爱不克制,https://sf6-cdn-tos.douyinstatic.com/obj/ies-music/7092734865984047902.mp3,,合集·系列
39f75fb7,抖音,https://www.douyin.com/video/7092403935209639198,或许，这就是传说中的千里姻缘一线牵？#失联玩家开播 #倩女幽魂手游 #圻夏夏 #锦超,2022/05/01,0,73489,1035,1123,3624,https://p3-pc-sign.douyinpic.com/tos-cn-p-0015/24dc1203e8ca40538d6962ba58a10c44_1651328984~tplv-dy-360p.jpeg?lk3s=138a59ce&x-expires=1755957600&x-signature=8VgIAUYhkUAd1B73XzJmNXccosg%3D&from=327834062&s=PackSourceEnum_AWEME_DETAIL&se=false&sc=origin_cover&biz_tag=pcweb_cover&l=20250809224447BDD423C3A809AAF2F183,#锦超#剧情演绎#其他剧情#倩女幽魂手游#剧情#失联玩家开播,https://sf5-hl-cdn-tos.douyinstatic.com/obj/ies-music/7092403976990804766.mp3,,
1fc3d627,抖音,https://www.douyin.com/video/7092266539272932645,道歉只是表现形式，而爱你才是本质啊～#爱不克制 #ysl520礼盒 #ysl反转巴黎 #圻夏夏 #锦超,2022/04/30,0,370880,20678,24992,11765,https://p9-pc-sign.douyinpic.com/tos-cn-p-0015/3c61ec5d253f4ea5ad0abac9e0be6172_1651297002~tplv-dy-360p.jpeg?lk3s=138a59ce&x-expires=1755957600&x-signature=gBIRmMxLBWaziEvqMQel396p7AE%3D&from=327834062&s=PackSourceEnum_AWEME_DETAIL&se=false&sc=origin_cover&biz_tag=pcweb_cover&l=20250809224448B43B5FE3000F88EB327C,#锦超#剧情演绎#居家#ysl反转巴黎#剧情#ysl520礼盒#爱不克制,https://sf5-hl-cdn-tos.douyinstatic.com/obj/ies-music/7092266669544950541.mp3,,合集·系列
5d50c616,抖音,https://www.douyin.com/video/7090463907810315528,（ysl预告番外5）夕阳里藏着爱意，如果可以的话，在春天见一面吧。#圻夏夏 #锦超,2022/04/25,0,88121,3352,4227,2623,https://p9-pc-sign.douyinpic.com/tos-cn-p-0015/0c10cf6a2b124411b654b7b987fe92ad_1650877282~tplv-dy-360p.jpeg?lk3s=138a59ce&x-expires=1755957600&x-signature=c8%2BLQWZiTkKjdIJL5DdOAoh7o8o%3D&from=327834062&s=PackSourceEnum_AWEME_DETAIL&se=false&sc=origin_cover&biz_tag=pcweb_cover&l=202508092244485934998190CA527F0DEA,#颜值#锦超#帅哥,https://sf5-hl-cdn-tos.douyinstatic.com/obj/ies-music/7080509886865427207.mp3,,合集·系列
5d8a4d80,抖音,https://www.douyin.com/video/7087873167686962463,（ysl番外4）解锁隐藏剧情。雪糕是什么味道我没尝出来，就觉得挺甜的。#圻夏夏 #锦超,2022/04/18,0,180753,9168,8403,4366,https://p9-pc-sign.douyinpic.com/tos-cn-p-0015/016a965dd10f4b4493a56c4d4ed50236_1650274080~tplv-dy-360p.jpeg?lk3s=138a59ce&x-expires=1755957600&x-signature=eJo7XvUm6Z6Cl%2FvfIAjcVP2nz08%3D&from=327834062&s=PackSourceEnum_AWEME_DETAIL&se=false&sc=origin_cover&biz_tag=pcweb_cover&l=20250809224448C353A103AB93A18C5F7F,#古风#剧情#剧情演绎#锦超,,,合集·系列
2461eba0,抖音,https://www.douyin.com/video/7085269536768888100,（ysl番外3）你这是要打架的意思吗，老东西？#圻夏夏,2022/04/11,0,151354,4723,5072,5689,https://p9-pc-sign.douyinpic.com/tos-cn-p-0015/15b77235024b4cb89e76961f1aa4dc84_1649667872~tplv-dy-360p.jpeg?lk3s=138a59ce&x-expires=1755957600&x-signature=ReKjosXNHQ%2FuBVcx33ek7l4qE%2BY%3D&from=327834062&s=PackSourceEnum_AWEME_DETAIL&se=false&sc=origin_cover&biz_tag=pcweb_cover&l=20250809224449558A0557236C9592BBF3,#二次元衍生#二次元#汉服,https://sf5-hl-cdn-tos.douyinstatic.com/obj/tos-cn-ve-2774/oImKjChUIgQxtLwNMhfhA12UPWKHcWB6zAEsKO,,合集·系列
16381c5c,抖音,https://www.douyin.com/video/7083417350594170126,"#歌曲三寸月光 （妖与仙番外1）“怎么小仙君不喜欢我穿这身衣服吗？”
“小仙君可是想她了？”
“小仙君不要不开心了，看看我吧，反正我与她一模一样啊”
“小仙君快尝尝，看和她做的味道像不像”
#圻夏夏 #锦超",2022/04/06,0,74368,1503,1930,2437,https://p9-pc-sign.douyinpic.com/tos-cn-p-0015/7718a94db5174e939c239ae62ef3ebfb_1649236632~tplv-dy-360p.jpeg?lk3s=138a59ce&x-expires=1755957600&x-signature=52QFVoPC1C64v4hsagapONeQ88Y%3D&from=327834062&s=PackSourceEnum_AWEME_DETAIL&se=false&sc=origin_cover&biz_tag=pcweb_cover&l=20250809224449764248A4031D3DF54236,#锦超#歌曲三寸月光#电视剧剪辑#影视#影视剪辑,,,合集·妖与仙
1e4503e0,抖音,https://www.douyin.com/video/7081558806374665486,（预告）我知道殿下从未动心，所以我也是。#圻夏夏,2022/04/01,0,47666,1282,698,1109,https://p9-pc-sign.douyinpic.com/tos-cn-p-0015/1413bb08634443e2bc433d91e5494d20_1648803903~tplv-dy-360p.jpeg?lk3s=138a59ce&x-expires=1755957600&x-signature=oG0hrVmbzSA43kznDPhCicR8frk%3D&from=327834062&s=PackSourceEnum_AWEME_DETAIL&se=false&sc=origin_cover&biz_tag=pcweb_cover&l=20250809224450FB57E06C04CABAE637B0,#电视剧剪辑#影视#影视剪辑,,,
89277592,抖音,https://www.douyin.com/video/7080370037739097375,"即使我变成了她的样子，但始终学不像她。
原来…我无法学会的，只是她不爱你的样子。#圻夏夏 #锦超",2022/03/29,0,132854,2325,3310,4258,https://p9-pc-sign.douyinpic.com/tos-cn-p-0015/890fd1245fbd40f5bac46b5dbda5d58e_1648527119~tplv-dy-360p.jpeg?lk3s=138a59ce&x-expires=1755957600&x-signature=I7QTqRE2V2UnswV6R4%2Br6bpar4U%3D&from=327834062&s=PackSourceEnum_AWEME_DETAIL&se=false&sc=origin_cover&biz_tag=pcweb_cover&l=202508092244506D6761D17D7D89F9FF88,#锦超#电视剧剪辑#影视#影视剪辑,https://sf5-hl-cdn-tos.douyinstatic.com/obj/ies-music/6974720564468484895.mp3,,合集·替身文学
7e024c51,抖音,https://www.douyin.com/video/7077031552294718757,"“原来他该爱上的人不是我...而是你。”
“可我就是你…”
原来只要放下执念，心就不会被困住了。
爱你的人，终会回到你身边。
#圻夏夏 #锦超 #TF52裸玫瑰",2022/03/20,0,199046,3970,4394,4351,https://p9-pc-sign.douyinpic.com/tos-cn-p-0015/516046da87434f0f85485fb7b3e33e51_1647749827~tplv-dy-360p.jpeg?lk3s=138a59ce&x-expires=1755957600&x-signature=PYO7F1c%2BwjGj2nUmh76wtv4w8aE%3D&from=327834062&s=PackSourceEnum_AWEME_DETAIL&se=false&sc=origin_cover&biz_tag=pcweb_cover&l=2025080922445177954F53DD955BECE12E,#锦超#电视剧剪辑#影视#影视剪辑,https://sf5-hl-ali-cdn-tos.douyinstatic.com/obj/ies-music/7077031636390415117.mp3,,
9d9c01fb,抖音,https://www.douyin.com/video/7076362593396444446,"（预告二）即使知道了结果，还是会飞蛾扑火吗？
#圻夏夏 #锦超",2022/03/18,0,41083,929,931,831,https://p9-pc-sign.douyinpic.com/tos-cn-p-0015/b037708270c24bdaa76f8e2565ed2920_1647594063~tplv-dy-360p.jpeg?lk3s=138a59ce&x-expires=1755957600&x-signature=iQj0k12WpWycryfykCHdmcVcXd8%3D&from=327834062&s=PackSourceEnum_AWEME_DETAIL&se=false&sc=origin_cover&biz_tag=pcweb_cover&l=2025080922445239BA9DFE07AC3FF799DE,#锦超#电视剧剪辑#影视#影视剪辑,https://sf5-hl-cdn-tos.douyinstatic.com/obj/ies-music/7073725671763938055.mp3,,
95aaf826,抖音,https://www.douyin.com/video/7075602562342243598,"（预告一）那…我们约定好了！
#圻夏夏 #锦超",2022/03/16,0,202956,6634,7133,4259,https://p9-pc-sign.douyinpic.com/tos-cn-p-0015/c7cf02380a14440bbe2490c1b5fca50e_1647417104~tplv-dy-360p.jpeg?lk3s=138a59ce&x-expires=1755957600&x-signature=To5dX41aTrToiWRdbNTiz7TmH5M%3D&from=327834062&s=PackSourceEnum_AWEME_DETAIL&se=false&sc=origin_cover&biz_tag=pcweb_cover&l=20250809224452A4627516F27AAC980EB1,#锦超#电视剧剪辑#影视#影视剪辑,https://sf5-hl-ali-cdn-tos.douyinstatic.com/obj/ies-music/7038895952471657229.mp3,,
272e57bc,抖音,https://www.douyin.com/video/7072976964302212365,"#长公主在上 #长公主在上全员戏精 
我们专心点。",2022/03/09,0,65051,1832,2696,2063,https://p9-pc-sign.douyinpic.com/tos-cn-p-0015/5bf9b4e4cac14360bc3fa06fbff4846d_1646805784~tplv-dy-360p.jpeg?lk3s=138a59ce&x-expires=1755957600&x-signature=sNaUztTgTTLAJqdTQEBoUblM4iI%3D&from=327834062&s=PackSourceEnum_AWEME_DETAIL&se=false&sc=origin_cover&biz_tag=pcweb_cover&l=20250809224452AA8BAA7A553A658750DF,#长公主在上全员戏精#电视剧剪辑#影视#影视剪辑#长公主在上,https://sf5-hl-cdn-tos.douyinstatic.com/obj/ies-music/7072976989954509582.mp3,,合集·长公主在上物料
7e27ea6e,抖音,https://www.douyin.com/video/7068863874040122655,"你动心了。
#圻夏夏 #锦超 #长公主在上",2022/02/26,0,249183,13959,13239,6711,https://p3-pc-sign.douyinpic.com/tos-cn-p-0015/5667b82bc153437da4cac4ac07807755_1645848132~tplv-dy-360p.jpeg?lk3s=138a59ce&x-expires=1755957600&x-signature=FmYbFrk%2B0fJdUnZRmWv3Pv12lXA%3D&from=327834062&s=PackSourceEnum_AWEME_DETAIL&se=false&sc=origin_cover&biz_tag=pcweb_cover&l=20250809224453107314986A9F4EF99941,#锦超#电视剧剪辑#影视#影视剪辑#长公主在上,https://sf5-hl-cdn-tos.douyinstatic.com/obj/tos-cn-ve-2774/oUsAVfAQKlRNxEv5qxvIB8o5qmIWUcXbzJKJhw,,合集·长公主在上物料
c8ca2f0c,抖音,https://www.douyin.com/video/7067085264337833253,"若不是私心，我怎会奉你为主？
如今既得不到，那便也无需伪装了。
#圻夏夏 #锦超",2022/02/21,0,174934,4571,5164,4279,https://p9-pc-sign.douyinpic.com/tos-cn-p-0015/89c3229c5b8b4e848fa44f317bcc1583_1645434022~tplv-dy-360p.jpeg?lk3s=138a59ce&x-expires=1755957600&x-signature=1gsApk0Nq9jAYGee7ClBLi5N7Ns%3D&from=327834062&s=PackSourceEnum_AWEME_DETAIL&se=false&sc=origin_cover&biz_tag=pcweb_cover&l=2025080922445381174783172AA5F5C4AF,#锦超#电视剧剪辑#影视#影视剪辑,https://sf5-hl-cdn-tos.douyinstatic.com/obj/tos-cn-ve-2774/d4f0a0be6b744ef08c1b49245fe9de5e,,
63149823,抖音,https://www.douyin.com/video/7064531933375515940,"“为何这么久才唤本君出来，看上那小子了？”
“怎么会，只是觉得有趣罢了”
#圻夏夏 #锦超#欧莱雅太空霜",2022/02/15,0,369839,34737,29607,11090,https://p9-pc-sign.douyinpic.com/tos-cn-p-0015/377af45b48444216b042d5730e68b56d_1644839522~tplv-dy-360p.jpeg?lk3s=138a59ce&x-expires=1755957600&x-signature=DRapY%2Fv3uatqrS3ZSZUX28a8B9Q%3D&from=327834062&s=PackSourceEnum_AWEME_DETAIL&se=false&sc=origin_cover&biz_tag=pcweb_cover&l=20250809224454C6BE026F7518A8FD1CDE,#锦超#电视剧剪辑#影视#影视剪辑#欧莱雅太空霜,https://sf5-hl-cdn-tos.douyinstatic.com/obj/ies-music/7064531998127901453.mp3,,合集·妖与仙
3f77f94c,抖音,https://www.douyin.com/video/7063752977772760327,"顾玄清一把推开了公主，并对皇上说，“这是另外的价钱。”
（hhhhhhhh）
#长公主在上 #圻夏夏 #锦超",2022/02/12,0,124189,5275,12273,5935,https://p9-pc-sign.douyinpic.com/tos-cn-p-0015/680172206ea6419dbf8becf77e94ef63_1644658160~tplv-dy-360p.jpeg?lk3s=138a59ce&x-expires=1755957600&x-signature=bDbKBzwrKbbtDgMDPPztLJSFA90%3D&from=327834062&s=PackSourceEnum_AWEME_DETAIL&se=false&sc=origin_cover&biz_tag=pcweb_cover&l=20250809224454628904E2514F6284A6B0,#锦超#电视剧剪辑#影视#影视剪辑#长公主在上,https://sf5-hl-ali-cdn-tos.douyinstatic.com/obj/ies-music/6950627431124421406.mp3,,合集·长公主在上物料
737f3af2,抖音,https://www.douyin.com/video/7063390700615879972,"“真的好喜欢小仙君啊”
“那我来帮你，可好？”
#圻夏夏 #锦超 #植村秀日本柚子洁颜油",2022/02/11,0,195050,8553,7209,3865,https://p9-pc-sign.douyinpic.com/tos-cn-p-0015/68c7ed4669e44682a751fbc6ba814445_1644573818~tplv-dy-360p.jpeg?lk3s=138a59ce&x-expires=1755957600&x-signature=vneLJG3RsJbqFwt6NdCtfg3CdyE%3D&from=327834062&s=PackSourceEnum_AWEME_DETAIL&se=false&sc=origin_cover&biz_tag=pcweb_cover&l=20250809224454AD47AAEDE2390613495D,#锦超#电视剧剪辑#影视#影视剪辑#植村秀日本柚子洁颜油,https://sf5-hl-cdn-tos.douyinstatic.com/obj/ies-music/7063390794568256287.mp3,,合集·妖与仙
238dcba5,抖音,https://www.douyin.com/video/7059232779531308325,"不过是戏如人生罢了。#圻夏夏 #黑爪 #岁寒三友香水 
（新年快乐～）",2022/02/03,0,84176,2060,1478,1378,https://p9-pc-sign.douyinpic.com/tos-cn-p-0015/71fa9130c9d14a5a9fb9a4f73f6e859b_1643605722~tplv-dy-360p.jpeg?lk3s=138a59ce&x-expires=1755957600&x-signature=A%2F1h2v%2FiuHgS2Gk5PsgIJN61d%2Fw%3D&from=327834062&s=PackSourceEnum_AWEME_DETAIL&se=false&sc=origin_cover&biz_tag=pcweb_cover&l=202508092244556F424B33898110F5B385,#剧情演绎#黑爪#古风#剧情#岁寒三友香水,https://sf5-hl-cdn-tos.douyinstatic.com/obj/ies-music/7059232839287819011.mp3,,
48d5d099,抖音,https://www.douyin.com/video/7059009305667751181,"“喂喂喂，好歹我们也不是一般的关系，不用这么凶吧？”
“怎么？那天没动手你后悔了？”
“那天晚上啊，我可舍不得”#圻夏夏 #玖柯9k",2022/01/30,0,105451,3310,3325,2702,https://p9-pc-sign.douyinpic.com/tos-cn-p-0015/e906ac50b5314647a5c41485111bae9a_1643553688~tplv-dy-360p.jpeg?lk3s=138a59ce&x-expires=1755957600&x-signature=6lgFiAx4l2gzWKoVpEZ6XtRc6S4%3D&from=327834062&s=PackSourceEnum_AWEME_DETAIL&se=false&sc=origin_cover&biz_tag=pcweb_cover&l=20250809224455FF59E0E9085F01EC062F,#电视剧剪辑#影视#影视剪辑#玖柯9k,https://sf5-hl-cdn-tos.douyinstatic.com/obj/ies-music/6860413437127265037.mp3,,
3319a939,抖音,https://www.douyin.com/video/7058177526413249800,我知道我的手段其实并不高明，我只是赌赢了。赌你，是真的爱我。#圻夏夏 #玖柯9k #新年盒你心意,2022/01/28,0,149754,5123,7066,4065,https://p9-pc-sign.douyinpic.com/tos-cn-p-0015/2d9d25c7f60a4b2c9057b5a4e454fea5_1643360030~tplv-dy-360p.jpeg?lk3s=138a59ce&x-expires=1755957600&x-signature=d8DpNrz6dEufeQAwVxG1Egm%2BZ1A%3D&from=327834062&s=PackSourceEnum_AWEME_DETAIL&se=false&sc=origin_cover&biz_tag=pcweb_cover&l=202508092244567653D6CB1E89BBF4A482,#唇部彩妆#新年盒你心意#时尚#玖柯9k#彩妆,https://sf5-hl-cdn-tos.douyinstatic.com/obj/ies-music/7058177603923905293.mp3,,
a1847a42,抖音,https://www.douyin.com/video/7057497772513152269,"（预告）如果是去见你，我一定用跑的。
#圻夏夏 #锦超",2022/01/26,0,264755,7422,6310,5726,https://p9-pc-sign.douyinpic.com/tos-cn-p-0015/c48892d17dee4df4ab3dfae5ab00920f_1643201754~tplv-dy-360p.jpeg?lk3s=138a59ce&x-expires=1755957600&x-signature=Nb1lam0Ld3IhSwPATV8irAszLIk%3D&from=327834062&s=PackSourceEnum_AWEME_DETAIL&se=false&sc=origin_cover&biz_tag=pcweb_cover&l=202508092244561D43E4C750A9ED2ED3DA,#古风#剧情#剧情演绎#锦超,https://sf5-hl-cdn-tos.douyinstatic.com/obj/ies-music/7038571894395767583.mp3,,合集·妖与仙
057785fb,抖音,https://www.douyin.com/video/7054831995725139207,"所以，契约的存在是因为喜欢啊。印记的出现不是意外，而是因为，我心动了。
#圻夏夏 #锦超
#ysl1966 #ysl情人节 #情人节礼物",2022/01/19,0,627104,43925,41666,16748,https://p9-pc-sign.douyinpic.com/tos-cn-p-0015/f276df77f98f407c93e22f51a2b416c3_1642581086~tplv-dy-360p.jpeg?lk3s=138a59ce&x-expires=1755957600&x-signature=UGl0gJCwvROAp8bgYZCgcsCmjbc%3D&from=327834062&s=PackSourceEnum_AWEME_DETAIL&se=false&sc=origin_cover&biz_tag=pcweb_cover&l=20250809224457A2A36D1322F0CECAF9F8,#ysl1966#锦超#唇部彩妆#ysl情人节#情人节礼物#时尚#彩妆,https://sf6-cdn-tos.douyinstatic.com/obj/ies-music/7054832082811423524.mp3,,合集·系列
d0391468,抖音,https://www.douyin.com/video/7050061918794534181,所以姻缘这种东西吧，上天既然安排了，就总会让我们相遇的。#抖音好物年货节#阿道夫茶麸虎年万顺礼盒 #圻夏夏 #锦超,2022/01/07,0,561045,38409,30157,15678,https://p9-pc-sign.douyinpic.com/tos-cn-p-0015/af1b1ee7f32c48708e48dbc403a889e8_1641470607~tplv-dy-360p.jpeg?lk3s=138a59ce&x-expires=1755957600&x-signature=bFhTdqMfjgLF%2BHsqulTiupKkD5k%3D&from=327834062&s=PackSourceEnum_AWEME_DETAIL&se=false&sc=origin_cover&biz_tag=pcweb_cover&l=2025080922445742869B4107FC58843809,#锦超#抖音好物年货节#电视剧剪辑#影视#影视剪辑#阿道夫茶麸虎年万顺礼盒,https://sf5-hl-cdn-tos.douyinstatic.com/obj/ies-music/7050062017902086948.mp3,,
fd96a2bb,抖音,https://www.douyin.com/video/7048109057768574222,"只要你有心，我就能得到。
#圻夏夏 #锦超",2022/01/01,0,102819,1704,2120,1946,https://p9-pc-sign.douyinpic.com/tos-cn-p-0015/b4f9bf6aa6cc4d5b9e45be03cd16c862_1641015774~tplv-dy-360p.jpeg?lk3s=138a59ce&x-expires=1755957600&x-signature=hJzYQufJcmWVVJSoWtupYDWCrn0%3D&from=327834062&s=PackSourceEnum_AWEME_DETAIL&se=false&sc=origin_cover&biz_tag=pcweb_cover&l=20250809224458724C658B27DE548AE9D2,#二次元衍生#锦超#二次元#汉服,,,合集·替身文学
4859fa59,抖音,https://www.douyin.com/video/7046945267433721120,我以为你是真实的，可只是梦吗…#圻夏夏 #锦超,2021/12/29,0,150101,3334,3763,2649,https://p9-pc-sign.douyinpic.com/tos-cn-p-0015/7ebd91e4e9bb48118f9abd55bffe6b47_1640744809~tplv-dy-360p.jpeg?lk3s=138a59ce&x-expires=1755957600&x-signature=xcgpbNcEmNqH0cDnYEMxs5Htr6g%3D&from=327834062&s=PackSourceEnum_AWEME_DETAIL&se=false&sc=origin_cover&biz_tag=pcweb_cover&l=2025080922445881A024482C3F46898C57,#锦超#电视剧剪辑#影视#影视剪辑,,,
66d1acb9,抖音,https://www.douyin.com/video/7044449405298150695,许是从一开始，在花树下遇见的那刻起，便都错了…#圻夏夏 #锦超,2021/12/22,0,241271,7662,7601,6023,https://p9-pc-sign.douyinpic.com/tos-cn-p-0015/e1139e04f6c4434296abb3e99e77dbfe_1640163695~tplv-dy-360p.jpeg?lk3s=138a59ce&x-expires=1755957600&x-signature=8p3Vj4gAawZoejWPgkuELz0ALLo%3D&from=327834062&s=PackSourceEnum_AWEME_DETAIL&se=false&sc=origin_cover&biz_tag=pcweb_cover&l=20250809224458C3A465552364ADF2615E,#二次元衍生#锦超#二次元#汉服,https://sf5-hl-cdn-tos.douyinstatic.com/obj/ies-music/6979966866601036551.mp3,,合集·替身文学
6f79afe8,抖音,https://www.douyin.com/video/7041405271364668683,"（ysl番外2）总感觉他生气了，但他为什么生气啊！看美人跳舞不应该是件高兴的事吗？
#圻夏夏 #锦超",2021/12/14,0,490926,11190,18564,12575,https://p9-pc-sign.douyinpic.com/tos-cn-p-0015/23a99212e6104592a54377ecf9bd1e95_1639454928~tplv-dy-360p.jpeg?lk3s=138a59ce&x-expires=1755957600&x-signature=l0OJUV0XZdQu%2FSk80cu8t2VxMYM%3D&from=327834062&s=PackSourceEnum_AWEME_DETAIL&se=false&sc=origin_cover&biz_tag=pcweb_cover&l=202508092245006F2484FFD9A4C894E178,#锦超#电视剧剪辑#影视#影视剪辑,,,合集·系列
5ed2c49d,抖音,https://www.douyin.com/video/7040008069937401092,真是可笑啊…我竟然还以为能有一瞬间你爱的是我。#圻夏夏 #锦超,2021/12/10,0,171618,2611,4121,3275,https://p9-pc-sign.douyinpic.com/tos-cn-p-0015/80e8ce0503ee478da7c827952cf35e20_1639129629~tplv-dy-360p.jpeg?lk3s=138a59ce&x-expires=1755957600&x-signature=3Npd24%2F0z44xrlh4xpjvB53rCK4%3D&from=327834062&s=PackSourceEnum_AWEME_DETAIL&se=false&sc=origin_cover&biz_tag=pcweb_cover&l=20250809224500520B2A49BA2BC1F466E3,#锦超#电视剧剪辑#影视#影视剪辑,,,合集·替身文学
8d226b73,抖音,https://www.douyin.com/video/7038885681250290956,现在想来，过去的偏爱皆是为她，于我而言却是一场笑话。#圻夏夏 #锦超,2021/12/07,0,146004,3939,5113,2707,https://p9-pc-sign.douyinpic.com/tos-cn-p-0015/19b0dee9930146178711da128bf3190e_1638868307~tplv-dy-360p.jpeg?lk3s=138a59ce&x-expires=1755957600&x-signature=XdwiiOmfjUBCdBHaqDVTZcBoF58%3D&from=327834062&s=PackSourceEnum_AWEME_DETAIL&se=false&sc=origin_cover&biz_tag=pcweb_cover&l=202508092245018D2F9EE39EAD4BFD44AD,#锦超#多人随拍#随拍#人物随拍,https://sf5-hl-ali-cdn-tos.douyinstatic.com/obj/ies-music/7032228689152789284.mp3,,合集·替身文学
a7c0c5df,抖音,https://www.douyin.com/video/7037692186497928487,"许是太过不甘与思念吧
下一世的圆满化不开我这缕上一世的执念
我自私的想让你记得我。#圻夏夏  #冰希黎大师精粹系列",2021/12/04,0,47951,1025,1713,1098,https://p9-pc-sign.douyinpic.com/tos-cn-p-0015/80e68fc2bd044723a957da163fef0919_1638590405~tplv-dy-360p.jpeg?lk3s=138a59ce&x-expires=1755957600&x-signature=jO8bbJhdsRb4SgakjO9lje%2BiD7s%3D&from=327834062&s=PackSourceEnum_AWEME_DETAIL&se=false&sc=origin_cover&biz_tag=pcweb_cover&l=202508092245013A97D2833062DF8787CA,#电视剧剪辑#影视#影视剪辑,https://sf5-hl-cdn-tos.douyinstatic.com/obj/ies-music/7037692209210198791.mp3,,
41e5b04e,抖音,https://www.douyin.com/video/7037398729925692676,（ysl番外）做事情不可以三心二意哦～#圻夏夏 #锦超（顺便在线等个配音，快艾特你们喜欢的声音博主来配！）,2021/12/03,0,240847,10404,19862,5545,https://p9-pc-sign.douyinpic.com/tos-cn-p-0015/f0789351864748eba766c81a68121f14_1638522099~tplv-dy-360p.jpeg?lk3s=138a59ce&x-expires=1755957600&x-signature=tYFu1YgHa3GMztYKS7MagOFek58%3D&from=327834062&s=PackSourceEnum_AWEME_DETAIL&se=false&sc=origin_cover&biz_tag=pcweb_cover&l=20250809224502D9D43558E0AC49F21913,#锦超#多人随拍#随拍#人物随拍,https://sf5-hl-cdn-tos.douyinstatic.com/obj/ies-music/7037398743125166855.mp3,,合集·系列
c4fa518a,抖音,https://www.douyin.com/video/7036716438136130854,所以说啊，男朋友还得是自己养大的才比较乖～#圻夏夏 #锦超 #ysl302 #ysl圣诞猎金派对,2021/12/01,0,1323433,91765,147389,47957,https://p9-pc-sign.douyinpic.com/tos-cn-p-0015/17b3a7bc9d5442ffbb11d9a2876a2ef4_1638363226~tplv-dy-360p.jpeg?lk3s=138a59ce&x-expires=1755957600&x-signature=8PHy5pyfy7QhvsWyW8VbWdFSHcI%3D&from=327834062&s=PackSourceEnum_AWEME_DETAIL&se=false&sc=origin_cover&biz_tag=pcweb_cover&l=202508092245020DEA17864F6D80865F33,#锦超#唇部彩妆#时尚#彩妆#ysl302,https://sf3-cdn-tos.douyinstatic.com/obj/ies-music/7036716530952243982.mp3,,合集·系列
0af57836,抖音,https://www.douyin.com/video/7034812008449035553,你亲了我，我就是你的人了！所以，为我留下来吧～#圻夏夏  #纸短情长 @黑爪 BLACK PAW,2021/11/26,0,135489,3625,4564,2228,https://p9-pc-sign.douyinpic.com/tos-cn-p-0015/e9078a133a714f0c9e62f0cb8172fb43_1637919812~tplv-dy-360p.jpeg?lk3s=138a59ce&x-expires=1755957600&x-signature=Qos22T9zQPrm0KxuKhsP009Tq%2Bs%3D&from=327834062&s=PackSourceEnum_AWEME_DETAIL&se=false&sc=origin_cover&biz_tag=pcweb_cover&l=20250809224502F2501BBE40F8EF80F625,#电视剧剪辑#影视#影视剪辑#纸短情长,https://sf5-hl-ali-cdn-tos.douyinstatic.com/obj/tos-cn-ve-2774/osGf5KZyUIcDCIfaIAk9QBF4JzeMLGbBEAWnjD,,
d0cae39c,抖音,https://www.douyin.com/video/7033598400981470502,这把油纸伞你可要收好了～等我回来，可是要还的。#三草两木非遗剧场 @三草两木 #圻夏夏,2021/11/25,0,19080,199,359,263,https://p9-pc-sign.douyinpic.com/tos-cn-p-0015/002f9f111546445590f9e7da5702a79b_1637637247~tplv-dy-360p.jpeg?lk3s=138a59ce&x-expires=1755957600&x-signature=j2wNWDboNfNwkZCHkYB7aEtaDho%3D&from=327834062&s=PackSourceEnum_AWEME_DETAIL&se=false&sc=origin_cover&biz_tag=pcweb_cover&l=202508092245038F063BC1BA8845FD4540,#人文社科#三草两木非遗剧场#非遗#传统文化,https://sf5-hl-cdn-tos.douyinstatic.com/obj/ies-music/7033598507533585159.mp3,,
2a21596e,抖音,https://www.douyin.com/video/7031830700303060228,你心里清楚，我们从来都是一个人。你爱她，却为何不能接受我？#圻夏夏 #照从前 #一梦黄粱多少年,2021/11/18,0,46142,651,1372,1001,https://p9-pc-sign.douyinpic.com/tos-cn-p-0015/4bf8f9f518854de984582c99ae44bd46_1637225671~tplv-dy-360p.jpeg?lk3s=138a59ce&x-expires=1755957600&x-signature=ozqhCLwRkIWqBXA7LLBhHuOuyhw%3D&from=327834062&s=PackSourceEnum_AWEME_DETAIL&se=false&sc=origin_cover&biz_tag=pcweb_cover&l=202508092245033EF499950C3781F76F6B,#二次元#汉服#二次元衍生#一梦黄粱多少年#照从前,https://sf5-hl-cdn-tos.douyinstatic.com/obj/tos-cn-ve-2774/o8ChFsGenebgLaFQQGDnCebyo4HPAlSLDgwV5z,,
96b8d8df,抖音,https://www.douyin.com/video/7031133185278741772,善恶并存。#圻夏夏,2021/11/16,0,35367,351,720,508,https://p9-pc-sign.douyinpic.com/tos-cn-p-0015/d6581cb00a0a4baf9bb867020290aa3e_1637063268~tplv-dy-360p.jpeg?lk3s=138a59ce&x-expires=1755957600&x-signature=D4WHEzsg2Ip%2FQcX6h9bWZL%2BFIp0%3D&from=327834062&s=PackSourceEnum_AWEME_DETAIL&se=false&sc=origin_cover&biz_tag=pcweb_cover&l=20250809224504614946B98A51D08E71BC,#二次元衍生#二次元#汉服,https://sf5-hl-cdn-tos.douyinstatic.com/obj/ies-music/6880692476760443662.mp3,,
c57c5e0b,抖音,https://www.douyin.com/video/7029609402235669771,"“你真以为自己是他了？你永远变不成你哥哥！”
我从未对他发过这么大的火…只是恼他终究不是他，可自己还是爱上了他以外的人。#圻夏夏 #夫诸",2021/11/12,0,47823,1074,1504,1188,https://p9-pc-sign.douyinpic.com/tos-cn-p-0015/9548a308a99945ae8b0c073e0bc04648_1636708485~tplv-dy-360p.jpeg?lk3s=138a59ce&x-expires=1755957600&x-signature=YwjFXfCj9%2Fb3%2F46Ut4laugcZZMo%3D&from=327834062&s=PackSourceEnum_AWEME_DETAIL&se=false&sc=origin_cover&biz_tag=pcweb_cover&l=20250809224504018CF6BFF53CE6F63C14,#电视剧剪辑#影视#影视剪辑,https://sf6-cdn-tos.douyinstatic.com/obj/ies-music/6988827503280392991.mp3,,
ab90400f,抖音,https://www.douyin.com/video/7024477192318946564,从来都只有自己才能拯救自己。#海芙谜白月光 @海芙谜 #圻夏夏,2021/11/05,0,130557,1187,1827,2459,https://p9-pc-sign.douyinpic.com/tos-cn-p-0015/c459e22f0b7c4c57b3f0675cd1ad575e_1635513551~tplv-dy-360p.jpeg?lk3s=138a59ce&x-expires=1755957600&x-signature=bmIQopYnCPS8Hz%2B2J6hfVDQ52iM%3D&from=327834062&s=PackSourceEnum_AWEME_DETAIL&se=false&sc=origin_cover&biz_tag=pcweb_cover&l=202508092245050B52FBFE50062395911D,#海芙谜白月光#电视剧剪辑#影视#影视剪辑,https://sf6-cdn-tos.douyinstatic.com/obj/tos-cn-ve-2774/owCSQQdYDmuJ7BZrgEfMCagn7FncGoBtfrKZdX,,
d9d3d39c,抖音,https://www.douyin.com/video/7025548543880367371,"原来所谓相爱，从一开始便是错觉。
你不是他，我也成不了她。#圻夏夏 #锦超",2021/11/01,0,375683,12755,18004,10873,https://p9-pc-sign.douyinpic.com/tos-cn-p-0015/c812d6ca4eee4ff3b9b11b658f71d869_1635762992~tplv-dy-360p.jpeg?lk3s=138a59ce&x-expires=1755957600&x-signature=deWXNYY45091%2FvwqZI6eLmWh7bE%3D&from=327834062&s=PackSourceEnum_AWEME_DETAIL&se=false&sc=origin_cover&biz_tag=pcweb_cover&l=20250809224505A65F6C825FBF7186255D,#锦超#电视剧剪辑#影视#影视剪辑,https://sf5-hl-cdn-tos.douyinstatic.com/obj/ies-music/6984743868273068830.mp3,,合集·替身文学
f3780e07,抖音,https://www.douyin.com/video/7024784152998235396,终于，找到你了。#圻夏夏 #锦超,2021/10/30,0,153474,2557,4319,3963,https://p9-pc-sign.douyinpic.com/tos-cn-p-0015/61bdedb203e44378a269f5da711d7407_1635585020~tplv-dy-360p.jpeg?lk3s=138a59ce&x-expires=1755957600&x-signature=Mx0W80DoZDkn2zzHrYUKAlYYL54%3D&from=327834062&s=PackSourceEnum_AWEME_DETAIL&se=false&sc=origin_cover&biz_tag=pcweb_cover&l=2025080922450551D3BFE393A4F3B580C3,#二次元衍生#锦超#二次元#汉服,https://sf5-hl-ali-cdn-tos.douyinstatic.com/obj/ies-music/7003647095643097870.mp3,,合集·替身文学
92031115,抖音,https://www.douyin.com/video/7023309740545477899,"只是因为，像她..而已吗
#圻夏夏 #锦超",2021/10/26,0,520908,21366,25851,13051,https://p9-pc-sign.douyinpic.com/tos-cn-p-0015/42820bbef88b4c21bfd7d777a7825f35_1635241731~tplv-dy-360p.jpeg?lk3s=138a59ce&x-expires=1755957600&x-signature=AKolEJosQ%2B34QMnurWMGoy3bMl4%3D&from=327834062&s=PackSourceEnum_AWEME_DETAIL&se=false&sc=origin_cover&biz_tag=pcweb_cover&l=2025080922450647C31DCF6F0AF2F669CE,#明星随拍资讯#锦超#明星八卦,https://sf5-hl-cdn-tos.douyinstatic.com/obj/ies-music/7004471406884850463.mp3,,合集·替身文学
75f682ae,抖音,https://www.douyin.com/video/7022185726762667297,传说中，那傣族雨林里有宝藏…#圻夏夏,2021/10/23,0,48029,847,1069,812,https://p9-pc-sign.douyinpic.com/tos-cn-p-0015/2bde7a892301415fb4a3628c0cffe42d_1634980026~tplv-dy-360p.jpeg?lk3s=138a59ce&x-expires=1755957600&x-signature=57wWsOAwd8mdP9EQfcm895MLauw%3D&from=327834062&s=PackSourceEnum_AWEME_DETAIL&se=false&sc=origin_cover&biz_tag=pcweb_cover&l=20250809224506259863D1880E01F7D292,#穿搭#配饰#时尚,https://sf3-cdn-tos.douyinstatic.com/obj/ies-music/7022185726959684359.mp3,,
39d3801d,抖音,https://www.douyin.com/video/7021814683594132768,私奔吧！#圻夏夏 #锦超,2021/10/22,0,90431,2399,3855,2077,https://p9-pc-sign.douyinpic.com/tos-cn-p-0015/5239cb793932406782d23fe054d9a119_1634893637~tplv-dy-360p.jpeg?lk3s=138a59ce&x-expires=1755957600&x-signature=GjqrSHyA7x65vz5ygCboL2awzxQ%3D&from=327834062&s=PackSourceEnum_AWEME_DETAIL&se=false&sc=origin_cover&biz_tag=pcweb_cover&l=20250809224507FED181F2B53A00FB543F,#二次元衍生#锦超#二次元#汉服,,,
5fb37c9b,抖音,https://www.douyin.com/video/7021451264567430403,"这场赌局的输赢我不感兴趣，只是想看看你们的结局而已。
#圻夏夏",2021/10/21,0,18057,235,281,283,https://p3-pc-sign.douyinpic.com/tos-cn-p-0015/d37ac916c4bd46a6b96d3ce67471b21a_1634809026~tplv-dy-360p.jpeg?lk3s=138a59ce&x-expires=1755957600&x-signature=3e01%2FZI41K2UwdvRN7R%2BTXdFzL4%3D&from=327834062&s=PackSourceEnum_AWEME_DETAIL&se=false&sc=origin_cover&biz_tag=pcweb_cover&l=202508092245077B9A8076A27F1B98E8C8,#二次元衍生#二次元#汉服,https://sf5-hl-cdn-tos.douyinstatic.com/obj/ies-music/7015488769897794317.mp3,,
a90e4b8e,抖音,https://www.douyin.com/video/7020372788724632843,恨为剧毒，爱为解药。#圻夏夏,2021/10/18,0,25587,229,394,495,https://p9-pc-sign.douyinpic.com/tos-cn-p-0015/72fea7aa18354e27838958c83489e351_1634557953~tplv-dy-360p.jpeg?lk3s=138a59ce&x-expires=1755957600&x-signature=gF1iIDGhhijo3lMNAONGsftQqUk%3D&from=327834062&s=PackSourceEnum_AWEME_DETAIL&se=false&sc=origin_cover&biz_tag=pcweb_cover&l=202508092245086CE20F139F210E0DE349,#电视剧剪辑#影视#影视剪辑,https://sf5-hl-cdn-tos.douyinstatic.com/obj/ies-music/7011817041334225672.mp3,,
b71b10bd,抖音,https://www.douyin.com/video/7018480319787535655,"若真有这么一天，战场之上，我不敌被俘，还希望你能亲手了结我的性命。
我不想…成为你的软肋。
#圻夏夏 #鹿荼白",2021/10/13,0,28617,453,630,872,https://p3-pc-sign.douyinpic.com/tos-cn-p-0015/490d33e56a4049c09cb6359e95141ba7_1634117295~tplv-dy-360p.jpeg?lk3s=138a59ce&x-expires=1755957600&x-signature=zrKb7S11L0b6JdbuarMGZaLzvYc%3D&from=327834062&s=PackSourceEnum_AWEME_DETAIL&se=false&sc=origin_cover&biz_tag=pcweb_cover&l=202508092245092DB279E1D32FD1849FAA,#鹿荼白#电视剧剪辑#影视#影视剪辑,https://sf6-cdn-tos.douyinstatic.com/obj/tos-cn-ve-2774/ocPc09ObZjDe8DANB4nBHueIJ35ggCPQJ7F3ot,,
4434f930,抖音,https://www.douyin.com/video/7016996602418072835,"“北方的雪好冷啊，哥，带我回家吧”
“好，我们回家。”
#圻夏夏 #鹿荼白",2021/10/09,0,41468,747,1335,1425,https://p9-pc-sign.douyinpic.com/tos-cn-p-0015/5575dda4a4964092ab1056a424817744_1633771839~tplv-dy-360p.jpeg?lk3s=138a59ce&x-expires=1755957600&x-signature=1hzPFBJwGs2CclXfGnOG7Nz9Ql4%3D&from=327834062&s=PackSourceEnum_AWEME_DETAIL&se=false&sc=origin_cover&biz_tag=pcweb_cover&l=20250809224509CEFAE8BF56F430017C99,#鹿荼白#电视剧剪辑#影视#影视剪辑,https://sf5-hl-cdn-tos.douyinstatic.com/obj/ies-music/7016996650178693924.mp3,,
e523bdc7,抖音,https://www.douyin.com/video/7016178930231037187,（三兔番外五）既然是我弄乱了你的心，那我就允许你来弄乱我的床吧～#圻夏夏 #锦超,2021/10/07,0,84658,3686,5797,3270,https://p3-pc-sign.douyinpic.com/tos-cn-p-0015/12b849b607b546c8a08d53c3da76ccab_1633581462~tplv-dy-360p.jpeg?lk3s=138a59ce&x-expires=1755957600&x-signature=dz2aXziXDtU%2BePw8Y1NtZ0S0Gt4%3D&from=327834062&s=PackSourceEnum_AWEME_DETAIL&se=false&sc=origin_cover&biz_tag=pcweb_cover&l=20250809224509652F99FE92979F1A92AA,#锦超#电视剧剪辑#影视#影视剪辑,,,合集·三兔系列
3e420266,抖音,https://www.douyin.com/video/7015442512244509985,以后就跟着我吧，小乞丐，我教你保护自己。（下集观看指路@杨馥羽 ）#圻夏夏 #杨馥羽,2021/10/05,0,16405,817,689,459,https://p9-pc-sign.douyinpic.com/tos-cn-p-0015/7ba43fa8c255423c99a626cdbffa8fe9_1633410003~tplv-dy-360p.jpeg?lk3s=138a59ce&x-expires=1755957600&x-signature=lSJz0WbFlG4%2Fzo8dO8wBd%2B8iFUQ%3D&from=327834062&s=PackSourceEnum_AWEME_DETAIL&se=false&sc=origin_cover&biz_tag=pcweb_cover&l=202508092245105D93C1E9459298F897A7,#杨馥羽#电视剧剪辑#影视#影视剪辑,https://sf5-hl-cdn-tos.douyinstatic.com/obj/tos-cn-ve-2774/owarDRQAGwF8YD5mjkz6ffbRFsnUBCCo9gxG0f,,合集·那些年我的
7b86ff11,抖音,https://www.douyin.com/video/7014743771938180355,（三兔番外三）相信一见钟情嘛？其实吧，见你的第一面，我就想嫁给你了。（下集观看指路@锦超 ）#圻夏夏 #锦超,2021/10/03,0,34799,764,1425,1011,https://p9-pc-sign.douyinpic.com/tos-cn-p-0015/2bd2ba953ea34401b9bfa413660364f0_1633247316~tplv-dy-360p.jpeg?lk3s=138a59ce&x-expires=1755957600&x-signature=ERikw9%2Fsp0TYiDDE6oqL3aL6618%3D&from=327834062&s=PackSourceEnum_AWEME_DETAIL&se=false&sc=origin_cover&biz_tag=pcweb_cover&l=202508092245108AB0969991F8BF90B6C6,#锦超#电视剧剪辑#影视#影视剪辑,https://sf5-hl-cdn-tos.douyinstatic.com/obj/tos-cn-ve-2774/o0HtBfRiBIGsczMWUVKgCQHZyuhWwxshQJAAIH,,合集·三兔系列
3a242690,抖音,https://www.douyin.com/video/7014005212356644129,"哥…
我可能没有办法和你一起回家了。
#圻夏夏",2021/10/01,0,50924,990,1479,1600,https://p9-pc-sign.douyinpic.com/tos-cn-p-0015/289a61dfcbde4f2ca7ad5d8aaeb7861b_1633075352~tplv-dy-360p.jpeg?lk3s=138a59ce&x-expires=1755957600&x-signature=lhAvoHI17%2Fxex7VxSci1sX%2Fa3Yw%3D&from=327834062&s=PackSourceEnum_AWEME_DETAIL&se=false&sc=origin_cover&biz_tag=pcweb_cover&l=202508092245115541377265469700095C,#人物图片轮播#随拍#人物随拍,https://sf6-cdn-tos.douyinstatic.com/obj/ies-music/1655610710718467.mp3,,
0d03a0bf,抖音,https://www.douyin.com/video/7013284593495280900,"这次的兄妹线，笔给你们～
#离弦 #圻夏夏 #鹿荼白",2021/09/29,0,20593,338,510,417,https://p9-pc-sign.douyinpic.com/tos-cn-p-0015/6668a068522348a7914870201ee12c0c_1632907570~tplv-dy-360p.jpeg?lk3s=138a59ce&x-expires=1755957600&x-signature=EvNZgUQaJ2oYeM227vEskPozi%2BA%3D&from=327834062&s=PackSourceEnum_AWEME_DETAIL&se=false&sc=origin_cover&biz_tag=pcweb_cover&l=20250809224511FC841921A3D34AF0FB89,#离弦#电视剧剪辑#影视#影视剪辑#鹿荼白,https://sf5-hl-cdn-tos.douyinstatic.com/obj/tos-cn-ve-2774/ogWBdIgUD3nCgCjeSuBuGjLwHxfAZtG5ILDSba,,
4305a5ff,抖音,https://www.douyin.com/video/7012172878405848324,"不是儿臣变了，只是儿臣长大了。
您该高兴才是，父皇。#圻夏夏",2021/09/26,0,363639,19834,18842,9624,https://p9-pc-sign.douyinpic.com/tos-cn-p-0015/36262a23a52940e183943b89231be2e5_1632648729~tplv-dy-360p.jpeg?lk3s=138a59ce&x-expires=1755957600&x-signature=rThA%2Fm3UMOnYdWvS%2Bhat2sETAuw%3D&from=327834062&s=PackSourceEnum_AWEME_DETAIL&se=false&sc=origin_cover&biz_tag=pcweb_cover&l=2025080922451149A9A3CAB116FF874B77,#电视剧剪辑#影视#影视剪辑,https://sf5-hl-cdn-tos.douyinstatic.com/obj/ies-music/6972889644719770398.mp3,,
7891da3c,抖音,https://www.douyin.com/video/7011432377633230084,（三兔番外二）小老鼠有什么好怕的…当然如果他在场的话，我就假装害怕一下吧～#圻夏夏 #锦超,2021/09/24,0,27044,376,869,602,https://p9-pc-sign.douyinpic.com/tos-cn-p-0015/86b5a72727d1424ea50d1f62c4b4a95b_1632476339~tplv-dy-360p.jpeg?lk3s=138a59ce&x-expires=1755957600&x-signature=%2BPek1uaF%2F7y1vF6H8ZiRRIIKKzo%3D&from=327834062&s=PackSourceEnum_AWEME_DETAIL&se=false&sc=origin_cover&biz_tag=pcweb_cover&l=202508092245125675F1712CD547FE3FD0,#锦超#电视剧剪辑#影视#影视剪辑,,,合集·三兔系列
9da2c13d,抖音,https://www.douyin.com/video/7010707724275027233,不等了。#圻夏夏,2021/09/22,0,66779,1838,3578,1765,https://p9-pc-sign.douyinpic.com/tos-cn-p-0015/d14674eb9f1f4747b6a7c836b6f679bc_1632307597~tplv-dy-360p.jpeg?lk3s=138a59ce&x-expires=1755957600&x-signature=V%2FjYyOYlibT3JnKsDOwk4N22zt4%3D&from=327834062&s=PackSourceEnum_AWEME_DETAIL&se=false&sc=origin_cover&biz_tag=pcweb_cover&l=202508092245128EE99CEA48081C33A435,#二次元衍生#二次元#汉服,https://sf5-hl-cdn-tos.douyinstatic.com/obj/ies-music/6995880085597195044.mp3,,合集·替身文学
f9de31e7,抖音,https://www.douyin.com/video/7010619468694965515,（预告）若我会是你往后的执念，那便当作从未遇见吧。#圻夏夏,2021/09/22,0,31739,557,1188,985,https://p9-pc-sign.douyinpic.com/tos-cn-p-0015/529c6cccec2c42bb88853cdf29adc262_1632287047~tplv-dy-360p.jpeg?lk3s=138a59ce&x-expires=1755957600&x-signature=XEOM4lRitPRfxML3h8aEMrSZBhk%3D&from=327834062&s=PackSourceEnum_AWEME_DETAIL&se=false&sc=origin_cover&biz_tag=pcweb_cover&l=2025080922451211F3BE4291F432FA78AE,#明星随拍资讯#明星八卦,https://sf5-hl-cdn-tos.douyinstatic.com/obj/ies-music/6971641984540855048.mp3,,
80592f13,抖音,https://www.douyin.com/video/7009802213396729100,（三兔番外一）“香膏店的老板娘跟我说，可以把香膏抹在…想让心上人亲的位置”#圻夏夏 #锦超 #唐宫盛宴真香,2021/09/20,0,56604,3734,5241,1872,https://p9-pc-sign.douyinpic.com/tos-cn-p-0015/5233bfc7272f4e0f898382215b710aad_1632096767~tplv-dy-360p.jpeg?lk3s=138a59ce&x-expires=1755957600&x-signature=r7TZOm3OIovgHCo13r5p0RU3FEM%3D&from=327834062&s=PackSourceEnum_AWEME_DETAIL&se=false&sc=origin_cover&biz_tag=pcweb_cover&l=20250809224513F443E124AD9071960D1C,#锦超#电视剧剪辑#影视#影视剪辑#唐宫盛宴真香,,,合集·三兔系列
43cf58d0,抖音,https://www.douyin.com/video/7007740378069601575,我总会陪着你的，姐姐。#圻夏夏 #圣微 #青蛇劫起,2021/09/14,0,34088,2392,3812,1249,https://p9-pc-sign.douyinpic.com/tos-cn-p-0015/2e22df2be1b6429f928abf190c77f0bd_1631616707~tplv-dy-360p.jpeg?lk3s=138a59ce&x-expires=1755957600&x-signature=%2BrcR0A5y74AX3mtyNWY6tTmMvMY%3D&from=327834062&s=PackSourceEnum_AWEME_DETAIL&se=false&sc=origin_cover&biz_tag=pcweb_cover&l=20250809224513FC69531BA9EAC49F12D8,#青蛇劫起#圣微#二次元#汉服#二次元衍生,https://sf5-hl-cdn-tos.douyinstatic.com/obj/ies-music/7007740404225428238.mp3,,
37764ffc,抖音,https://www.douyin.com/video/7006521868031167782,“我写的小说里啊，徒弟偷偷喜欢师父 …”其实，我想说的是，我心悦你。#圻夏夏 #HH羽粉饼 @HHmakeup官方,2021/09/11,0,25331,771,1119,539,https://p9-pc-sign.douyinpic.com/tos-cn-p-0015/b7147bd4ccdb40cfafd8bbb0da682cde_1631333004~tplv-dy-360p.jpeg?lk3s=138a59ce&x-expires=1755957600&x-signature=shOw%2BjAbleVJrY3uCvNar4pCLlQ%3D&from=327834062&s=PackSourceEnum_AWEME_DETAIL&se=false&sc=origin_cover&biz_tag=pcweb_cover&l=2025080922451440100ACA045DBF880C37,#二次元衍生#hh羽粉饼#二次元#汉服,,,
869b1d7b,抖音,https://www.douyin.com/video/7005886032101100833,就是想再发一遍看看会不会继续被限#圻夏夏 #圣微,2021/09/09,0,166309,14157,30267,4387,https://p9-pc-sign.douyinpic.com/tos-cn-p-0015/125fb3576e674bda8c8bd716fa5df1ec_1631184958~tplv-dy-360p.jpeg?lk3s=138a59ce&x-expires=1755957600&x-signature=rLuNhzWWyekNVUGzHnp5qY%2F8nxc%3D&from=327834062&s=PackSourceEnum_AWEME_DETAIL&se=false&sc=origin_cover&biz_tag=pcweb_cover&l=202508092245141FB5833FAE9101F238BE,#动漫IP#二次元内容#圣微#二次元,https://sf5-hl-cdn-tos.douyinstatic.com/obj/ies-music/6992078893595249421.mp3,,合集·那些年我的
708b892c,抖音,https://www.douyin.com/video/7003999364519611687,#国风大典 《风起未央》上线，权倾朝野的剧本太带感了，去@国风大典 看好戏上演!,2021/09/04,0,18761,329,545,501,https://p9-pc-sign.douyinpic.com/tos-cn-p-0015/adf3c213bce44693b4f2302c10bdd8ce_1630745697~tplv-dy-360p.jpeg?lk3s=138a59ce&x-expires=1755957600&x-signature=psbfUg%2BSRfXtgNuoxi6ZkKZwI9s%3D&from=327834062&s=PackSourceEnum_AWEME_DETAIL&se=false&sc=origin_cover&biz_tag=pcweb_cover&l=2025080922451512E4A2CA7B4740C962E8,#二次元衍生#二次元#汉服#国风大典,https://sf5-hl-cdn-tos.douyinstatic.com/obj/ies-music/7003999384589339399.mp3,,
ecd8cf57,抖音,https://www.douyin.com/video/7003632905738145027,夜夜笙歌。#圻夏夏,2021/09/03,0,43052,968,1735,1147,https://p9-pc-sign.douyinpic.com/tos-cn-p-0015/008c4a21f6b84347895c9a0675a11c02_1630660363~tplv-dy-360p.jpeg?lk3s=138a59ce&x-expires=1755957600&x-signature=vNHCP0ajd%2Baw7VX6K9Maakd6%2BEo%3D&from=327834062&s=PackSourceEnum_AWEME_DETAIL&se=false&sc=origin_cover&biz_tag=pcweb_cover&l=20250809224515C1B2BA8AF41A9B85692D,#明星随拍资讯#明星八卦,https://sf5-hl-cdn-tos.douyinstatic.com/obj/ies-music/6971366619742276365.mp3,,
8200971e,抖音,https://www.douyin.com/video/7002559556790258982,所以，即使只有我是为你而来，最终你也没有选择我。#圻夏夏 #锦超,2021/08/31,0,21149,482,835,572,https://p3-pc-sign.douyinpic.com/tos-cn-p-0015/7169bb9845b04d7a94013fa782796f0f_1630410454~tplv-dy-360p.jpeg?lk3s=138a59ce&x-expires=1755957600&x-signature=2OMzlgBz553Vvp2JP85OIZya%2Bzw%3D&from=327834062&s=PackSourceEnum_AWEME_DETAIL&se=false&sc=origin_cover&biz_tag=pcweb_cover&l=2025080922451662E09AC33FA000E1B0F8,#二次元衍生#锦超#二次元#汉服,https://sf5-hl-ali-cdn-tos.douyinstatic.com/obj/tos-cn-ve-2774/oYjzDVAxhBdIFCfZOAHU18UKIgtggoNyNfXzhG,,
c1256cd3,抖音,https://www.douyin.com/video/7000666126317358368,终究只是我们大梦了一场…#圻夏夏 #锦超 #山海入梦来,2021/08/26,0,29981,1157,1610,1243,https://p9-pc-sign.douyinpic.com/tos-cn-p-0015/f9a55e5511654d35b77461abcf04b4aa_1629969604~tplv-dy-360p.jpeg?lk3s=138a59ce&x-expires=1755957600&x-signature=jCGCMoootGLzpYoEcdW6IqxJI7U%3D&from=327834062&s=PackSourceEnum_AWEME_DETAIL&se=false&sc=origin_cover&biz_tag=pcweb_cover&l=20250809224517A042C9AEDDEC7C99C2D9,#锦超#山海入梦来,https://sf5-hl-cdn-tos.douyinstatic.com/obj/ies-music/6997336732270136071.mp3,,合集·恶人组
6b1e69b5,抖音,https://www.douyin.com/video/6999839502621543712,这世间我来过一趟，还能遇见你…已是再幸运不过的事情。#圻夏夏 #花皙蔻 @花皙蔻,2021/08/24,0,63759,6644,6032,1485,https://p9-pc-sign.douyinpic.com/tos-cn-p-0015/c7b45f1f5a374654b135411b600428c3_1629777144~tplv-dy-360p.jpeg?lk3s=138a59ce&x-expires=1755957600&x-signature=eOlsbE2PXgdQhqC7UcNqcdt6Y%2BA%3D&from=327834062&s=PackSourceEnum_AWEME_DETAIL&se=false&sc=origin_cover&biz_tag=pcweb_cover&l=202508092245178DEE8C16A85DCA7B8ADF,#花皙蔻,https://sf5-hl-cdn-tos.douyinstatic.com/obj/ies-music/6999839571668192036.mp3,,
c842f733,抖音,https://www.douyin.com/video/6998465680643296551,长久的爱意从来不是单向奔赴。（结尾有彩蛋）#唐宫盛宴真香 #圻夏夏 #锦超,2021/08/20,0,213642,28570,34468,5443,https://p9-pc-sign.douyinpic.com/tos-cn-p-0015/f35eaf5a40a148fbbf4907f24669bfed_1629457282~tplv-dy-360p.jpeg?lk3s=138a59ce&x-expires=1755957600&x-signature=%2BVZoi898ueqpZt%2FMLnmlODr4sk8%3D&from=327834062&s=PackSourceEnum_AWEME_DETAIL&se=false&sc=origin_cover&biz_tag=pcweb_cover&l=20250809224517AC08E85541EA3217E521,#锦超#唐宫盛宴真香,https://sf5-hl-ali-cdn-tos.douyinstatic.com/obj/ies-music/6998465804433951525.mp3,,合集·三兔系列
cb008fdd,抖音,https://www.douyin.com/video/6997320209920986401,你来了，我好像没有那么孤独了。#圻夏夏#锦超,2021/08/17,0,54713,2438,3207,1541,https://p9-pc-sign.douyinpic.com/tos-cn-p-0015/59004f11f0514364b6fa937aadca57a0_1629190572~tplv-dy-360p.jpeg?lk3s=138a59ce&x-expires=1755957600&x-signature=k%2FDy4U6OZpo%2BgtxiJKESX4RM8m4%3D&from=327834062&s=PackSourceEnum_AWEME_DETAIL&se=false&sc=origin_cover&biz_tag=pcweb_cover&l=2025080922451840A6E65506B37886A726,#锦超,https://sf3-cdn-tos.douyinstatic.com/obj/ies-music/6997320246839298823.mp3,,合集·恶人组
8a29e227,抖音,https://www.douyin.com/video/6996146429630729475,（预告）你是什么东西，也配来问我。#圻夏夏,2021/08/14,0,178615,13609,9404,2390,https://p9-pc-sign.douyinpic.com/tos-cn-p-0015/00ed3ccd6da64156bd54699c9a494a9c_1628917279~tplv-dy-360p.jpeg?lk3s=138a59ce&x-expires=1755957600&x-signature=ESsKuQjc6pAPhdcBjjwy2F6x%2BH4%3D&from=327834062&s=PackSourceEnum_AWEME_DETAIL&se=false&sc=origin_cover&biz_tag=pcweb_cover&l=202508092245186961D8E0B11CFF9B10ED,,https://sf5-hl-cdn-tos.douyinstatic.com/obj/ies-music/6985719396049767198.mp3,,合集·打戏合集
4fd43add,抖音,https://www.douyin.com/video/6995871568236694787,我永远记得，你…来过。#圻夏夏#美喵喵#一生锁爱永结同心   @花西子Florasis,2021/08/13,0,21329,170,310,252,https://p9-pc-sign.douyinpic.com/tos-cn-p-0015/74359a1785dd414e9ca36c82b737fff0_1628853284~tplv-dy-360p.jpeg?lk3s=138a59ce&x-expires=1755957600&x-signature=OQsaiHdXXn0GJmNh86VYn%2FIxNwQ%3D&from=327834062&s=PackSourceEnum_AWEME_DETAIL&se=false&sc=origin_cover&biz_tag=pcweb_cover&l=202508092245199CAC8E6ABD4529F6ECD2,#一生锁爱永结同心#美喵喵,https://sf5-hl-ali-cdn-tos.douyinstatic.com/obj/ies-music/6898900426825976584.mp3,,
37a1da24,抖音,https://www.douyin.com/video/6994657627464584451,（预告）阿爹说的没错，女追男隔层纱，没什么好矜持的～#圻夏夏 #锦超,2021/08/10,0,177288,6474,6168,3992,https://p9-pc-sign.douyinpic.com/tos-cn-p-0015/833e313263e44b8091337b8179c37e82_1628570645~tplv-dy-360p.jpeg?lk3s=138a59ce&x-expires=1755957600&x-signature=AaQish7JbzbAdnGkPQytXRoM4uA%3D&from=327834062&s=PackSourceEnum_AWEME_DETAIL&se=false&sc=origin_cover&biz_tag=pcweb_cover&l=2025080922451910747614EEFB21310F14,#锦超,https://sf5-hl-cdn-tos.douyinstatic.com/obj/ies-music/6984719809837878030.mp3,,合集·三兔系列
e551406a,抖音,https://www.douyin.com/video/6993249697716538664,（预告）“世间之事岂能两全”“为何不能”#圻夏夏,2021/08/06,0,71917,3811,3983,1182,https://p9-pc-sign.douyinpic.com/tos-cn-p-0015/5ced8f73bbce4a57ad9bc0b03d7d6bb3_1628242831~tplv-dy-360p.jpeg?lk3s=138a59ce&x-expires=1755957600&x-signature=bRqaxwA06Xl0UWGSSoK5bq48gas%3D&from=327834062&s=PackSourceEnum_AWEME_DETAIL&se=false&sc=origin_cover&biz_tag=pcweb_cover&l=202508092245199D9F430F30C918F99DFF,,https://sf5-hl-cdn-tos.douyinstatic.com/obj/ies-music/6939832112006646542.mp3,,
5e5d59fb,抖音,https://www.douyin.com/video/6992493262028279074,你真的不哄哄我吗？好吧...别生气了，我自己哄自己还不行吗...#圻夏夏#锦超,2021/08/04,0,27006,546,865,607,https://p3-pc-sign.douyinpic.com/tos-cn-p-0015/a60caf5f76744ba09ecd7b87c5b21546_1628066711~tplv-dy-360p.jpeg?lk3s=138a59ce&x-expires=1755957600&x-signature=mpS1Xs4fmYUp6za5gz4Q30JZbCg%3D&from=327834062&s=PackSourceEnum_AWEME_DETAIL&se=false&sc=origin_cover&biz_tag=pcweb_cover&l=202508092245202FB9585309C83B965799,#锦超,https://sf5-hl-cdn-tos.douyinstatic.com/obj/ies-music/6979912976916630303.mp3,,合集·三兔系列
658ac9d8,抖音,https://www.douyin.com/video/6991820972429020450,我这一生所愿不多，唯你而已。#圻夏夏#古风美人#芙清#凉茶礼盒,2021/08/03,0,20265,439,528,349,https://p3-pc-sign.douyinpic.com/tos-cn-p-0015/5a806bdc039643978bd823795c17965a_1627910291~tplv-dy-360p.jpeg?lk3s=138a59ce&x-expires=1755957600&x-signature=mApkV4LKP3k0UuCUG0L46igbqf4%3D&from=327834062&s=PackSourceEnum_AWEME_DETAIL&se=false&sc=origin_cover&biz_tag=pcweb_cover&l=20250809224520E20449682F55C7C914FA,#古风美人#凉茶礼盒#芙清,https://sf5-hl-cdn-tos.douyinstatic.com/obj/ies-music/6991821011463457549.mp3,,
cce804bf,抖音,https://www.douyin.com/video/6989162281099726121,这个故事到底该有怎么样的结局呢？#圻夏夏,2021/07/26,0,42589,1016,1927,1421,https://p9-pc-sign.douyinpic.com/tos-cn-p-0015/1bd29a91ffa044f9a028b4f01868e30c_1627291158~tplv-dy-360p.jpeg?lk3s=138a59ce&x-expires=1755957600&x-signature=qzOPBY%2Ba7m1iwhm9i0mKTUn3EXE%3D&from=327834062&s=PackSourceEnum_AWEME_DETAIL&se=false&sc=origin_cover&biz_tag=pcweb_cover&l=2025080922452118A1EDA97318A607544F,,https://sf5-hl-cdn-tos.douyinstatic.com/obj/ies-music/6911430326019541774.mp3,,合集·恶人组
e88e8f5f,抖音,https://www.douyin.com/video/6988480892993916175,是一个痞帅的小将军。#圻夏夏#国风大赏#华裳九州,2021/07/24,0,20873,469,409,265,https://p9-pc-sign.douyinpic.com/tos-cn-p-0015/b4e1539f903d446791e5b402227cc066_1627132512~tplv-dy-360p.jpeg?lk3s=138a59ce&x-expires=1755957600&x-signature=bQ%2FNoISHFVbICme%2FqfhOOgZbFhI%3D&from=327834062&s=PackSourceEnum_AWEME_DETAIL&se=false&sc=origin_cover&biz_tag=pcweb_cover&l=20250809224521421727FA1AC04CFD8F2D,#华裳九州#国风大赏,https://sf5-hl-ali-cdn-tos.douyinstatic.com/obj/ies-music/6985103441613966093.mp3,,
c635bc0c,抖音,https://www.douyin.com/video/6987670197893188904,蒙眼让本就近视眼的我雪上加霜！#圻夏夏 #半个国风圈齐聚上海,2021/07/22,0,65489,2399,3024,1328,https://p3-pc-sign.douyinpic.com/tos-cn-p-0015/dcfb4add1cff4f9aa2eaf5dc4322ab16_1626943754~tplv-dy-360p.jpeg?lk3s=138a59ce&x-expires=1755957600&x-signature=sCTk68voDXmSkOxOIBhzLvIopq4%3D&from=327834062&s=PackSourceEnum_AWEME_DETAIL&se=false&sc=origin_cover&biz_tag=pcweb_cover&l=2025080922452151A11961DFB0019A7E18,#半个国风圈齐聚上海,https://sf5-hl-cdn-tos.douyinstatic.com/obj/ies-music/6987670202011994893.mp3,,
81475f39,抖音,https://www.douyin.com/video/6986180621206834473,殊途还能同归吗？#圻夏夏,2021/07/18,0,13091,228,230,237,https://p9-pc-sign.douyinpic.com/tos-cn-p-0015/98586f39e0fa4c2e949652a7ee7ef737_1626596936~tplv-dy-360p.jpeg?lk3s=138a59ce&x-expires=1755957600&x-signature=itzxe9eFVMFNWQ8yFNcKfu67Cqk%3D&from=327834062&s=PackSourceEnum_AWEME_DETAIL&se=false&sc=origin_cover&biz_tag=pcweb_cover&l=2025080922452238D1A5F6F63827EED00A,,https://sf5-hl-cdn-tos.douyinstatic.com/obj/ies-music/6984735393556450084.mp3,,合集·那些年我的
303d1233,抖音,https://www.douyin.com/video/6984719643470466339,既然大家都喜欢，那我就存档吧～#圻夏夏,2021/07/14,0,124882,5151,5658,2468,https://p9-pc-sign.douyinpic.com/tos-cn-p-0015/6fbf4079a634485c9d2c41eff19b665b_1626256774~tplv-dy-360p.jpeg?lk3s=138a59ce&x-expires=1755957600&x-signature=Q0ETsesMs3TADewcV1Ooq1%2BbcSs%3D&from=327834062&s=PackSourceEnum_AWEME_DETAIL&se=false&sc=origin_cover&biz_tag=pcweb_cover&l=20250809224522320C0E02807DD72FAE28,,https://sf5-hl-cdn-tos.douyinstatic.com/obj/ies-music/1663103647053854.mp3,,
778fd3e4,抖音,https://www.douyin.com/video/6981793726318284067,“他们都以为你被我杀了，我是不是很聪明啊？...其实啊，我从来没有怪过你...”#圻夏夏#庄翰,2021/07/06,0,22505,332,454,411,https://p9-pc-sign.douyinpic.com/tos-cn-p-0015/173ed5a0cd71426eba5fba8b5b6fdaf8_1625575530~tplv-dy-360p.jpeg?lk3s=138a59ce&x-expires=1755957600&x-signature=lzrbLglD17TCg42i0W2I88bXfgA%3D&from=327834062&s=PackSourceEnum_AWEME_DETAIL&se=false&sc=origin_cover&biz_tag=pcweb_cover&l=20250809224523EC9D9882AA19E9043CE7,#庄翰,https://sf5-hl-cdn-tos.douyinstatic.com/obj/ies-music/1645181810932781.mp3,,
911ceb12,抖音,https://www.douyin.com/video/6980286658990181673,原来竟只是我一人的执念罢了。#圻夏夏,2021/07/02,0,21214,505,508,379,https://p9-pc-sign.douyinpic.com/tos-cn-p-0015/5c0a11a707ea4acd83902fabf6d971ef_1625224642~tplv-dy-360p.jpeg?lk3s=138a59ce&x-expires=1755957600&x-signature=iRoWSQKQfeXbmrazCq22eApTje0%3D&from=327834062&s=PackSourceEnum_AWEME_DETAIL&se=false&sc=origin_cover&biz_tag=pcweb_cover&l=202508092245238EE505C6932B108212E8,,https://sf5-hl-cdn-tos.douyinstatic.com/obj/ies-music/6863679758783204109.mp3,,
d7a62ac6,抖音,https://www.douyin.com/video/6979143067798474018,情之一字啊...#圻夏夏,2021/06/29,0,378505,20379,14319,7124,https://p9-pc-sign.douyinpic.com/tos-cn-p-0015/4338131b2e1b41f9bbef6e3a34ee2b11_1624958376~tplv-dy-360p.jpeg?lk3s=138a59ce&x-expires=1755957600&x-signature=DiOPMVl6EyhEinv8I%2BSXKb%2B%2Bf6k%3D&from=327834062&s=PackSourceEnum_AWEME_DETAIL&se=false&sc=origin_cover&biz_tag=pcweb_cover&l=20250809224524A5E67639A5BB16FB4313,,https://sf5-hl-ali-cdn-tos.douyinstatic.com/obj/ies-music/6874538699834264327.mp3,,
5da85094,抖音,https://www.douyin.com/video/6977655882331032867,这次，还会被封嘛？#圻夏夏,2021/06/25,0,26526,912,1047,481,https://p9-pc-sign.douyinpic.com/tos-cn-p-0015/8491c89bd47840f5b3a313e733ccba3a_1624612117~tplv-dy-360p.jpeg?lk3s=138a59ce&x-expires=1755957600&x-signature=KzjoIgM3JVMYNSGecFv%2BCK%2B%2F3fg%3D&from=327834062&s=PackSourceEnum_AWEME_DETAIL&se=false&sc=origin_cover&biz_tag=pcweb_cover&l=20250809224525D3918A8185A5B9FBE69C,,https://sf5-hl-cdn-tos.douyinstatic.com/obj/ies-music/6977655901176089381.mp3,,
a14677ac,抖音,https://www.douyin.com/video/6975831417414520104,“你保护了我这么久，也让我保护你一次吧...”#圻夏夏#庄翰,2021/06/20,0,52707,1350,914,1334,https://p9-pc-sign.douyinpic.com/tos-cn-p-0015/b44db746de0f449b8f01fff1ef23a23c_1624187324~tplv-dy-360p.jpeg?lk3s=138a59ce&x-expires=1755957600&x-signature=Rjgky1NM497fhLZzmxjbpx0qjCg%3D&from=327834062&s=PackSourceEnum_AWEME_DETAIL&se=false&sc=origin_cover&biz_tag=pcweb_cover&l=202508092245259AC18C28BD97B3FFD359,#庄翰,,,
e15d0c6c,抖音,https://www.douyin.com/video/6975061488767749416,我们没错，是世俗的错。#圻夏夏,2021/06/18,0,36665,2258,828,587,https://p9-pc-sign.douyinpic.com/tos-cn-p-0015/23f25de8267f405383a7c6c20d83ebfd_1624008064~tplv-dy-360p.jpeg?lk3s=138a59ce&x-expires=1755957600&x-signature=Jx%2BP1k92p6tbQvJBvCEzmWItvBA%3D&from=327834062&s=PackSourceEnum_AWEME_DETAIL&se=false&sc=origin_cover&biz_tag=pcweb_cover&l=20250809224525EA25726035265D815693,,https://sf5-hl-cdn-tos.douyinstatic.com/obj/ies-music/6975061524930923278.mp3,,
fc76d03a,抖音,https://www.douyin.com/video/6973134789670931747,人生苦短，何妨一试。#圻夏夏,2021/06/13,0,15796,508,341,287,https://p9-pc-sign.douyinpic.com/tos-cn-p-0015/2440525cd5054a5186c7709101923996_1623559467~tplv-dy-360p.jpeg?lk3s=138a59ce&x-expires=1755957600&x-signature=2ELOAaKB8zKdTmIrkd3Qt7FjC%2FE%3D&from=327834062&s=PackSourceEnum_AWEME_DETAIL&se=false&sc=origin_cover&biz_tag=pcweb_cover&l=20250809224526B878B62BDEF07E91E847,,,,
30952346,抖音,https://www.douyin.com/video/6972475814420040995,当爱恨情仇，都化乌有。#圻夏夏,2021/06/11,0,13030,267,412,321,https://p9-pc-sign.douyinpic.com/tos-cn-p-0015/21b3a0f76d8844b3b103e680b1c5b53b_1623406038~tplv-dy-360p.jpeg?lk3s=138a59ce&x-expires=1755957600&x-signature=B%2BWDd36Ontn%2FxnNgySEGrpGUGLk%3D&from=327834062&s=PackSourceEnum_AWEME_DETAIL&se=false&sc=origin_cover&biz_tag=pcweb_cover&l=20250809224526AE3712CCEB046EFB8AD4,,https://sf5-hl-cdn-tos.douyinstatic.com/obj/ies-music/6972475838172597029.mp3,,
757216d5,抖音,https://www.douyin.com/video/6971723795031739689,没有纯，只有御。#圻夏夏,2021/06/09,0,34031,1588,1155,676,https://p9-pc-sign.douyinpic.com/tos-cn-p-0015/e33f5c8e3d5540c89d1a0e47c358aec2_1623230945~tplv-dy-360p.jpeg?lk3s=138a59ce&x-expires=1755957600&x-signature=Kp6wHgPnkIR%2FQucpH2QqK3kaOrg%3D&from=327834062&s=PackSourceEnum_AWEME_DETAIL&se=false&sc=origin_cover&biz_tag=pcweb_cover&l=20250809224527731D2B900D3E6E7E40EC,,https://sf3-cdn-tos.douyinstatic.com/obj/ies-music/6971723820700830500.mp3,,
289b81b3,抖音,https://www.douyin.com/video/6971347282222517538,这次，谁是猎物？#圻夏夏#圣微,2021/06/08,0,89799,6683,3187,1829,https://p9-pc-sign.douyinpic.com/tos-cn-p-0015/b28fbcf7a2164d649e2b11e2fee55ef6_1623143283~tplv-dy-360p.jpeg?lk3s=138a59ce&x-expires=1755957600&x-signature=DtyFuvuDaSlpUt0%2FOWSX3vLU5uk%3D&from=327834062&s=PackSourceEnum_AWEME_DETAIL&se=false&sc=origin_cover&biz_tag=pcweb_cover&l=202508092245273C58F56D989934E5FD97,#圣微,https://sf5-hl-ali-cdn-tos.douyinstatic.com/obj/ies-music/6912002932024789773.mp3,,合集·那些年我的
91565951,抖音,https://www.douyin.com/video/6970255187193728290,下辈子吧，下辈子...#圻夏夏,2021/06/05,0,832332,42152,9717,17666,https://p9-pc-sign.douyinpic.com/tos-cn-p-0015/76707d2a85504d4da4e02f7d63ca24c9_1622889008~tplv-dy-360p.jpeg?lk3s=138a59ce&x-expires=1755957600&x-signature=wLhOTaMn3r51m1QHe83tHqNWvS4%3D&from=327834062&s=PackSourceEnum_AWEME_DETAIL&se=false&sc=origin_cover&biz_tag=pcweb_cover&l=2025080922452800C25BD1653046FBA322,,https://sf5-hl-cdn-tos.douyinstatic.com/obj/ies-music/6967649879984327432.mp3,,合集·那些年我的
22ad5725,抖音,https://www.douyin.com/video/6969121546564586752,我输就输在，我才是动了真心的那个。#圻夏夏,2021/06/02,0,179465,2734,1136,2836,https://p9-pc-sign.douyinpic.com/tos-cn-p-0015/bfc7f0bebbc847028b9d3f0dcc702e3b_1622625062~tplv-dy-360p.jpeg?lk3s=138a59ce&x-expires=1755957600&x-signature=I9Xj53ygvBHVLXm0jK66a0v1918%3D&from=327834062&s=PackSourceEnum_AWEME_DETAIL&se=false&sc=origin_cover&biz_tag=pcweb_cover&l=2025080922452806ADD97388139DF477B9,,https://sf5-hl-cdn-tos.douyinstatic.com/obj/ies-music/6951315138263649038.mp3,,
f6cf6011,抖音,https://www.douyin.com/video/6968380123926072617,一介凡人，竟敢弑神。#圻夏夏,2021/05/31,0,44290,716,410,891,https://p9-pc-sign.douyinpic.com/tos-cn-p-0015/e465c18517dc4bc1b37b5f1fee1c44bf_1622452436~tplv-dy-360p.jpeg?lk3s=138a59ce&x-expires=1755957600&x-signature=3q09kXc0nIJwSTAFARm%2FIH9%2FuFo%3D&from=327834062&s=PackSourceEnum_AWEME_DETAIL&se=false&sc=origin_cover&biz_tag=pcweb_cover&l=20250809224529F4935DCB8B411FF6F2F7,,https://sf5-hl-cdn-tos.douyinstatic.com/obj/ies-music/6908648992599558919.mp3,,
938df2a7,抖音,https://www.douyin.com/video/6967279930186943778,“可别小看她，知道什么叫美人蛇蝎吗”#山海奇闻代言人大赛 #山海奇闻寻找闻中仙,2021/05/28,0,36982,1020,830,960,https://p9-pc-sign.douyinpic.com/tos-cn-p-0015/b99ee94ff5394b7ca4fb8db03d15056d_1622196278~tplv-dy-360p.jpeg?lk3s=138a59ce&x-expires=1755957600&x-signature=U0PLZsJanTo4Dpv2HmeRm22VoaE%3D&from=327834062&s=PackSourceEnum_AWEME_DETAIL&se=false&sc=origin_cover&biz_tag=pcweb_cover&l=20250809224529249D0ADA2526597BDAD9,#山海奇闻寻找闻中仙#山海奇闻代言人大赛,https://sf5-hl-cdn-tos.douyinstatic.com/obj/ies-music/6967279963477183245.mp3,,
61e53c12,抖音,https://www.douyin.com/video/6966536240057371904,多少人是这个回眸入的坑（存个档，省得你们老觉得我凶。#圻夏夏,2021/05/26,0,52261,1653,1595,1461,https://p9-pc-sign.douyinpic.com/tos-cn-p-0015/de3e3cfc56a542e19a2a740b7b2d2be4_1622023124~tplv-dy-360p.jpeg?lk3s=138a59ce&x-expires=1755957600&x-signature=OHFicfwya8zI7iF26mrVypnrhtI%3D&from=327834062&s=PackSourceEnum_AWEME_DETAIL&se=false&sc=origin_cover&biz_tag=pcweb_cover&l=20250809224529B3F3EB165ACC679692B1,,https://sf5-hl-cdn-tos.douyinstatic.com/obj/ies-music/6854855447632268040.mp3,,
849d05ad,抖音,https://www.douyin.com/video/6965785662272408832,阿爹说过，我们杨家的儿女，只能倒在战场上。#圻夏夏,2021/05/24,0,28548,677,400,443,https://p9-pc-sign.douyinpic.com/tos-cn-p-0015/8f55406665ba45129e7c4a0685edddeb_1621848367~tplv-dy-360p.jpeg?lk3s=138a59ce&x-expires=1755957600&x-signature=mVVNWRy%2BdnzX7d9i0wxR0GiRUWk%3D&from=327834062&s=PackSourceEnum_AWEME_DETAIL&se=false&sc=origin_cover&biz_tag=pcweb_cover&l=20250809224530584CF240219AF2F86C11,,,,
c74e67be,抖音,https://www.douyin.com/video/6964672400617213199,“我这样的恶鬼怎么会有心呢”“我的给你”#圻夏夏 （没有续集那就带大家重温一下好了哈哈哈）,2021/05/21,0,514840,15984,7151,13628,https://p9-pc-sign.douyinpic.com/tos-cn-p-0015/ffd048c50e584cb79d9a5fda72431bb6_1621589170~tplv-dy-360p.jpeg?lk3s=138a59ce&x-expires=1755957600&x-signature=YUodVNZA%2FUBu12LEb3Zia4a%2Ftf8%3D&from=327834062&s=PackSourceEnum_AWEME_DETAIL&se=false&sc=origin_cover&biz_tag=pcweb_cover&l=20250809224531D39F89FEA268BBF6F658,,,,合集·恶人组
31e33697,抖音,https://www.douyin.com/video/6964359403558538537,抓到一只小白兔。#圻夏夏,2021/05/20,0,316084,22594,8824,6515,https://p9-pc-sign.douyinpic.com/tos-cn-p-0015/d54cf86ead5f4fbcabcc65ecbe73e273_1621516287~tplv-dy-360p.jpeg?lk3s=138a59ce&x-expires=1755957600&x-signature=qVljfMcIlJQXrBVVyq3vetkpKBg%3D&from=327834062&s=PackSourceEnum_AWEME_DETAIL&se=false&sc=origin_cover&biz_tag=pcweb_cover&l=2025080922453228CACFDF0D6930DF4A32,,https://sf5-hl-cdn-tos.douyinstatic.com/obj/ies-music/6953604784222276388.mp3,,合集·那些年我的
05e2d994,抖音,https://www.douyin.com/video/6963113125482614051,“你独自过了这千百万年，一定觉得很寂寞吧，不如...以后就让我陪着你吧！”“好”#圻夏夏,2021/05/17,0,25920,1214,695,467,https://p9-pc-sign.douyinpic.com/tos-cn-p-0015/c07b724b74944671a32b45b9916b9c88_1621226119~tplv-dy-360p.jpeg?lk3s=138a59ce&x-expires=1755957600&x-signature=vtbdxqyMr6hLEXIV3hP3RByIEEM%3D&from=327834062&s=PackSourceEnum_AWEME_DETAIL&se=false&sc=origin_cover&biz_tag=pcweb_cover&l=20250809224532968576914C88D4F91316,,https://sf5-hl-cdn-tos.douyinstatic.com/obj/ies-music/1659399666866220.mp3,,
b284057b,抖音,https://www.douyin.com/video/6962739245551242511,“既然迷路了，那以后便陪着我吧”#圻夏夏 @DOU+小助手,2021/05/16,0,324419,45353,9764,4628,https://p9-pc-sign.douyinpic.com/tos-cn-p-0015/11048dd7602e4043a28febfb7bdd3e4f_1621139067~tplv-dy-360p.jpeg?lk3s=138a59ce&x-expires=1755957600&x-signature=qFrLMfhUTNy1OYUi2kbcjEbY71A%3D&from=327834062&s=PackSourceEnum_AWEME_DETAIL&se=false&sc=origin_cover&biz_tag=pcweb_cover&l=202508092245331E47475E10BC1DFABA18,,https://sf5-hl-cdn-tos.douyinstatic.com/obj/tos-cn-ve-2774/66b57aa7f8a447b28ccb4b9ccf8547f0,,
b805b397,抖音,https://www.douyin.com/video/6961707996674116899,“你赢了”  #圻夏夏 #庄翰,2021/05/13,0,19046,520,355,441,https://p9-pc-sign.douyinpic.com/tos-cn-p-0015/f63944e03d6440e190a85297ae4254aa_1620898961~tplv-dy-360p.jpeg?lk3s=138a59ce&x-expires=1755957600&x-signature=UYxKe4J7E5WKRzxm9HZoTqyoQTU%3D&from=327834062&s=PackSourceEnum_AWEME_DETAIL&se=false&sc=origin_cover&biz_tag=pcweb_cover&l=2025080922453470D1F796E41AF28AAD8C,#庄翰,,,
32d1a168,抖音,https://www.douyin.com/video/6959493866017819919,那些想说不敢说的话，也许再也说不出口了。,2021/05/07,0,72802,3781,1666,1296,https://p9-pc-sign.douyinpic.com/tos-cn-p-0015/29e714d7bded4568b1190a4ef9a6ba56_1620383443~tplv-dy-360p.jpeg?lk3s=138a59ce&x-expires=1755957600&x-signature=v1de%2FEJqaEpcMO5wGIYD75aXsww%3D&from=327834062&s=PackSourceEnum_AWEME_DETAIL&se=false&sc=origin_cover&biz_tag=pcweb_cover&l=2025080922453480CD33B3DF4F3C736CAA,,https://sf5-hl-cdn-tos.douyinstatic.com/obj/ies-music/6959493891116600072.mp3,,
db8b737d,抖音,https://www.douyin.com/video/6958792356548070690,江南又烟雨。,2021/05/05,0,16197,444,324,380,https://p3-pc-sign.douyinpic.com/tos-cn-p-0015/7ec08fd2fcd448139c40becab1903bf4_1620220109~tplv-dy-360p.jpeg?lk3s=138a59ce&x-expires=1755957600&x-signature=cwvIsFOgpn1ithI4dIdUDgu1NrQ%3D&from=327834062&s=PackSourceEnum_AWEME_DETAIL&se=false&sc=origin_cover&biz_tag=pcweb_cover&l=20250809224535078AEC403B7D8687CCE0,#颜值#美女,https://sf5-hl-cdn-tos.douyinstatic.com/obj/ies-music/6958792395572333319.mp3,,
7c4545be,抖音,https://www.douyin.com/video/6957892595502615808,好像解锁新cp了hhhh#华裳九州 #九州华裳聚方特 #圻夏夏,2021/05/03,0,20755,326,317,529,https://p3-pc-sign.douyinpic.com/tos-cn-p-0015/45171fb3fba241c6917c3fbdd8acd7c2_1620010616~tplv-dy-360p.jpeg?lk3s=138a59ce&x-expires=1755957600&x-signature=7hxxH7pqzHGRX6D44baERy7Vqsc%3D&from=327834062&s=PackSourceEnum_AWEME_DETAIL&se=false&sc=origin_cover&biz_tag=pcweb_cover&l=2025080922453555D3F7A95A5474FC62CA,#九州华裳聚方特#华裳九州,https://sf5-hl-cdn-tos.douyinstatic.com/obj/ies-music/6957892608366480135.mp3,,
0b7fa597,抖音,https://www.douyin.com/video/6957649234992713000,心有一人。#华裳九州 #九州华裳聚方特 #圻夏夏,2021/05/02,0,7582,192,199,231,https://p9-pc-sign.douyinpic.com/tos-cn-p-0015/c280744cb78548f69f36f866667f4c6b_1619953957~tplv-dy-360p.jpeg?lk3s=138a59ce&x-expires=1755957600&x-signature=tYzKMn5X897ZWxeLu2VKzpjgMCs%3D&from=327834062&s=PackSourceEnum_AWEME_DETAIL&se=false&sc=origin_cover&biz_tag=pcweb_cover&l=20250809224536BFAEB2C8E0F6D43DCFD6,#九州华裳聚方特#华裳九州,https://sf5-hl-cdn-tos.douyinstatic.com/obj/tos-cn-ve-2774/o0HhGBob9PnoAcFUQljaCyNe4Ge1zfLDmEyWbm,,
11d0fd9a,抖音,https://www.douyin.com/video/6957530803324620047,仿佛第一次走路的样子。#九州华裳聚方特 #华裳九州,2021/05/02,0,152878,4009,1157,2097,https://p9-pc-sign.douyinpic.com/tos-cn-p-0015/cf45500c03c545f4a448661b30e2fb91_1619926381~tplv-dy-360p.jpeg?lk3s=138a59ce&x-expires=1755957600&x-signature=nMmkvEONJBasIhWniTEPQj4dwOk%3D&from=327834062&s=PackSourceEnum_AWEME_DETAIL&se=false&sc=origin_cover&biz_tag=pcweb_cover&l=20250809224536055D224BDF5D47EF0568,#九州华裳聚方特#华裳九州,https://sf5-hl-cdn-tos.douyinstatic.com/obj/ies-music/6957530812695104270.mp3,,
4e56c970,抖音,https://www.douyin.com/video/6956878604458380559,花开了，它们告诉我说，你回来了。,2021/04/30,0,12225,292,490,392,https://p9-pc-sign.douyinpic.com/tos-cn-p-0015/d4bd946bfee948d6b012499fef6376ff_1619774530~tplv-dy-360p.jpeg?lk3s=138a59ce&x-expires=1755957600&x-signature=H%2FWSJUnSNR6u%2F%2FYPJT4DUgxh%2BX8%3D&from=327834062&s=PackSourceEnum_AWEME_DETAIL&se=false&sc=origin_cover&biz_tag=pcweb_cover&l=2025080922453649009D8D96FCCE882608,,https://sf5-hl-cdn-tos.douyinstatic.com/obj/ies-music/6943519341258918686.mp3,,
3a943ae9,抖音,https://www.douyin.com/video/6956134608077376803,“为什么到处都是血...好多血..”“别看，别怕，我在”,2021/04/28,0,17849,311,239,452,https://p9-pc-sign.douyinpic.com/tos-cn-p-0015/cdf3e629dc7d4d94bc0dd91f168a8eb2_1619601305~tplv-dy-360p.jpeg?lk3s=138a59ce&x-expires=1755957600&x-signature=Wc4mrkifpxZIDlc66Qs%2BqYI1Xm8%3D&from=327834062&s=PackSourceEnum_AWEME_DETAIL&se=false&sc=origin_cover&biz_tag=pcweb_cover&l=20250809224537EF9A9508DB08D1975C82,,https://sf5-hl-cdn-tos.douyinstatic.com/obj/ies-music/6956134667208739615.mp3,,
b5effa37,抖音,https://www.douyin.com/video/6955025348270509352,我想听听，你用什么界定善恶？🎬：@知竹zZ,2021/04/25,0,18440,576,657,629,https://p9-pc-sign.douyinpic.com/tos-cn-p-0015/07e99914427e457b88f64cbb240a598d_1619343034~tplv-dy-360p.jpeg?lk3s=138a59ce&x-expires=1755957600&x-signature=za6sP%2BqIa01%2BczV9A2%2BbaZEw6ok%3D&from=327834062&s=PackSourceEnum_AWEME_DETAIL&se=false&sc=origin_cover&biz_tag=pcweb_cover&l=20250809224537635019212DD4F1FBB345,,https://sf5-hl-ali-cdn-tos.douyinstatic.com/obj/ies-music/6955025364318030606.mp3,,合集·恶人组
1a9ef507,抖音,https://www.douyin.com/video/6953968131937275176,“我醒来找不到你，所以就跑出来了...”,2021/04/22,0,7362,192,141,186,https://p9-pc-sign.douyinpic.com/tos-cn-p-0015/00cba3e9caa0482f935203e3c2d101fa_1619096882~tplv-dy-360p.jpeg?lk3s=138a59ce&x-expires=1755957600&x-signature=TBGg%2B6ROM%2B%2B4Bwmy5ceVRnCHPws%3D&from=327834062&s=PackSourceEnum_AWEME_DETAIL&se=false&sc=origin_cover&biz_tag=pcweb_cover&l=202508092245382855545E2CE60E016AFC,,https://sf5-hl-cdn-tos.douyinstatic.com/obj/ies-music/6950959155289770783.mp3,,
340dec87,抖音,https://www.douyin.com/video/6953172150291385634,凶狠值max,2021/04/20,0,17548,493,341,504,https://p9-pc-sign.douyinpic.com/tos-cn-p-0015/97d4c81018b648adb314764dc8c35276_1618911555~tplv-dy-360p.jpeg?lk3s=138a59ce&x-expires=1755957600&x-signature=1BOLASWEKZgbMAMz4BIxSSPy33g%3D&from=327834062&s=PackSourceEnum_AWEME_DETAIL&se=false&sc=origin_cover&biz_tag=pcweb_cover&l=20250809224538588DDCFD7781F77F8D53,,https://sf5-hl-cdn-tos.douyinstatic.com/obj/ies-music/6953172174597294884.mp3,,
bfca4752,抖音,https://www.douyin.com/video/6952344153812438287,“真的值得吗？”“我知道不值得，可还是飞蛾扑了火”🎬：@知竹zZ,2021/04/18,0,25533,674,692,777,https://p9-pc-sign.douyinpic.com/tos-cn-p-0015/e86a13d3f1d74c968814719246ddaed0_1618718771~tplv-dy-360p.jpeg?lk3s=138a59ce&x-expires=1755957600&x-signature=i2gqPC0Oi0t71AwN93AmTyihGbA%3D&from=327834062&s=PackSourceEnum_AWEME_DETAIL&se=false&sc=origin_cover&biz_tag=pcweb_cover&l=202508092245398934320E229426FAEC6F,,https://sf5-hl-cdn-tos.douyinstatic.com/obj/ies-music/6952344133344627493.mp3,,
4d96a018,抖音,https://www.douyin.com/video/6946860695065578767,张嘴吃糖。🎬：@知竹zZ,2021/04/03,0,17858,430,705,656,https://p3-pc-sign.douyinpic.com/tos-cn-p-0015/c67bbe0722ba4442b079d3cd0631ba30_1617442055~tplv-dy-360p.jpeg?lk3s=138a59ce&x-expires=1755957600&x-signature=rf3M%2B21dmePTibzYpNAuphvNk40%3D&from=327834062&s=PackSourceEnum_AWEME_DETAIL&se=false&sc=origin_cover&biz_tag=pcweb_cover&l=2025080922453949DEE825C5642EF659EB,,https://sf5-hl-ali-cdn-tos.douyinstatic.com/obj/ies-music/6946860712668973855.mp3,,合集·恶人组
ad71a9e1,抖音,https://www.douyin.com/video/6945757918599859490,我没伤害你，可不代表我这条毒蛇，不会咬人呐。（是你们想要的黑化吗,2021/03/31,0,144372,4996,1543,3693,https://p9-pc-sign.douyinpic.com/tos-cn-p-0015/5b3758a27a064b498f04ea6a1e33cc5e_1617185294~tplv-dy-360p.jpeg?lk3s=138a59ce&x-expires=1755957600&x-signature=1urA5CSUiygjwK%2FG%2F%2FG047lJBNY%3D&from=327834062&s=PackSourceEnum_AWEME_DETAIL&se=false&sc=origin_cover&biz_tag=pcweb_cover&l=20250809224539517767EA3C066F7F28F6,,https://sf6-cdn-tos.douyinstatic.com/obj/ies-music/6945757932457954084.mp3,,
5a9618a6,抖音,https://www.douyin.com/video/6944550293841513762,肯定是因为得到过，而又失去了。🎬：@知竹zZ,2021/03/28,0,37305,774,1041,1311,https://p9-pc-sign.douyinpic.com/tos-cn-p-0015/84b65434c1ed40759fb16c764d372977_1616904123~tplv-dy-360p.jpeg?lk3s=138a59ce&x-expires=1755957600&x-signature=VfzGkq9%2B4bXjLPHbQ6e1DOw3GFM%3D&from=327834062&s=PackSourceEnum_AWEME_DETAIL&se=false&sc=origin_cover&biz_tag=pcweb_cover&l=20250809224540DB08C85C966D398540E2,,https://sf5-hl-cdn-tos.douyinstatic.com/obj/ies-music/6944550308202826509.mp3,,
21c24dc6,抖音,https://www.douyin.com/video/6943539458671201570,“我不奢求你的原谅，但我只有你了，不能再失去了...”,2021/03/25,0,63565,915,752,1835,https://p9-pc-sign.douyinpic.com/tos-cn-p-0015/e0dd8c44f50447dda1a1eca26de3aa48_1616668773~tplv-dy-360p.jpeg?lk3s=138a59ce&x-expires=1755957600&x-signature=xqf0wdtfRNjmg0VePmG9mYGp7is%3D&from=327834062&s=PackSourceEnum_AWEME_DETAIL&se=false&sc=origin_cover&biz_tag=pcweb_cover&l=2025080922454063016A9F932DF49AB2EB,,https://sf5-hl-cdn-tos.douyinstatic.com/obj/ies-music/6874174921963342606.mp3,,合集·那些年我的
607943b2,抖音,https://www.douyin.com/video/6942782857186233635,我总在想，如果她没有记起从前，那我们是不是能一直就这么开心下去...,2021/03/23,0,9337,308,218,290,https://p9-pc-sign.douyinpic.com/tos-cn-p-0015/4267c2abded344d3aebe85e7c862bfcb_1616492612~tplv-dy-360p.jpeg?lk3s=138a59ce&x-expires=1755957600&x-signature=qzxkdRx%2FhwmYSH4rmJrwsYW%2FLCE%3D&from=327834062&s=PackSourceEnum_AWEME_DETAIL&se=false&sc=origin_cover&biz_tag=pcweb_cover&l=202508092245418BADD4A9FDD94BF8513F,,https://sf5-hl-ali-cdn-tos.douyinstatic.com/obj/ies-music/6942782933019134733.mp3,,
20937642,抖音,https://www.douyin.com/video/6940253957935697152,我再也寻不到他了...,2021/03/16,0,7294,170,195,235,https://p3-pc-sign.douyinpic.com/tos-cn-p-0015/392a36f4c787470f9076be802a20ef56_1615903829~tplv-dy-360p.jpeg?lk3s=138a59ce&x-expires=1755957600&x-signature=1XYq8z8Q3zAJlH3hDIeAKJcL41E%3D&from=327834062&s=PackSourceEnum_AWEME_DETAIL&se=false&sc=origin_cover&biz_tag=pcweb_cover&l=2025080922454194703B6565ABF185E589,,https://sf5-hl-cdn-tos.douyinstatic.com/obj/ies-music/6940253950339844900.mp3,,
445ca75c,抖音,https://www.douyin.com/video/6932395311457520896,打架和发糖感觉就是两个人hh，全组最费特效的人物应该就是我了吧。,2021/02/23,0,28814,855,361,812,https://p3-pc-sign.douyinpic.com/tos-cn-p-0015/46511a691ffa46fc8827f8ec5dc7d908_1614074086~tplv-dy-360p.jpeg?lk3s=138a59ce&x-expires=1755957600&x-signature=QnRP%2BQeb2hDL0aCgh2R%2BHSBlQ7U%3D&from=327834062&s=PackSourceEnum_AWEME_DETAIL&se=false&sc=origin_cover&biz_tag=pcweb_cover&l=202508092245428831E7CD61B44C059D02,,https://sf5-hl-cdn-tos.douyinstatic.com/obj/ies-music/6932395390014491399.mp3,,
d5d92d01,抖音,https://www.douyin.com/video/6931584848289156367,这首歌还蛮适合发糖的hh。出境：@杨馥羽Beita 🎬：@知竹zZ,2021/02/21,0,8935,299,325,256,https://p9-pc-sign.douyinpic.com/tos-cn-p-0015/14bc13844804473584791923c49a623f_1613885382~tplv-dy-360p.jpeg?lk3s=138a59ce&x-expires=1755957600&x-signature=8acQldnM34FzopQI51SOhKOIw2A%3D&from=327834062&s=PackSourceEnum_AWEME_DETAIL&se=false&sc=origin_cover&biz_tag=pcweb_cover&l=202508092245437656A8529CA69130002F,,https://sf5-hl-ali-cdn-tos.douyinstatic.com/obj/ies-music/6920554000161622792.mp3,,合集·那些年我的
4c1fe278,抖音,https://www.douyin.com/video/6930914734707379471,怎么？已经回不去了，不是么？,2021/02/19,0,6117,160,175,214,https://p9-pc-sign.douyinpic.com/tos-cn-p-0015/e560d251e23a4d0995404ae79d051f8d_1613729361~tplv-dy-360p.jpeg?lk3s=138a59ce&x-expires=1755957600&x-signature=LSemxpsjLdt4QCKI%2FQcxE9Xil2U%3D&from=327834062&s=PackSourceEnum_AWEME_DETAIL&se=false&sc=origin_cover&biz_tag=pcweb_cover&l=20250809224543BAB563B7313ED8FC5FDA,,https://sf5-hl-cdn-tos.douyinstatic.com/obj/ies-music/6906039357627484936.mp3,,
f114d937,抖音,https://www.douyin.com/video/6929374838100430095,“你看我干嘛？看舞啊”   出境：@庄翰_Roya 🎬：@知竹zZ,2021/02/15,0,18195,542,440,502,https://p9-pc-sign.douyinpic.com/tos-cn-p-0015/a13999fdac82458e8f579dd98b210fc2_1613370823~tplv-dy-360p.jpeg?lk3s=138a59ce&x-expires=1755957600&x-signature=YYQWLq95e0ndYu2%2FKIg9gpmqOyE%3D&from=327834062&s=PackSourceEnum_AWEME_DETAIL&se=false&sc=origin_cover&biz_tag=pcweb_cover&l=20250809224543BFDF31BC9BCD10828230,,https://sf5-hl-cdn-tos.douyinstatic.com/obj/ies-music/6929374901329545997.mp3,,合集·那些年我的
ea727a3b,抖音,https://www.douyin.com/video/6929076755491982607,我这辈子最大的悲哀，就是爱上了你。（给大家发一颗苦糖吧,2021/02/14,0,9755,162,169,342,https://p9-pc-sign.douyinpic.com/tos-cn-p-0015/b9efd48b2b70427ebe1dd746e3816c32_1613301413~tplv-dy-360p.jpeg?lk3s=138a59ce&x-expires=1755957600&x-signature=Vqsb8T4ZtpoPXpb1y7rTtdN4dzM%3D&from=327834062&s=PackSourceEnum_AWEME_DETAIL&se=false&sc=origin_cover&biz_tag=pcweb_cover&l=20250809224544D6F5A575B9C32C2D4E8B,,https://sf5-hl-cdn-tos.douyinstatic.com/obj/ies-music/6926443368969243400.mp3,,
2833d93d,抖音,https://www.douyin.com/video/6927846788355345664,我不喜欢你现在暴躁的样子，我们之间，还是和从前一样温声细语的，不好吗？,2021/02/11,0,40313,1014,370,1071,https://p9-pc-sign.douyinpic.com/tos-cn-p-0015/3241b91544b6417f9c6d37c6402bf106_1613015038~tplv-dy-360p.jpeg?lk3s=138a59ce&x-expires=1755957600&x-signature=4J0fTaU3VprEuZrbHwP5aIHTjsw%3D&from=327834062&s=PackSourceEnum_AWEME_DETAIL&se=false&sc=origin_cover&biz_tag=pcweb_cover&l=20250809224544C1881E02316C10CB5749,,https://sf5-hl-cdn-tos.douyinstatic.com/obj/ies-music/6835589317390584584.mp3,,合集·那些年我的
0b2e7c0f,抖音,https://www.douyin.com/video/6927219230597205248,我才不要回头...,2021/02/09,0,37958,548,232,651,https://p9-pc-sign.douyinpic.com/tos-cn-p-0015/d3bb50c7240f45a7b88f6fe9092bf3aa_1612868926~tplv-dy-360p.jpeg?lk3s=138a59ce&x-expires=1755957600&x-signature=nQv5FHYwV0ghjgsGlgO8j0AHO18%3D&from=327834062&s=PackSourceEnum_AWEME_DETAIL&se=false&sc=origin_cover&biz_tag=pcweb_cover&l=202508092245454612FC34336CB48A43AA,,https://sf5-hl-cdn-tos.douyinstatic.com/obj/ies-music/6874129848911366920.mp3,,
0234e79c,抖音,https://www.douyin.com/video/6926815870299688207,怎么，连你也想殺了我吗？,2021/02/08,0,9773,197,99,230,https://p9-pc-sign.douyinpic.com/tos-cn-p-0015/0e261d348220498d8eb65ee03d3f928d_1612775017~tplv-dy-360p.jpeg?lk3s=138a59ce&x-expires=1755957600&x-signature=n8Uv%2F7g601PGcShiCjmPExP2GDs%3D&from=327834062&s=PackSourceEnum_AWEME_DETAIL&se=false&sc=origin_cover&biz_tag=pcweb_cover&l=2025080922454599CA86B9589BEBD1FD42,,https://sf5-hl-cdn-tos.douyinstatic.com/obj/ies-music/6925649020690172680.mp3,,
e1250c91,抖音,https://www.douyin.com/video/6923388048478702848,我肯定，在几百年前就说过..,2021/01/30,0,15208,454,441,421,https://p9-pc-sign.douyinpic.com/tos-cn-p-0015/7c6de07f1f964ff398a581b2ad320e87_1611976925~tplv-dy-360p.jpeg?lk3s=138a59ce&x-expires=1755957600&x-signature=bODRixMy7HiIeCCvv6rCgGwUVys%3D&from=327834062&s=PackSourceEnum_AWEME_DETAIL&se=false&sc=origin_cover&biz_tag=pcweb_cover&l=20250809224545E1C01D3CB44278F3BA18,,,,合集·那些年我的
7e02dbef,抖音,https://www.douyin.com/video/6920220399452048655,公子可愿为了我做一切事情？🎬：@知竹zZ,2021/01/21,0,8118,205,222,251,https://p9-pc-sign.douyinpic.com/tos-cn-p-0015/a94903b0a5ca428590a64f63fa25efc2_1611239393~tplv-dy-360p.jpeg?lk3s=138a59ce&x-expires=1755957600&x-signature=DcmXf%2BUDL8quoYnZDNFRhfSp2fw%3D&from=327834062&s=PackSourceEnum_AWEME_DETAIL&se=false&sc=origin_cover&biz_tag=pcweb_cover&l=20250809224546BFE401A782E8B796FFB9,,https://sf5-hl-cdn-tos.douyinstatic.com/obj/ies-music/6894527732475087630.mp3,,
9a89b251,抖音,https://www.douyin.com/video/6918945371653786895,想不想姐姐对你更好啊 @DOU+小助手,2021/01/18,0,23915,2884,1367,650,https://p9-pc-sign.douyinpic.com/tos-cn-p-0015/036050c58750431f83ef738edb2db589_1610942530~tplv-dy-360p.jpeg?lk3s=138a59ce&x-expires=1755957600&x-signature=sr%2BaAUsBl9k3QgNWlhUdCuEfV6A%3D&from=327834062&s=PackSourceEnum_AWEME_DETAIL&se=false&sc=origin_cover&biz_tag=pcweb_cover&l=20250809224546742A41CE75065BF63430,,https://sf5-hl-cdn-tos.douyinstatic.com/obj/ies-music/6915736511682677517.mp3,,
89cbfaed,抖音,https://www.douyin.com/video/6918540983097494799,#花西子 真好啊...这辈子我们又遇到了。,2021/01/17,0,181193,20471,8834,3898,https://p9-pc-sign.douyinpic.com/tos-cn-p-0015/6c7ff0d03413470585025da54dfa9d65_1610848380~tplv-dy-360p.jpeg?lk3s=138a59ce&x-expires=1755957600&x-signature=UV03BHBqiAJmVfu8VB1AJv57ovc%3D&from=327834062&s=PackSourceEnum_AWEME_DETAIL&se=false&sc=origin_cover&biz_tag=pcweb_cover&l=20250809224547313BE62DD832F8FD64F5,#花西子,https://sf5-hl-cdn-tos.douyinstatic.com/obj/ies-music/1635552674178059.mp3,,
53a5e26b,抖音,https://www.douyin.com/video/6912794199637232911,,2021/01/01,0,5514,197,82,147,https://p3-pc-sign.douyinpic.com/tos-cn-p-0015/ce8702e177214402900ba5f3874be4ae_1609510339~tplv-dy-360p.jpeg?lk3s=138a59ce&x-expires=1755957600&x-signature=cH6uRJj9IXbXEqCnba19J5t%2B9sQ%3D&from=327834062&s=PackSourceEnum_AWEME_DETAIL&se=false&sc=origin_cover&biz_tag=pcweb_cover&l=2025080922454712065F24C07AB4BA43DF,,https://sf5-hl-cdn-tos.douyinstatic.com/obj/ies-music/6886400639065508615.mp3,,
bf2d6f24,抖音,https://www.douyin.com/video/6911995165716614415,如今回头看，过去就像一场笑话。🎬:@想要铁流海,2020/12/30,0,13863,373,456,548,https://p9-pc-sign.douyinpic.com/tos-cn-p-0015/e61004f3f4c74aa0b6cdc161d0d9e2fd_1609324302~tplv-dy-360p.jpeg?lk3s=138a59ce&x-expires=1755957600&x-signature=%2FGU%2FMhocqDRfCcp1514jaS9yIg4%3D&from=327834062&s=PackSourceEnum_AWEME_DETAIL&se=false&sc=origin_cover&biz_tag=pcweb_cover&l=20250809224548FE739B0C36C6EE2EDBEF,,https://sf5-hl-cdn-tos.douyinstatic.com/obj/ies-music/6892350892692048653.mp3,,
da493edb,抖音,https://www.douyin.com/video/6911284179242061056,盛世点缀，乱世赎罪。,2020/12/28,0,3869,127,143,168,https://p9-pc-sign.douyinpic.com/tos-cn-p-0015/38776d9c373d416aab7a036ed4720fea_1609158762~tplv-dy-360p.jpeg?lk3s=138a59ce&x-expires=1755957600&x-signature=kCBAAqX8864GhoVNYAkan5BoRhs%3D&from=327834062&s=PackSourceEnum_AWEME_DETAIL&se=false&sc=origin_cover&biz_tag=pcweb_cover&l=202508092245482DDB490C9D5CF38CA6D7,,https://sf3-cdn-tos.douyinstatic.com/obj/ies-music/6870829614676495112.mp3,,
28e4ec56,抖音,https://www.douyin.com/video/6910494207723588864,以后我保护你。（竖屏也快乐！找个搭上节奏的歌太难了）🎬：@走回去了v 小可爱：@我不是肚子-3-,2020/12/26,0,6959,225,216,224,https://p9-pc-sign.douyinpic.com/tos-cn-p-0015/aa92fe8541e547e6b8455c9c4513e4f8_1608974839~tplv-dy-360p.jpeg?lk3s=138a59ce&x-expires=1755957600&x-signature=vSnyz%2FkdK07J2j1Ce%2BTyNdl1mfg%3D&from=327834062&s=PackSourceEnum_AWEME_DETAIL&se=false&sc=origin_cover&biz_tag=pcweb_cover&l=20250809224548505AC276E63D67F9C867,,https://sf5-hl-ali-cdn-tos.douyinstatic.com/obj/ies-music/6910494301937044237.mp3,,合集·那些年我的
e9ae42a2,抖音,https://www.douyin.com/video/6909760143534181647,我知道，这是梦。,2020/12/24,0,55117,1086,579,1406,https://p9-pc-sign.douyinpic.com/tos-cn-p-0015/e40c0544b0714afabfda4abb19cee856_1608803919~tplv-dy-360p.jpeg?lk3s=138a59ce&x-expires=1755957600&x-signature=sfCEPZgIs%2Brq8wWVTNpo12aTgv0%3D&from=327834062&s=PackSourceEnum_AWEME_DETAIL&se=false&sc=origin_cover&biz_tag=pcweb_cover&l=20250809224549A9C8FFCD626BDE8815EE,,https://sf5-hl-ali-cdn-tos.douyinstatic.com/obj/ies-music/6898154549102594830.mp3,,
a9162b04,抖音,https://www.douyin.com/video/6909008556947770624,只怪我自己太清醒，连梦里都知道你不会随我的心意..,2020/12/22,0,8222,216,224,268,https://p9-pc-sign.douyinpic.com/tos-cn-p-0015/bbb1e3eeddca4e5f8e63f0fa8124f228_1608628931~tplv-dy-360p.jpeg?lk3s=138a59ce&x-expires=1755957600&x-signature=clFTviUfJAAoDJcjNXUNrGdUpmY%3D&from=327834062&s=PackSourceEnum_AWEME_DETAIL&se=false&sc=origin_cover&biz_tag=pcweb_cover&l=20250809224551F7512A9242106A7DD251,,https://sf5-hl-cdn-tos.douyinstatic.com/obj/ies-music/6904954738010950407.mp3,,
6a39bf4f,抖音,https://www.douyin.com/video/6908276958258400527,为什么我的cp不是在干架就是在干架的路上@洋洋🐑汉服 🎬：@摄影师君辞,2020/12/20,0,9013,400,352,369,https://p9-pc-sign.douyinpic.com/tos-cn-p-0015/5c95dbe54c464570a1b638a229fa48bc_1608458594~tplv-dy-360p.jpeg?lk3s=138a59ce&x-expires=1755957600&x-signature=Sa%2BfQvou3KyKhkuVs5E1nMUUUMk%3D&from=327834062&s=PackSourceEnum_AWEME_DETAIL&se=false&sc=origin_cover&biz_tag=pcweb_cover&l=20250809224551E599A2342A700088AFE8,,https://sf5-hl-cdn-tos.douyinstatic.com/obj/ies-music/6908277003997858573.mp3,,合集·打戏合集
102cc8bb,抖音,https://www.douyin.com/video/6907548958948609280,那样无忧无虑的日子，再也回不去了吧。,2020/12/18,0,4244,148,111,117,https://p9-pc-sign.douyinpic.com/tos-cn-p-0015/bed2d51223ff4d368ddf77c6240169e5_1608289086~tplv-dy-360p.jpeg?lk3s=138a59ce&x-expires=1755957600&x-signature=cKbGnyUKxsAn1qD%2BA2k9%2FXTmTqk%3D&from=327834062&s=PackSourceEnum_AWEME_DETAIL&se=false&sc=origin_cover&biz_tag=pcweb_cover&l=20250809224552FCE948B69831B8F529DB,,https://sf5-hl-cdn-tos.douyinstatic.com/obj/ies-music/1645195681064963.mp3,,
c10861b2,抖音,https://www.douyin.com/video/6905339085448088847,我不记得自己是人是鬼了，我只觉得这片竹林，已经很久没人来过了。 @DOU+小助手,2020/12/12,0,25904,1406,617,790,https://p9-pc-sign.douyinpic.com/tos-cn-p-0015/99ecb0a0627746cba3b3277766693077_1607774558~tplv-dy-360p.jpeg?lk3s=138a59ce&x-expires=1755957600&x-signature=yjKds%2FKOFtdNiaIrlcXWDtvK4Sk%3D&from=327834062&s=PackSourceEnum_AWEME_DETAIL&se=false&sc=origin_cover&biz_tag=pcweb_cover&l=202508092245523F6C3FC3698326F12FF2,,https://sf5-hl-cdn-tos.douyinstatic.com/obj/ies-music/6905339110018337549.mp3,,
ae93d504,抖音,https://www.douyin.com/video/6904563294980377871,公子何不留下，我们一起下五子棋可好？,2020/12/10,0,5376,186,160,177,https://p9-pc-sign.douyinpic.com/tos-cn-p-0015/ca59842fc21f484aaf262cfdaa44bc22_1607593934~tplv-dy-360p.jpeg?lk3s=138a59ce&x-expires=1755957600&x-signature=LBXAqNAJzVDAoiWI2qkKHQFZ4v0%3D&from=327834062&s=PackSourceEnum_AWEME_DETAIL&se=false&sc=origin_cover&biz_tag=pcweb_cover&l=202508092245533A940C43FFF9EEF0E7B9,,,,
df43bb01,抖音,https://www.douyin.com/video/6903826887731105024,斥巨资把走秀的故事配出来了，确定不来看一下？#中国华服日,2020/12/08,0,19418,484,280,533,https://p9-pc-sign.douyinpic.com/tos-cn-p-0015/6e8911ea192b4c4aa9fe41cc6804b103_1607422479~tplv-dy-360p.jpeg?lk3s=138a59ce&x-expires=1755957600&x-signature=IKGIcBskqRLedVXz%2Fq0CkRZ9774%3D&from=327834062&s=PackSourceEnum_AWEME_DETAIL&se=false&sc=origin_cover&biz_tag=pcweb_cover&l=20250809224553E195A6FE07D6AC1E70E5,#中国华服日,https://sf5-hl-cdn-tos.douyinstatic.com/obj/ies-music/6903826978740161287.mp3,,
d39aeb6d,抖音,https://www.douyin.com/video/6903373530763775247,我的目标，是你哦。#中国华服日,2020/12/07,0,6929,173,140,230,https://p9-pc-sign.douyinpic.com/tos-cn-p-0015/58fa9c5a28c846dabfb494535a890121_1607316926~tplv-dy-360p.jpeg?lk3s=138a59ce&x-expires=1755957600&x-signature=Ad2LaFRmjD%2F7djNUjcmOi4F0TQQ%3D&from=327834062&s=PackSourceEnum_AWEME_DETAIL&se=false&sc=origin_cover&biz_tag=pcweb_cover&l=202508092245532C52C4AAD5111B86C151,#中国华服日,https://sf5-hl-ali-cdn-tos.douyinstatic.com/obj/ies-music/6881177673218018061.mp3,,
a0898adc,抖音,https://www.douyin.com/video/6903001225453718799,彩排正场穿插着看吧哈哈#中国华服日,2020/12/06,0,32106,790,280,734,https://p9-pc-sign.douyinpic.com/tos-cn-p-0015/af603cc6516948d6b286c47d9f16555a_1607230235~tplv-dy-360p.jpeg?lk3s=138a59ce&x-expires=1755957600&x-signature=KPGvKr%2BsnyKe0%2BnJk4rPhGW7f6o%3D&from=327834062&s=PackSourceEnum_AWEME_DETAIL&se=false&sc=origin_cover&biz_tag=pcweb_cover&l=2025080922455480C2D4838A2930F082D6,#中国华服日,https://sf5-hl-cdn-tos.douyinstatic.com/obj/ies-music/6903001281569688328.mp3,,
5190b40d,抖音,https://www.douyin.com/video/6902373533482028288,若我们可以不用理会这俗世的流言蜚语该有多好。（看过音容的再过来虐一把？） @DOU+小助手,2020/12/04,0,105794,2971,1099,3002,https://p9-pc-sign.douyinpic.com/tos-cn-p-0015/c2f5ddb0c0c445e38715e569be740593_1607084087~tplv-dy-360p.jpeg?lk3s=138a59ce&x-expires=1755957600&x-signature=GVvL4rZIHTNMvuB8vKBcaxCBNhk%3D&from=327834062&s=PackSourceEnum_AWEME_DETAIL&se=false&sc=origin_cover&biz_tag=pcweb_cover&l=2025080922455467CE8E125262F99869F6,,https://sf3-cdn-tos.douyinstatic.com/obj/ies-music/6885657913882708750.mp3,,合集·那些年我的
18fb7674,抖音,https://www.douyin.com/video/6900438456435084544,我做的一切都是为了你啊...你的心难道是铁做的吗？！,2020/11/29,0,12810,220,289,491,https://p9-pc-sign.douyinpic.com/tos-cn-p-0015/6e82fc3d77fb418ba5a6dd50882be8d4_1606633536~tplv-dy-360p.jpeg?lk3s=138a59ce&x-expires=1755957600&x-signature=5ZpdVBp%2FrWVHL8xu3YA0JpChQhc%3D&from=327834062&s=PackSourceEnum_AWEME_DETAIL&se=false&sc=origin_cover&biz_tag=pcweb_cover&l=202508092245553206C69D8DB8408F4EED,,https://sf5-hl-ali-cdn-tos.douyinstatic.com/obj/ies-music/6900438459854015239.mp3,,
4fa51835,抖音,https://www.douyin.com/video/6899750287133691151,为何你偏偏要错过我呢。,2020/11/27,0,62512,2663,1659,1913,https://p9-pc-sign.douyinpic.com/tos-cn-p-0015/e9334d9b7be940708e484a4de220f02f_1606473312~tplv-dy-360p.jpeg?lk3s=138a59ce&x-expires=1755957600&x-signature=gLmLj%2BWQlRhc8PQQnV6pjn956nI%3D&from=327834062&s=PackSourceEnum_AWEME_DETAIL&se=false&sc=origin_cover&biz_tag=pcweb_cover&l=2025080922455561561C1581E837F2D079,,https://sf5-hl-ali-cdn-tos.douyinstatic.com/obj/ies-music/6894534631920634638.mp3,,
bfcc318f,抖音,https://www.douyin.com/video/6897928951918890255,虽然凶巴巴是我的擅长，但还是希望自己能拥有更多其他的风格吧，比如可爱啥的哈哈哈哈,2020/11/22,0,7600,207,98,157,https://p9-pc-sign.douyinpic.com/tos-cn-p-0015/ffe81085479d437083b3a396c6c4e603_1606049244~tplv-dy-360p.jpeg?lk3s=138a59ce&x-expires=1755957600&x-signature=0YRjo9yX%2BhJpw4M9Dh94GXZHNrY%3D&from=327834062&s=PackSourceEnum_AWEME_DETAIL&se=false&sc=origin_cover&biz_tag=pcweb_cover&l=20250809224556130D48B5F661D8FAA6FC,,,,
889f7f79,抖音,https://www.douyin.com/video/6895235602145545472,我们这类人，都活在了背阳面。#礼乐大会,2020/11/15,0,10446,325,204,312,https://p9-pc-sign.douyinpic.com/tos-cn-p-0015/1587e621bdbb4c4cadb352c4d3cf45b1_1605422150~tplv-dy-360p.jpeg?lk3s=138a59ce&x-expires=1755957600&x-signature=4cVQBes9Z2N%2B4OWXS8Emwik3Rug%3D&from=327834062&s=PackSourceEnum_AWEME_DETAIL&se=false&sc=origin_cover&biz_tag=pcweb_cover&l=20250809224556F1FC90FA2E18D58B4245,#礼乐大会,https://sf5-hl-cdn-tos.douyinstatic.com/obj/ies-music/6895235594763438856.mp3,,
5125e6a1,抖音,https://www.douyin.com/video/6892694615460220160,苗疆巫蛊，起死回生，魂魄一体共存。我是张生，张生亦是我。,2020/11/08,0,5358,84,75,143,https://p9-pc-sign.douyinpic.com/tos-cn-p-0015/aaeda1cb3ad64c66ae9c36824408964d_1604830530~tplv-dy-360p.jpeg?lk3s=138a59ce&x-expires=1755957600&x-signature=s2cTSB0%2BZ4QNwYDWtiTupCrr2gA%3D&from=327834062&s=PackSourceEnum_AWEME_DETAIL&se=false&sc=origin_cover&biz_tag=pcweb_cover&l=202508092245567CEB462BDB49C787780B,,https://sf3-cdn-tos.douyinstatic.com/obj/ies-music/6855960887195814663.mp3,,
416da629,抖音,https://www.douyin.com/video/6891598271907712256,不是说爱我么，为何现在都不敢看着我？ @DOU+小助手,2020/11/05,0,100706,5271,1897,3838,https://p9-pc-sign.douyinpic.com/tos-cn-p-0015/3821be2628154d0bb92bbfdc0605859e_1604575267~tplv-dy-360p.jpeg?lk3s=138a59ce&x-expires=1755957600&x-signature=erBIp1p8qUrbe7LVjDLt5cG20Jo%3D&from=327834062&s=PackSourceEnum_AWEME_DETAIL&se=false&sc=origin_cover&biz_tag=pcweb_cover&l=20250809224557CAE39AD5026ABF095D36,,https://sf5-hl-cdn-tos.douyinstatic.com/obj/ies-music/6891598303261772551.mp3,,
b4f5b11c,抖音,https://www.douyin.com/video/6891274321809984783,天地不仁，以万物为刍狗。,2020/11/04,0,6255,165,92,160,https://p9-pc-sign.douyinpic.com/tos-cn-p-0015/3294ae02d22c4948a3f7f4e585b2f1e8_1604499842~tplv-dy-360p.jpeg?lk3s=138a59ce&x-expires=1755957600&x-signature=kU3fnk2VSvsexb8P8bEvThUo8Xs%3D&from=327834062&s=PackSourceEnum_AWEME_DETAIL&se=false&sc=origin_cover&biz_tag=pcweb_cover&l=20250809224557A11DB86FD44B76070DF3,,https://sf5-hl-cdn-tos.douyinstatic.com/obj/ies-music/6891274310921489165.mp3,,
2dc3106d,抖音,https://www.douyin.com/video/6884575598237273359,奇怪的CP又增加了！小公子：@言非my 。🎬：@走回去了v,2020/10/17,0,2055,49,90,79,https://p9-pc-sign.douyinpic.com/tos-cn-p-0015/243999fe45fe4657894cf4b69b212b01_1602940173~tplv-dy-360p.jpeg?lk3s=138a59ce&x-expires=1755957600&x-signature=lKPP1B5uc9hpVptFeCF%2Bs2NCtSU%3D&from=327834062&s=PackSourceEnum_AWEME_DETAIL&se=false&sc=origin_cover&biz_tag=pcweb_cover&l=20250809224558D939DBC23E2ED386A54A,,,,合集·打戏合集
06ad54dc,抖音,https://www.douyin.com/video/6882668823007284495,#华裳九州 我有什么错？是这世间的一切错了。,2020/10/12,0,5766,171,176,197,https://p9-pc-sign.douyinpic.com/tos-cn-p-0015/12baac14ca7642189604c2df40ea99aa_1602496219~tplv-dy-360p.jpeg?lk3s=138a59ce&x-expires=1755957600&x-signature=qtxvMM5JJRfP2vFykXOrl7UtJso%3D&from=327834062&s=PackSourceEnum_AWEME_DETAIL&se=false&sc=origin_cover&biz_tag=pcweb_cover&l=20250809224559158BD31E773E16F6322B,#华裳九州,https://sf5-hl-cdn-tos.douyinstatic.com/obj/ies-music/6882668780129159944.mp3,,
0ce062cf,抖音,https://www.douyin.com/video/6881982852699835648,#2020国风大典 世人只道红颜祸水祸国殃民。却没有人过问她们是否自己愿意。,2020/10/10,0,4305,123,225,186,https://p9-pc-sign.douyinpic.com/tos-cn-p-0015/ab200662472845eab9bdfb5ad058eed8_1602336504~tplv-dy-360p.jpeg?lk3s=138a59ce&x-expires=1755957600&x-signature=MmB%2FFgek%2B6fSgv2o5yP2pJlE3Fc%3D&from=327834062&s=PackSourceEnum_AWEME_DETAIL&se=false&sc=origin_cover&biz_tag=pcweb_cover&l=202508092245599F16BADEB0D33723FF8A,#2020国风大典,https://sf5-hl-ali-cdn-tos.douyinstatic.com/obj/tos-cn-ve-2774/126c99463eac4452b8879f21a00a0350,,
77025c47,抖音,https://www.douyin.com/video/6881599181639732480,快来pick最心动的笑容！（没错我在混更hhhhh）#笑容,2020/10/09,0,4212,295,170,180,https://p9-pc-sign.douyinpic.com/tos-cn-p-0015/2bc9426dab444e219d2f3975d3a3b0e6_1602247173~tplv-dy-360p.jpeg?lk3s=138a59ce&x-expires=1755957600&x-signature=%2BPmTow2TtPij83zdBhFsKQECPco%3D&from=327834062&s=PackSourceEnum_AWEME_DETAIL&se=false&sc=origin_cover&biz_tag=pcweb_cover&l=202508092246003A206F36456DA9FD7D8A,#笑容,https://sf5-hl-cdn-tos.douyinstatic.com/obj/ies-music/6881599187805702919.mp3,,
7d9d0487,抖音,https://www.douyin.com/video/6881198591424204032,#2020国风大典  赢了便是苏妲己，输了便是杨玉环。我赌我赢了。,2020/10/08,0,7668,294,363,310,https://p9-pc-sign.douyinpic.com/tos-cn-p-0015/39b354ba576f403890e2860aa3bd730c_1602153904~tplv-dy-360p.jpeg?lk3s=138a59ce&x-expires=1755957600&x-signature=J%2BNCdV9Vs0d4H4%2FXu4uL4tbr52k%3D&from=327834062&s=PackSourceEnum_AWEME_DETAIL&se=false&sc=origin_cover&biz_tag=pcweb_cover&l=202508092246001A692CC49168B5FD5D93,#2020国风大典,https://sf5-hl-cdn-tos.douyinstatic.com/obj/ies-music/1636114685579275.mp3,,
e8dc49f3,抖音,https://www.douyin.com/video/6880880489004125440,#2020国风大典  看看哪几个视频被你刷到过？（ps、其实我是这段时间瘦了很多，脸不圆润了！这都是我！,2020/10/07,0,56014,1751,275,695,https://p9-pc-sign.douyinpic.com/tos-cn-p-0015/1c9a099c02c3446cbd4c2336c94ca7d8_1602079841~tplv-dy-360p.jpeg?lk3s=138a59ce&x-expires=1755957600&x-signature=tNCOPnrhIzmL0bsgb7T1VXnjABk%3D&from=327834062&s=PackSourceEnum_AWEME_DETAIL&se=false&sc=origin_cover&biz_tag=pcweb_cover&l=2025080922460002289DBAE0AF4D97862A,#2020国风大典,https://sf5-hl-ali-cdn-tos.douyinstatic.com/obj/ies-music/6880880502327511821.mp3,,
91a7fe9b,抖音,https://www.douyin.com/video/6880361829965597967,哈哈哈哈看完有惊喜！！#华裳九州 #国风大典 #国风大典2020 @DOU+小助手,2020/10/06,0,133902,3345,1075,2140,https://p9-pc-sign.douyinpic.com/tos-cn-p-0015/626e3a4b34da491dba5b1cc3c7685870_1601959082~tplv-dy-360p.jpeg?lk3s=138a59ce&x-expires=1755957600&x-signature=QcarY%2FEjV%2FORgZafcy29JIDqFN0%3D&from=327834062&s=PackSourceEnum_AWEME_DETAIL&se=false&sc=origin_cover&biz_tag=pcweb_cover&l=202508092246019EF0A75B57742D92A322,#国风大典2020#国风大典#华裳九州,https://sf5-hl-cdn-tos.douyinstatic.com/obj/ies-music/6880361837591612173.mp3,,
220e6297,抖音,https://www.douyin.com/video/6872666846290611456,补发！！酷公子：@杨伊墨 拍摄：@走回去了v,2020/09/15,0,2411,82,171,130,https://p9-pc-sign.douyinpic.com/tos-cn-p-0015/c8aeb0575fe540e7b8d84cdcd7163d45_1600167450~tplv-dy-360p.jpeg?lk3s=138a59ce&x-expires=1755957600&x-signature=C29JihIvwOJfyrzkw0olbUKiCEk%3D&from=327834062&s=PackSourceEnum_AWEME_DETAIL&se=false&sc=origin_cover&biz_tag=pcweb_cover&l=202508092246011D239F1FEA41F4F3071D,,https://sf5-hl-cdn-tos.douyinstatic.com/obj/ies-music/6872666856592083726.mp3,,合集·打戏合集
08c09d8e,抖音,https://www.douyin.com/video/6871590102821358848,打戏好难，但还好大家都不怕难。（剑是道具，危险动作不要轻易尝试）小哥：@庄翰_Roya 🎬：@知竹zZ,2020/09/12,0,4526,194,305,180,https://p9-pc-sign.douyinpic.com/tos-cn-p-0015/01b8410650724863bbfdfe100b92a680_1599916749~tplv-dy-360p.jpeg?lk3s=138a59ce&x-expires=1755957600&x-signature=BgG9BQ0UPBJjrGtc77hylUYc4EM%3D&from=327834062&s=PackSourceEnum_AWEME_DETAIL&se=false&sc=origin_cover&biz_tag=pcweb_cover&l=20250809224602BF6128E6D4584E8A62CE,,https://sf5-hl-cdn-tos.douyinstatic.com/obj/ies-music/6871590137441176333.mp3,,合集·打戏合集
edf893a8,抖音,https://www.douyin.com/video/6867367948965776640,不后悔。起码，遇到了。#民国爱情十有九悲,2020/09/01,0,8884,332,579,543,https://p9-pc-sign.douyinpic.com/tos-cn-p-0015/bc30efb3452e430b9ebb4864d5cd8575_1598933705~tplv-dy-360p.jpeg?lk3s=138a59ce&x-expires=1755957600&x-signature=tM7KVWeLy8idN1U2jJvlZ4C09iU%3D&from=327834062&s=PackSourceEnum_AWEME_DETAIL&se=false&sc=origin_cover&biz_tag=pcweb_cover&l=20250809224602B8204E0BD3C3FD1EAB49,#民国爱情十有九悲,https://sf5-hl-ali-cdn-tos.douyinstatic.com/obj/ies-music/6867367914975333134.mp3,,
f9e5d9c5,抖音,https://www.douyin.com/video/6866985989835918592,依稀烛火暖身心。#闲庭絮,2020/08/31,0,5595,90,205,139,https://p9-pc-sign.douyinpic.com/tos-cn-p-0015/da2a971115b541fe8f88e56f54dda913_1598844864~tplv-dy-360p.jpeg?lk3s=138a59ce&x-expires=1755957600&x-signature=HvhOSyO9EMX50HA3DhvdUw1Vd%2FU%3D&from=327834062&s=PackSourceEnum_AWEME_DETAIL&se=false&sc=origin_cover&biz_tag=pcweb_cover&l=202508092246024C1CB0AAA386B0FF9880,#闲庭絮,https://sf5-hl-cdn-tos.douyinstatic.com/obj/tos-cn-ve-2774/o0m1QMeSePN14lBAAPnCoIgCZtjgMBCtbDDLbK,,
83ff57ef,抖音,https://www.douyin.com/video/6863999739235503360,注定会被限流的视频。小哥：@庄翰_Roya  拍摄：@走回去了v （都是道具不要轻易模仿哈）#打戏 #古风,2020/08/23,0,5070,255,223,176,https://p9-pc-sign.douyinpic.com/tos-cn-p-0015/b622be74bdf946308dda2690c53150e3_1598149482~tplv-dy-360p.jpeg?lk3s=138a59ce&x-expires=1755957600&x-signature=%2FMl41KFcS2bvgv0umrXOvo7CzAw%3D&from=327834062&s=PackSourceEnum_AWEME_DETAIL&se=false&sc=origin_cover&biz_tag=pcweb_cover&l=20250809224603CC638B138253D27D35A2,#古风#打戏,https://sf5-hl-cdn-tos.douyinstatic.com/obj/ies-music/6863999780436085517.mp3,,合集·打戏合集
4c75323a,抖音,https://www.douyin.com/video/6863603461536238848,暖矣，孤矣。,2020/08/22,0,7615,295,292,273,https://p9-pc-sign.douyinpic.com/tos-cn-p-0015/7c5c5caae17b43389c8b468caa9199a3_1598057219~tplv-dy-360p.jpeg?lk3s=138a59ce&x-expires=1755957600&x-signature=IEwMHY3Ax1N157aCdykCq3bvKlU%3D&from=327834062&s=PackSourceEnum_AWEME_DETAIL&se=false&sc=origin_cover&biz_tag=pcweb_cover&l=202508092246030FB34F9BD18F00369B06,,https://sf5-hl-cdn-tos.douyinstatic.com/obj/ies-music/6848513920114772743.mp3,,
11053fcf,抖音,https://www.douyin.com/video/6839136543601429775,所有攻击在坦克面前无效了哈哈哈！辫子老师太有武侠壮士那感觉了！！摄影：@走回去了v@DOU+小助手,2020/06/17,0,1593,58,97,69,https://p9-pc-sign.douyinpic.com/tos-cn-p-0015/27bf83ae6d2c431191c852a7f8ed362e_1592360568~tplv-dy-360p.jpeg?lk3s=138a59ce&x-expires=1755957600&x-signature=XyNtgph0UWeuOHVrTfdW%2Bdjd9RI%3D&from=327834062&s=PackSourceEnum_AWEME_DETAIL&se=false&sc=origin_cover&biz_tag=pcweb_cover&l=20250809224604E607C7701E2D7997B2BE,,https://sf5-hl-ali-cdn-tos.douyinstatic.com/obj/ies-music/6839136537730042632.mp3,,合集·打戏合集
f3139186,抖音,https://www.douyin.com/video/6808442902079917312,既然是得不到的，就都毁掉好了...,2020/03/26,0,8736,318,186,242,https://p9-pc-sign.douyinpic.com/tos-cn-p-0015/b8b71fe8a570400386756e28f8cb76f8_1585214147~tplv-dy-360p.jpeg?lk3s=138a59ce&x-expires=1755957600&x-signature=nSkUUUcTYo%2FqZOyWCGb0Y4IjeaQ%3D&from=327834062&s=PackSourceEnum_AWEME_DETAIL&se=false&sc=origin_cover&biz_tag=pcweb_cover&l=202508092246041C2C332F7D706BF7F455,,https://sf5-hl-cdn-tos.douyinstatic.com/obj/ies-music/1662216724643867.mp3,,
1afbddea,抖音,https://www.douyin.com/video/6805095653228727567,君不见，妾起舞翩翩。君不见，妾鼓瑟绵绵。,2020/03/17,0,3196,105,230,161,https://p9-pc-sign.douyinpic.com/tos-cn-p-0015/b2596513978641dfbdc67f720c52b3be_1584434804~tplv-dy-360p.jpeg?lk3s=138a59ce&x-expires=1755957600&x-signature=RtBNJL6Z0B1z3tjUiZPw5X7UCCw%3D&from=327834062&s=PackSourceEnum_AWEME_DETAIL&se=false&sc=origin_cover&biz_tag=pcweb_cover&l=20250809224605C613FA791CD02B11D071,,https://sf5-hl-cdn-tos.douyinstatic.com/obj/ies-music/1655336388348935.mp3,,
0a506e04,抖音,https://www.douyin.com/video/6804243285197016320,想当年也是实战型选手啊..（视频高糊大家靠脑补吧哈哈）#穿汉服前的你,2020/03/15,0,2656,138,129,113,https://p9-pc-sign.douyinpic.com/tos-cn-p-0015/ec01849329074cb3a7e9f4cf0140408e_1584236347~tplv-dy-360p.jpeg?lk3s=138a59ce&x-expires=1755957600&x-signature=r9CUK7i6LdbsM6zM%2Bko%2F6LRVQOk%3D&from=327834062&s=PackSourceEnum_AWEME_DETAIL&se=false&sc=origin_cover&biz_tag=pcweb_cover&l=20250809224605661A435C6E4E75F2DA57,#穿汉服前的你,https://sf5-hl-cdn-tos.douyinstatic.com/obj/ies-music/1661191517081607.mp3,,
32062340,抖音,https://www.douyin.com/video/6799622619340606735,你是画中悲欢离合，一眼万年的初见。,2020/03/02,0,15093,648,425,505,https://p3-pc-sign.douyinpic.com/tos-cn-p-0015/986a5cbab9894907a04844db9c125ba3_1583160517~tplv-dy-360p.jpeg?lk3s=138a59ce&x-expires=1755957600&x-signature=tLImsB7IDomqGW1ejwOSCZ4rloo%3D&from=327834062&s=PackSourceEnum_AWEME_DETAIL&se=false&sc=origin_cover&biz_tag=pcweb_cover&l=202508092246062F0D45A34E25A9FFC21C,,https://sf5-hl-cdn-tos.douyinstatic.com/obj/ies-music/1659390012166183.mp3,,
ff85c56d,抖音,https://www.douyin.com/video/7520107010840268092,谁能不爱小狗！？。#盛世天下首曝 #互动影视作品,2025/06/26,0,2143,53,30,68,https://p9-pc-sign.douyinpic.com/tos-cn-p-0015c000-ce/oEu5KoGEgQLeeVfJZkQB5MvCugx58gL8gASXK7~tplv-dy-360p.jpeg?lk3s=138a59ce&x-expires=1755957600&x-signature=72GzSkorxsxXqDUnb%2BV3LkWZN8M%3D&from=327834062&s=PackSourceEnum_AWEME_DETAIL&se=false&sc=origin_cover&biz_tag=pcweb_cover&l=202508092246076665541D2A6CA34DFACD,#互动影视作品#影视资讯#影视#盛世天下首曝,https://lf3-music-east.douyinstatic.com/obj/ies-music-hj/7520107012349365052.mp3,,
9ca86805,抖音,https://www.douyin.com/video/7507987949305269563,没错，这次在@《出马》剧组 我叫…翠花～#出马剧组,2025/05/24,0,598,66,22,26,https://p9-pc-sign.douyinpic.com/tos-cn-p-0015c000-ce/oEwIeIuFwAo3E6fi9FfrboDCZ4MNaEAg0gHDAx~tplv-dy-360p.jpeg?lk3s=138a59ce&x-expires=1755957600&x-signature=i%2FmyXBvFR9%2FoTGfeu85%2BsYs6xow%3D&from=327834062&s=PackSourceEnum_AWEME_DETAIL&se=false&sc=origin_cover&biz_tag=pcweb_cover&l=20250809224608A065B2E243F3658AC572,#明星随拍资讯#出马剧组#明星八卦,https://lf9-music-east.douyinstatic.com/obj/ies-music-hj/7507987971107195708.mp3,,
b9f35409,抖音,https://www.douyin.com/video/7489441428012125474,可惜面具戴太久了，我已无法摘下。,2025/04/04,0,1772,61,44,52,https://p9-pc-sign.douyinpic.com/tos-cn-p-0015/o0fyRBeB7gTAsGFequgDO1GPvg8LIBV6CAM6r3~tplv-dy-360p.jpeg?lk3s=138a59ce&x-expires=1755957600&x-signature=Tf51J911d8iHP9lcGtzEz%2BYxHkA%3D&from=327834062&s=PackSourceEnum_AWEME_DETAIL&se=false&sc=origin_cover&biz_tag=pcweb_cover&l=2025080922460858842675CB2A9E2AB475,#人物图片轮播#随拍#人物随拍,https://sf5-hl-cdn-tos.douyinstatic.com/obj/ies-music/7489441463051324198.mp3,,
dd6eea3c,抖音,https://www.douyin.com/video/7483788926285565218,堕神｜我所做这一切，皆为苍生！,2025/03/20,0,3727,97,212,260,https://p9-pc-sign.douyinpic.com/tos-cn-p-0015/oUxrAgfDDQg59UnAQwl6f2h8bBnAuEJ2FB2bQg~tplv-dy-360p.jpeg?lk3s=138a59ce&x-expires=1755957600&x-signature=u9MxAmjaUvZw%2BlfW7vbvdI61ft4%3D&from=327834062&s=PackSourceEnum_AWEME_DETAIL&se=false&sc=origin_cover&biz_tag=pcweb_cover&l=202508092246095B17AC3757B2C994A54F,#二次元衍生#cosplay#二次元,https://sf5-hl-cdn-tos.douyinstatic.com/obj/ies-music/7483789039032601380.mp3,,
49c82069,抖音,https://www.douyin.com/video/7454460103828311330,迎接2025咯！#圻夏夏,2024/12/31,0,1149,55,10,41,https://p9-pc-sign.douyinpic.com/tos-cn-p-0015/oMIafy2DICAeCI9zAd3A6VMsMELfekzGjVULbm~tplv-dy-360p.jpeg?lk3s=138a59ce&x-expires=1755957600&x-signature=ZE%2FLP1X0TtTJgn%2FAQAC9tkgeXr8%3D&from=327834062&s=PackSourceEnum_AWEME_DETAIL&se=false&sc=origin_cover&biz_tag=pcweb_cover&l=20250809224609CD275BCCFB79F8881D48,#舞蹈#圻夏夏#专业舞蹈#街舞,https://sf5-hl-cdn-tos.douyinstatic.com/obj/ies-music/7454460294073453375.mp3,,
fdaa00d1,抖音,https://www.douyin.com/video/7432227693116017920,nice to meet ya！#圻夏夏 #哈莉奎茵,2024/11/01,0,1875,59,72,59,https://p9-pc-sign.douyinpic.com/tos-cn-p-0015/oIEBpSH4IIP1OvDBRIZiAkBQ81iNwcy5jCkAT~tplv-dy-360p.jpeg?lk3s=138a59ce&x-expires=1755957600&x-signature=3UXJ%2Br10jEFeEnfPSSEqEo1OCiY%3D&from=327834062&s=PackSourceEnum_AWEME_DETAIL&se=false&sc=origin_cover&biz_tag=pcweb_cover&l=20250809224610DEAA2E2EBBDA020481CD,#哈莉奎茵#二次元#二次元衍生#cosplay#圻夏夏,https://sf5-hl-cdn-tos.douyinstatic.com/obj/ies-music/7432227775325096731.mp3,,
56bff6b3,抖音,https://www.douyin.com/video/7430076193061227810,你看我手无缚鸡之力的，怎么会杀人呢…#圻夏夏,2024/10/26,0,2249,65,122,73,https://p9-pc-sign.douyinpic.com/tos-cn-p-0015/oEDIzIIAvm7w6BxlAZkq3PGQiAcuiixwIpBvz~tplv-dy-360p.jpeg?lk3s=138a59ce&x-expires=1755957600&x-signature=RIGCZLKHED3hjRsDdV%2BRo%2Fb0AUw%3D&from=327834062&s=PackSourceEnum_AWEME_DETAIL&se=false&sc=origin_cover&biz_tag=pcweb_cover&l=2025080922461001418CF41A66E180198D,#明星随拍资讯#圻夏夏#明星八卦,https://sf5-hl-cdn-tos.douyinstatic.com/obj/ies-music/7430076233424833292.mp3,,
3cfbe8f3,抖音,https://www.douyin.com/video/7427092802191838498,小丑女下乡记！#圻夏夏,2024/10/18,0,1753,62,104,84,https://p9-pc-sign.douyinpic.com/tos-cn-p-0015/oAeTkDfACCEI4KABngGxMcQzSQ1R1q2eVLyD4f~tplv-dy-360p.jpeg?lk3s=138a59ce&x-expires=1755957600&x-signature=FmPDHCam0GANdszm8dspmJ8%2Bi6I%3D&from=327834062&s=PackSourceEnum_AWEME_DETAIL&se=false&sc=origin_cover&biz_tag=pcweb_cover&l=20250809224610E492CCE0B5F6E1FAFB81,#二次元衍生#cosplay#圻夏夏#二次元,,,
83f157bb,抖音,https://www.douyin.com/video/7425963268922969396,我只等你一年，如今年复一年。#圻夏夏,2024/10/15,0,2275,59,47,94,https://p9-pc-sign.douyinpic.com/tos-cn-p-0015/o0yXDiBieAA8RIgLzOiIPkBAUAjgkxqphzfQBs~tplv-dy-360p.jpeg?lk3s=138a59ce&x-expires=1755957600&x-signature=%2FdSaOm8yFWMc1yuxC0oIQ1zSZd0%3D&from=327834062&s=PackSourceEnum_AWEME_DETAIL&se=false&sc=origin_cover&biz_tag=pcweb_cover&l=202508092246111C5314110F9A45F8CAB3,#人物图片轮播#圻夏夏#随拍#人物随拍,https://sf5-hl-cdn-tos.douyinstatic.com/obj/ies-music/7372932304412461862.mp3,,
523903b4,抖音,https://www.douyin.com/video/7425275329708707087,你是哪里来的客人呀？#圻夏夏,2024/10/13,0,11660,193,439,245,https://p9-pc-sign.douyinpic.com/tos-cn-p-0015/os9fBf7QDBIOF58BCXEweCQTFCGQU2SAov7SCA~tplv-dy-360p.jpeg?lk3s=138a59ce&x-expires=1755957600&x-signature=DsHfDYbBzZtKoF4mrcLKDYIN83Q%3D&from=327834062&s=PackSourceEnum_AWEME_DETAIL&se=false&sc=origin_cover&biz_tag=pcweb_cover&l=20250809224611EAB8398890B99B28040A,#人物图片轮播#圻夏夏#随拍#人物随拍,https://sf5-hl-cdn-tos.douyinstatic.com/obj/ies-music/7425275361784056627.mp3,,
13c53e3e,抖音,https://www.douyin.com/video/7408879182765215010,一个打戏小训练#短剧浮华梦 #幕后花絮,2024/08/30,0,4506,140,300,175,https://p9-pc-sign.douyinpic.com/tos-cn-p-0015/oYBcIFlGw4ROJ5AGWAVo3vAQi5ZPbMI6gitIP~tplv-dy-360p.jpeg?lk3s=138a59ce&x-expires=1755957600&x-signature=GIK%2FX0xY5fgUC0FlAuRSR3Q3KsU%3D&from=327834062&s=PackSourceEnum_AWEME_DETAIL&se=false&sc=origin_cover&biz_tag=pcweb_cover&l=20250809224612302B7C13BE2B41864DA9,#幕后花絮#随拍#生活记录#日常vlog#短剧浮华梦,https://sf5-hl-cdn-tos.douyinstatic.com/obj/ies-music/7408879237869996809.mp3,,
ebe31544,抖音,https://www.douyin.com/video/7406287090062724363,#短剧浮华梦 区区游戏！,2024/08/23,0,29823,465,2019,1179,https://p9-pc-sign.douyinpic.com/tos-cn-p-0015/oIaxBiKAiI3Ig4ZMDIfVChHAe2MkzBDgAASuBX~tplv-dy-360p.jpeg?lk3s=138a59ce&x-expires=1755957600&x-signature=t0DXy%2FQq2t2tKXOcouRjJTaB9Ac%3D&from=327834062&s=PackSourceEnum_AWEME_DETAIL&se=false&sc=origin_cover&biz_tag=pcweb_cover&l=2025080922461274CD987C7C956AEA456E,#短剧浮华梦#其他剧情#剧情#剧情演绎,https://sf5-hl-cdn-tos.douyinstatic.com/obj/ies-music/7406287123826969354.mp3,,
7c30573c,抖音,https://www.douyin.com/video/7406286586545065255,#短剧浮华梦 就算是一场梦，就算未来不再相见，这一世，我只想守护好你,2024/08/23,0,1040,36,79,44,https://p9-pc-sign.douyinpic.com/tos-cn-p-0015/oM5EIHQiZPSPZBHDFJqnQAIbI9sBIwhLAaiz4~tplv-dy-360p.jpeg?lk3s=138a59ce&x-expires=1755957600&x-signature=Leu4DTVsOGa8SedRol3xhbmRK%2Bs%3D&from=327834062&s=PackSourceEnum_AWEME_DETAIL&se=false&sc=origin_cover&biz_tag=pcweb_cover&l=20250809224612DB1B0239BCF57C9D1DD7,#短剧浮华梦#其他剧情#剧情#剧情演绎,https://sf5-hl-cdn-tos.douyinstatic.com/obj/ies-music/7406286624067357450.mp3,,
c0cef8bf,抖音,https://www.douyin.com/video/7365320304287075625,今日没有一个活人可以踏过山门。#芜湖方特华裳盛典  #画江湖之不良人,2024/05/05,0,3366,95,95,70,https://p9-pc-sign.douyinpic.com/tos-cn-p-0015/oUf5g1IxEAfgfZswzcd6YEoAtr3ftzezvYavZH~tplv-dy-360p.jpeg?lk3s=138a59ce&x-expires=1755957600&x-signature=vdBobIh5EUJcWINCUxGYxpYym2Y%3D&from=327834062&s=PackSourceEnum_AWEME_DETAIL&se=false&sc=origin_cover&biz_tag=pcweb_cover&l=2025080922461319ED5B247288B3990D71,#芜湖方特华裳盛典#二次元#汉服#二次元衍生#画江湖之不良人,https://sf5-hl-cdn-tos.douyinstatic.com/obj/ies-music/7365320346783812406.mp3,,
47058a86,抖音,https://www.douyin.com/video/7358378909328624935,"人行于世，莫不披血如簪花，一步留香百世骂名。
杀心既起，则落刀无悔。
（#芜湖方特华裳盛典#国风才是顶级浪漫  #所有不良人芜湖集合  5月3日不见不散！）",2024/04/16,0,2851,68,103,75,https://p9-pc-sign.douyinpic.com/tos-cn-p-0015/okbxA202PB4M4QeBaeHNG6QqPCGQeyqA0x7M0A~tplv-dy-360p.jpeg?lk3s=138a59ce&x-expires=1755957600&x-signature=BP1Jeg43z%2Be0ZhT0U3LaZGyginM%3D&from=327834062&s=PackSourceEnum_AWEME_DETAIL&se=false&sc=origin_cover&biz_tag=pcweb_cover&l=202508092246131D883B27DA3B4283B839,#芜湖方特华裳盛典#所有不良人芜湖集合#电视剧剪辑#影视#影视剪辑#国风才是顶级浪漫,,,
257f0747,抖音,https://www.douyin.com/video/7346620990463511849,穿越任务：活到大结局。#圻夏夏,2024/03/16,0,4769,81,162,142,https://p9-pc-sign.douyinpic.com/tos-cn-p-0015/oYI0IBA29cX9Aznlf8HUbtylVDfAoDJgDUHPBa~tplv-dy-360p.jpeg?lk3s=138a59ce&x-expires=1755957600&x-signature=UXDGrKZX2Z1nOQLOw78ohfnYcWE%3D&from=327834062&s=PackSourceEnum_AWEME_DETAIL&se=false&sc=origin_cover&biz_tag=pcweb_cover&l=20250809224614BD73C393E767EC1A31AF,#二次元衍生#圻夏夏#二次元#汉服,https://sf5-hl-cdn-tos.douyinstatic.com/obj/ies-music/7346621090191461170.mp3,"小莎莎莎同学,知竹工作室",
8ce01439,抖音,https://www.douyin.com/video/7345642466697071935,皇上可曾听过，这温柔刀，刀刀割人心。,2024/03/13,0,6906,127,221,153,https://p9-pc-sign.douyinpic.com/tos-cn-p-0015/oQXtIDhzaaNAIKvC9lHwAjBIvEfSJ9AeBkB5Ug~tplv-dy-360p.jpeg?lk3s=138a59ce&x-expires=1755957600&x-signature=Z6I0bpguu51CxgKW91TALFk1ONs%3D&from=327834062&s=PackSourceEnum_AWEME_DETAIL&se=false&sc=origin_cover&biz_tag=pcweb_cover&l=20250809224614B931E3307A5F30FBC414,#二次元衍生#二次元#汉服,https://sf5-hl-cdn-tos.douyinstatic.com/obj/ies-music/7345642527661312778.mp3,,
87c676b9,抖音,https://www.douyin.com/video/7309285523749752127,和杨可爱刘超越的女团舞✌️,2023/12/06,0,1295,48,15,27,https://p3-pc-sign.douyinpic.com/tos-cn-p-0015/96178d15592f4a3c886ef49e379ed236_1701825671~tplv-dy-360p.jpeg?lk3s=138a59ce&x-expires=1755957600&x-signature=%2FjSQMpTj1XV%2FubN8XknS1W88pY4%3D&from=327834062&s=PackSourceEnum_AWEME_DETAIL&se=false&sc=origin_cover&biz_tag=pcweb_cover&l=20250809224615FCBF2311112824F1ED3A,#舞蹈#专业舞蹈#街舞,https://sf5-hl-ali-cdn-tos.douyinstatic.com/obj/ies-music/7309285578078571291.mp3,,
273defa9,抖音,https://www.douyin.com/video/7274202439492914468,一个大头。#敦煌百人国风大秀太震撼了#敦煌国风秀的正确打开方式#全网都在挑战飞天神乐,2023/09/02,0,3584,101,124,149,https://p9-pc-sign.douyinpic.com/tos-cn-p-0015/4d8ef3a9ff284ea7b16f43b3899dc7c0_1693657245~tplv-dy-360p.jpeg?lk3s=138a59ce&x-expires=1755957600&x-signature=q2G%2FtUQKs013n%2BCovfs6Nj%2F7blE%3D&from=327834062&s=PackSourceEnum_AWEME_DETAIL&se=false&sc=origin_cover&biz_tag=pcweb_cover&l=202508092246161ADF304E99303B09CBB4,#二次元#汉服#全网都在挑战飞天神乐#二次元衍生#敦煌国风秀的正确打开方式#敦煌百人国风大秀太震撼了,,"云裳华胄,司昂",
e3b701db,抖音,https://www.douyin.com/video/7272374468784262463,"蝉。
#敦煌百人国风大秀太震撼了#敦煌国风秀的正确打开方式#全网都在挑战飞天神乐",2023/08/28,0,5383,123,176,171,https://p9-pc-sign.douyinpic.com/tos-cn-p-0015/9f846957538d416b952822e0976409e7_1693231639~tplv-dy-360p.jpeg?lk3s=138a59ce&x-expires=1755957600&x-signature=CE%2F5MGMEwdWN30CnUS2rlCOrG5k%3D&from=327834062&s=PackSourceEnum_AWEME_DETAIL&se=false&sc=origin_cover&biz_tag=pcweb_cover&l=20250809224616900EB80BA7E029974DC3,#二次元#汉服#全网都在挑战飞天神乐#二次元衍生#敦煌国风秀的正确打开方式#敦煌百人国风大秀太震撼了,https://sf5-hl-cdn-tos.douyinstatic.com/obj/ies-music/7195537777071754042.mp3,云裳华胄,
b7e6425a,抖音,https://www.douyin.com/video/7270131855460928787,自你之后，我再没相信过她人。#圻夏夏,2023/08/22,0,5024,133,158,184,https://p9-pc-sign.douyinpic.com/tos-cn-p-0015/804605dc73c5468ba48c4565a562ca01_1692709489~tplv-dy-360p.jpeg?lk3s=138a59ce&x-expires=1755957600&x-signature=77ohYg%2FYdgn%2FyzkW0iP7QenKfig%3D&from=327834062&s=PackSourceEnum_AWEME_DETAIL&se=false&sc=origin_cover&biz_tag=pcweb_cover&l=202508092246178F1FB786361F8500201C,#二次元衍生#圻夏夏#二次元#汉服,https://sf5-hl-cdn-tos.douyinstatic.com/obj/ies-music/7242631646233643833.mp3,,
aa72834e,抖音,https://www.douyin.com/video/7268467325936864548,打滚。,2023/08/18,0,1587,79,27,49,https://p9-pc-sign.douyinpic.com/tos-cn-p-0015/09a233cd3eb743ed8c958c257e67abe9_1692321940~tplv-dy-360p.jpeg?lk3s=138a59ce&x-expires=1755957600&x-signature=B0YJisxxak1CSMUAN0ldXKZHOSA%3D&from=327834062&s=PackSourceEnum_AWEME_DETAIL&se=false&sc=origin_cover&biz_tag=pcweb_cover&l=202508092246170054DFB5B573F5F9DE75,#舞蹈#专业舞蹈#街舞,https://sf3-cdn-tos.douyinstatic.com/obj/ies-music/7268467367871613755.mp3,,
4e64c580,抖音,https://www.douyin.com/video/7267177881371938059,"两支舞凑不到30s我都感觉要跳撅过去了…就算看了热烈也没办法补偿因为间断跳舞而失去的体能和柔韧…
感觉染了以后的头发更难甩了",2023/08/14,0,2126,60,39,65,https://p3-pc-sign.douyinpic.com/tos-cn-p-0015/df35b77264b9436fa5097cea740c2d5e_1692021712~tplv-dy-360p.jpeg?lk3s=138a59ce&x-expires=1755957600&x-signature=unrw3Zgi0PHVm05Z%2FWt81sMbtEE%3D&from=327834062&s=PackSourceEnum_AWEME_DETAIL&se=false&sc=origin_cover&biz_tag=pcweb_cover&l=20250809224617E45C8E7C21F8C8F4DD30,#舞蹈#专业舞蹈#街舞,https://sf5-hl-cdn-tos.douyinstatic.com/obj/ies-music/7267177904776186679.mp3,,
64a11cfd,抖音,https://www.douyin.com/video/7264216003943484683,当两个疯子开始搞纯爱。#圻夏夏,2023/08/06,0,3875,143,124,128,https://p9-pc-sign.douyinpic.com/tos-cn-p-0015/27fbdc3ec72d4717874eb9ce402b34e3_1691332100~tplv-dy-360p.jpeg?lk3s=138a59ce&x-expires=1755957600&x-signature=EXrODaZcuYTp0EvNLsAFhirj97k%3D&from=327834062&s=PackSourceEnum_AWEME_DETAIL&se=false&sc=origin_cover&biz_tag=pcweb_cover&l=20250809224618F27E11EE6B3DDAF88D78,#圻夏夏#电视剧剪辑#影视#影视剪辑,https://sf3-cdn-tos.douyinstatic.com/obj/ies-music/7264216040593230650.mp3,,
ce9b7d83,抖音,https://www.douyin.com/video/7254842460780760352,可惜故事已经发生，可惜我无法改写。,2023/07/12,0,6084,122,183,175,https://p9-pc-sign.douyinpic.com/tos-cn-p-0015/999e484e6dcc452b9b2c480ef1eb5c2a_1689149653~tplv-dy-360p.jpeg?lk3s=138a59ce&x-expires=1755957600&x-signature=SqaBSEpDrkkz%2F8oFkwtF6pqLGY4%3D&from=327834062&s=PackSourceEnum_AWEME_DETAIL&se=false&sc=origin_cover&biz_tag=pcweb_cover&l=202508092246185221432395DED57E2CF6,#多人随拍#随拍#人物随拍,https://sf5-hl-ali-cdn-tos.douyinstatic.com/obj/ies-music/7254842495534795576.mp3,,
0efc3322,抖音,https://www.douyin.com/video/7254746508673699110,有缘之人能穿越时空回到过去…那回到过去就能再遇见你吗,2023/07/12,0,1417,56,85,69,,#摄影#随拍#摄影写真,https://sf5-hl-cdn-tos.douyinstatic.com/obj/ies-music/7086827972216245028.mp3,,
f3535fb5,抖音,https://www.douyin.com/video/7250480373090635020,我的手背怎么黑的跟带了手套一样哈哈哈哈哈,2023/06/30,0,4082,89,54,113,https://p9-pc-sign.douyinpic.com/tos-cn-p-0015/8bf114aab66c402ab55b3aad0d492347_1688134026~tplv-dy-360p.jpeg?lk3s=138a59ce&x-expires=1755957600&x-signature=xmrjQKd2X3Y3S0a5WDSDIPhOu%2BE%3D&from=327834062&s=PackSourceEnum_AWEME_DETAIL&se=false&sc=origin_cover&biz_tag=pcweb_cover&l=202508092246190F9BBFC9AA682E02153F,#舞蹈#专业舞蹈#街舞,https://sf5-hl-cdn-tos.douyinstatic.com/obj/ies-music/7250480408750476091.mp3,,
85a31e41,抖音,https://www.douyin.com/video/7242295369659419937,这世界本就不完美，做自己就好。#圻夏夏,2023/06/08,0,4194,178,84,110,https://p9-pc-sign.douyinpic.com/tos-cn-p-0015/cd9673efe18b467abd80f8b827a5a960_1686228302~tplv-dy-360p.jpeg?lk3s=138a59ce&x-expires=1755957600&x-signature=EI%2FUccpaNKYgUE0f0fr%2FjZhe3ZE%3D&from=327834062&s=PackSourceEnum_AWEME_DETAIL&se=false&sc=origin_cover&biz_tag=pcweb_cover&l=202508092246202A3AC6673E39A6D8FA7B,#单人随拍#圻夏夏#随拍#人物随拍,https://sf6-cdn-tos.douyinstatic.com/obj/ies-music/7089045614595476238.mp3,,
2d5068e5,抖音,https://www.douyin.com/video/7235216398924975398,"带着疑惑跳完了女娃的新歌…
又到了kpop新歌疑惑期，解决方法就是多听几天洗脑了就听顺了
明明不难，啊…却没有一遍跳对",2023/05/20,0,4196,141,89,157,https://p9-pc-sign.douyinpic.com/tos-cn-p-0015/25286599b0274dfb9ff451d86311fb06_1684580102~tplv-dy-360p.jpeg?lk3s=138a59ce&x-expires=1755957600&x-signature=j5Zc28ckKwggzLFvAGHaM%2BL8IxI%3D&from=327834062&s=PackSourceEnum_AWEME_DETAIL&se=false&sc=origin_cover&biz_tag=pcweb_cover&l=20250809224620B4234EF8137086980B82,#舞蹈#专业舞蹈#街舞,https://sf5-hl-cdn-tos.douyinstatic.com/obj/ies-music/7235216418382351162.mp3,,
b7478b0d,抖音,https://www.douyin.com/video/7233409284636167427,卡快过期的我be like,2023/05/15,0,2311,89,36,57,https://p9-pc-sign.douyinpic.com/tos-cn-p-0015/9599192f49604a508188f9e3a563ee9a_1684159351~tplv-dy-360p.jpeg?lk3s=138a59ce&x-expires=1755957600&x-signature=gTjR5M4AsVCJh25qFnvCE9MCyqE%3D&from=327834062&s=PackSourceEnum_AWEME_DETAIL&se=false&sc=origin_cover&biz_tag=pcweb_cover&l=202508092246212D2D49A918C71681F787,#舞蹈#专业舞蹈#街舞,https://sf5-hl-ali-cdn-tos.douyinstatic.com/obj/ies-music/7233409315074280247.mp3,,
d5882f79,抖音,https://www.douyin.com/video/7232589922446724356,又是一首喜欢的歌！,2023/05/13,0,4520,141,110,145,https://p9-pc-sign.douyinpic.com/tos-cn-p-0015/d5dea7c90a044d09a3e8ca51695e31c9_1683968582~tplv-dy-360p.jpeg?lk3s=138a59ce&x-expires=1755957600&x-signature=sCyvwiirVZZRorHMQJBbQUfpdP0%3D&from=327834062&s=PackSourceEnum_AWEME_DETAIL&se=false&sc=origin_cover&biz_tag=pcweb_cover&l=202508092246211B9EF063A7E1AF31B03E,#舞蹈#专业舞蹈#街舞,https://sf5-hl-cdn-tos.douyinstatic.com/obj/ies-music/7232589964867881783.mp3,,
49ea1bcb,抖音,https://www.douyin.com/video/7231928154934299908,"今日浅跳。
这个裤子是一点儿马步都蹲不下去….",2023/05/11,0,7174,180,120,244,https://p9-pc-sign.douyinpic.com/tos-cn-p-0015/8e0377fc675d4d4bad49132d75b4df1d_1683814500~tplv-dy-360p.jpeg?lk3s=138a59ce&x-expires=1755957600&x-signature=HewHjVITMzZYn8W2XcDl4RW2UYA%3D&from=327834062&s=PackSourceEnum_AWEME_DETAIL&se=false&sc=origin_cover&biz_tag=pcweb_cover&l=2025080922462241944A95AAF932876B2D,#舞蹈#专业舞蹈#街舞,https://sf5-hl-cdn-tos.douyinstatic.com/obj/ies-music/7231928183398517563.mp3,,
40b511fa,抖音,https://www.douyin.com/video/7231161058545732903,重启锻炼模式。,2023/05/09,0,4141,136,84,89,https://p9-pc-sign.douyinpic.com/tos-cn-p-0015/fd27ced7e1bc4e79b806c760ff0fec96_1683635892~tplv-dy-360p.jpeg?lk3s=138a59ce&x-expires=1755957600&x-signature=SYyK3KlNVMKT0ZlYX8%2FZzrYIx5s%3D&from=327834062&s=PackSourceEnum_AWEME_DETAIL&se=false&sc=origin_cover&biz_tag=pcweb_cover&l=202508092246225F2A36F8611D90FC9CBE,#舞蹈#专业舞蹈#街舞,https://sf6-cdn-tos.douyinstatic.com/obj/ies-music/7231161080687659813.mp3,,
bb3f2349,抖音,https://www.douyin.com/video/7226937568388975884,内心深处的两个灵魂：优雅的公主、暗黑的女巫。一个是信仰，一个是守卫。#圻夏夏,2023/04/28,0,9325,210,164,210,https://p9-pc-sign.douyinpic.com/tos-cn-p-0015/3886caebe8a148f882e714f2e5a4c4f6_1682652538~tplv-dy-360p.jpeg?lk3s=138a59ce&x-expires=1755957600&x-signature=wSitUy9t55H3pDS6wuyk5GZ%2BZ4Y%3D&from=327834062&s=PackSourceEnum_AWEME_DETAIL&se=false&sc=origin_cover&biz_tag=pcweb_cover&l=202508092246228A211EE578D064F6886A,#人物图片轮播#圻夏夏#随拍#人物随拍,,,
b776e9d7,抖音,https://www.douyin.com/video/7223271136107236646,查收4亿福利～,2023/04/18,0,139748,7184,9482,4045,https://p9-pc-sign.douyinpic.com/tos-cn-p-0015/99212c81d5814a30844b65812693c0da_1681798884~tplv-dy-360p.jpeg?lk3s=138a59ce&x-expires=1755957600&x-signature=vT3AI0EgOJSL4KQbNjgIN08LLA4%3D&from=327834062&s=PackSourceEnum_AWEME_DETAIL&se=false&sc=origin_cover&biz_tag=pcweb_cover&l=20250809224623513DF52B80E2A09EC977,#多人随拍#随拍#人物随拍,https://sf5-hl-cdn-tos.douyinstatic.com/obj/ies-music/7223271189966326585.mp3,,
f4227740,抖音,https://www.douyin.com/video/7221470729689238787,你听到了吗，我震耳欲聋的思念。,2023/04/13,0,60855,568,1330,1590,https://p9-pc-sign.douyinpic.com/tos-cn-p-0015/24d8e35bb78f442abb107524f2f8640c_1681379689~tplv-dy-360p.jpeg?lk3s=138a59ce&x-expires=1755957600&x-signature=2lNYsNJDesNE2w7NSSmIGM3EDjU%3D&from=327834062&s=PackSourceEnum_AWEME_DETAIL&se=false&sc=origin_cover&biz_tag=pcweb_cover&l=2025080922462392080B7E6718A68B3225,#二次元衍生#二次元#汉服,https://sf5-hl-cdn-tos.douyinstatic.com/obj/tos-cn-ve-2774/oU2bd2MXrMPfQf5H235f4COfEhjvgAIj7HeYMV,,
4e4398bd,抖音,https://www.douyin.com/video/7220608250163645708,#长月烬明 十二真神今日诛魔，风神入阵。众神归墟，庇护天地！#长月烬明十二神真神仙,2023/04/11,0,147708,2142,5532,3866,https://p9-pc-sign.douyinpic.com/tos-cn-p-0015/ee3df233b5e84d00b46271505a132d74_1681178883~tplv-dy-360p.jpeg?lk3s=138a59ce&x-expires=1755957600&x-signature=AFbiXCEKDPTDEXOZn1pCS8WiTAo%3D&from=327834062&s=PackSourceEnum_AWEME_DETAIL&se=false&sc=origin_cover&biz_tag=pcweb_cover&l=2025080922462545A31C7E9CF3BEF8B5C5,#二次元#汉服#二次元衍生#长月烬明十二神真神仙#长月烬明,https://sf5-hl-cdn-tos.douyinstatic.com/obj/ies-music/7220608648253295417.mp3,,
df336400,抖音,https://www.douyin.com/video/7218548192059641121,今天只忘了一点点动作也！！,2023/04/05,0,3437,130,70,73,https://p3-pc-sign.douyinpic.com/tos-cn-p-0015/cfd8f8b19b4449ed908c6ff921d9b21a_1680699232~tplv-dy-360p.jpeg?lk3s=138a59ce&x-expires=1755957600&x-signature=CdicMnkm49V%2FfXlQ1RWo6wBfyQ4%3D&from=327834062&s=PackSourceEnum_AWEME_DETAIL&se=false&sc=origin_cover&biz_tag=pcweb_cover&l=202508092246251CB0D32C4657F29EF559,#舞蹈#专业舞蹈#街舞,https://sf5-hl-cdn-tos.douyinstatic.com/obj/ies-music/7218548213110934330.mp3,,
c564fc63,抖音,https://www.douyin.com/video/7218193181198847271,骑着小电瓶去兜风哈哈哈,2023/04/04,0,2722,83,57,79,https://p9-pc-sign.douyinpic.com/tos-cn-p-0015/fad2ffede1364a7fb63b922f60e0107a_1680616575~tplv-dy-360p.jpeg?lk3s=138a59ce&x-expires=1755957600&x-signature=Lh4BJgAvyOQl%2BIwZLx4Yt9fIUJY%3D&from=327834062&s=PackSourceEnum_AWEME_DETAIL&se=false&sc=origin_cover&biz_tag=pcweb_cover&l=2025080922462573ECC2731DEDC6F64F7B,#舞蹈#专业舞蹈#街舞,https://sf5-hl-cdn-tos.douyinstatic.com/obj/ies-music/7218193209271634744.mp3,,
434b1ac6,抖音,https://www.douyin.com/video/7217825143085649191,感觉头发又长了也！,2023/04/03,0,7178,148,122,122,https://p9-pc-sign.douyinpic.com/tos-cn-p-0015/c2a4c1dcd357407190bd6a0c4c65dad2_1680530884~tplv-dy-360p.jpeg?lk3s=138a59ce&x-expires=1755957600&x-signature=f0ahNUZ3fInz04i5TaGzNbOtUy8%3D&from=327834062&s=PackSourceEnum_AWEME_DETAIL&se=false&sc=origin_cover&biz_tag=pcweb_cover&l=20250809224626462412999F9362F02877,#舞蹈#专业舞蹈#街舞,https://sf5-hl-cdn-tos.douyinstatic.com/obj/ies-music/7217825156993944380.mp3,,
380a1362,抖音,https://www.douyin.com/video/7215956609841892619,越惨越好看？那今天真的很好看了…#圻夏夏 #短剧东栏雪,2023/03/29,0,4961,107,191,199,,#电视剧剪辑#影视#影视剪辑#圻夏夏#短剧东栏雪,,,
1c7b7791,抖音,https://www.douyin.com/video/7214125375482383620,"一般来说这种放炮程度的视频我都会当作没跳过，但是突然想借这个视频聊几句～
其实我在跳舞方面不属于有天赋的类型，记动作不快（现在依旧慢的很），肢体只是相对协调（现在好很多了），刚开始那会真跳的巨搞笑但可自信了（翻看曾经的视频有感）。
因为喜欢，所以愿意为它受苦受累花时间，虽然成不了专业的舞者，但起码我在这件事情上获得了快乐～
如果你也有喜欢的事情，就不要因为担心自己做不好而不去做，做自己喜欢的事就是去体验它带来的快乐呀，做不做得好又有什么关系呢？",2023/03/24,0,3706,107,73,110,https://p9-pc-sign.douyinpic.com/tos-cn-p-0015/fef280eefc2640fbafc6c9c3a175893b_1679669470~tplv-dy-360p.jpeg?lk3s=138a59ce&x-expires=1755957600&x-signature=oI15gY1aoDGu2aAatucMn1Z3AZQ%3D&from=327834062&s=PackSourceEnum_AWEME_DETAIL&se=false&sc=origin_cover&biz_tag=pcweb_cover&l=20250809224627195A181D01F502F1AAC7,#舞蹈#专业舞蹈#街舞,https://sf5-hl-ali-cdn-tos.douyinstatic.com/obj/ies-music/7214125408671845177.mp3,,
33013a30,抖音,https://www.douyin.com/video/7212600903440862467,今天真是好大的雨（真是好久好久没跳舞了，每次间隔这么长时间就像刚学时候那样感觉控制不了自己的身体，跳舞果然还是要定期练习才行）,2023/03/20,0,7524,197,226,250,https://p9-pc-sign.douyinpic.com/tos-cn-p-0015/00143c79c20e42a0911bc124ca680083_1679314521~tplv-dy-360p.jpeg?lk3s=138a59ce&x-expires=1755957600&x-signature=xjirSaFbfYopGaVHRp5kIGPY85Y%3D&from=327834062&s=PackSourceEnum_AWEME_DETAIL&se=false&sc=origin_cover&biz_tag=pcweb_cover&l=20250809224627619CF2EE2A5860975F00,#舞蹈#专业舞蹈#街舞,https://sf5-hl-cdn-tos.douyinstatic.com/obj/ies-music/7212600928717458232.mp3,,
66f4c587,抖音,https://www.douyin.com/video/7207436596637977917,等的人总会回来的，在梦里或者在心里。,2023/03/06,0,2169,71,94,86,https://p9-pc-sign.douyinpic.com/tos-cn-p-0015/428c0e6b11aa4995a497bc28b9989c3e_1678112135~tplv-dy-360p.jpeg?lk3s=138a59ce&x-expires=1755957600&x-signature=%2BndcoVISoF3h0KEkjfBesMIuwkE%3D&from=327834062&s=PackSourceEnum_AWEME_DETAIL&se=false&sc=origin_cover&biz_tag=pcweb_cover&l=202508092246276FBFE7A2578148FFDD38,#二次元衍生#二次元#汉服,,,
7966d815,抖音,https://www.douyin.com/video/7204670616803364099,记录。#圻夏夏,2023/02/27,0,2874,129,126,105,,#人物图片轮播#圻夏夏#随拍#人物随拍,https://sf6-cdn-tos.douyinstatic.com/obj/tos-cn-ve-2774/ogIJJx1WzAOOJwsCJqUBifhAPxzulxLmvNGT6o,,
fd36a947,抖音,https://www.douyin.com/video/7200680601836457227,"我好像在等见你的这一刻，等了很久。
#圻夏夏",2023/02/16,0,2658,91,118,116,https://p9-pc-sign.douyinpic.com/tos-cn-p-0015/163bbec37651494db58d39a4eac2db9c_1676539116~tplv-dy-360p.jpeg?lk3s=138a59ce&x-expires=1755957600&x-signature=sMLc5Wu4F%2FZDLLw9Xr1OxfJ843E%3D&from=327834062&s=PackSourceEnum_AWEME_DETAIL&se=false&sc=origin_cover&biz_tag=pcweb_cover&l=202508092246280D945CABE3616995D36E,#人物图片轮播#圻夏夏#随拍#人物随拍,,,
6ab5372d,抖音,https://www.douyin.com/video/7195148901454843169,像极了在新婚之夜没有等到新郎的倒霉蛋。,2023/02/01,0,3539,160,142,164,,#人物图片轮播#随拍#人物随拍,,,
85d099d5,抖音,https://www.douyin.com/video/7183933170503453985,好可惜啊，还以为我们同路呢。,2023/01/02,0,3166,111,145,145,https://p9-pc-sign.douyinpic.com/tos-cn-p-0015/768b560cd83b44268167f0de7134aafd_1672639800~tplv-dy-360p.jpeg?lk3s=138a59ce&x-expires=1755957600&x-signature=Gb%2FTV%2FS2rP%2FmAYDDx2wggxcdJlg%3D&from=327834062&s=PackSourceEnum_AWEME_DETAIL&se=false&sc=origin_cover&biz_tag=pcweb_cover&l=20250809224629A53B8BA604B649EF83FA,#人物图片轮播#随拍#人物随拍,https://sf5-hl-cdn-tos.douyinstatic.com/obj/ies-music/7183933189050665731.mp3,,
d19914d5,抖音,https://www.douyin.com/video/7174023612490435873,"切了三段终于勉强避开了镜子的缝隙
今天的裤子虽然好看但是岔不开腿蹲不下去….",2022/12/06,0,1817,83,60,78,https://p9-pc-sign.douyinpic.com/tos-cn-p-0015/901cddd12519438eb380a16b49ae02e1_1670332547~tplv-dy-360p.jpeg?lk3s=138a59ce&x-expires=1755957600&x-signature=bSEfVQhr2vYj4BMtYyc%2FaTzlbBw%3D&from=327834062&s=PackSourceEnum_AWEME_DETAIL&se=false&sc=origin_cover&biz_tag=pcweb_cover&l=202508092246298645E99003A67FEC5DDB,#舞蹈#专业舞蹈#街舞,https://sf3-cdn-tos.douyinstatic.com/obj/ies-music/7174023648506858276.mp3,,
6e556f9c,抖音,https://www.douyin.com/video/7172838779240074534,是谁的apinkDNA动了！,2022/12/03,0,4824,168,189,210,https://p9-pc-sign.douyinpic.com/tos-cn-p-0015/c890efee4d564ad5903893711ea8f58b_1670056681~tplv-dy-360p.jpeg?lk3s=138a59ce&x-expires=1755957600&x-signature=bNnC8N5yXfdk4aZT%2B04djifXx4U%3D&from=327834062&s=PackSourceEnum_AWEME_DETAIL&se=false&sc=origin_cover&biz_tag=pcweb_cover&l=20250809224630C5E986429B35D41DF4AC,#舞蹈#专业舞蹈#街舞,,,
f402c453,抖音,https://www.douyin.com/video/7172532964914466060,寒冷的一天适合划水。,2022/12/02,0,1344,55,42,56,https://p3-pc-sign.douyinpic.com/tos-cn-p-0015/80e56cd6d0a74e5aa4fb46a5b43e451c_1669985475~tplv-dy-360p.jpeg?lk3s=138a59ce&x-expires=1755957600&x-signature=0WVrxrJP5OAqBI6mJwu%2BUosEtQI%3D&from=327834062&s=PackSourceEnum_AWEME_DETAIL&se=false&sc=origin_cover&biz_tag=pcweb_cover&l=202508092246306C5CDA1EE2C5B59925D4,#舞蹈#专业舞蹈#街舞,https://sf5-hl-cdn-tos.douyinstatic.com/obj/ies-music/7172532985407785765.mp3,,
a62f6eeb,抖音,https://www.douyin.com/video/7172105962663316748,"去年拍的网大要上线啦。
12月4号在爱🥝艺独播，大家记得去看呀～",2022/12/01,0,1401,111,87,89,https://p9-pc-sign.douyinpic.com/tos-cn-p-0015/1c6838030b904b1daceed0c321b7fec6_1669886062~tplv-dy-360p.jpeg?lk3s=138a59ce&x-expires=1755957600&x-signature=3yKHKpoB4opAK7A88tzouvju1NY%3D&from=327834062&s=PackSourceEnum_AWEME_DETAIL&se=false&sc=origin_cover&biz_tag=pcweb_cover&l=20250809224631B22B823ED8D738855109,#电视剧剪辑#影视#影视剪辑,https://sf5-hl-ali-cdn-tos.douyinstatic.com/obj/ies-music/7172106025946876686.mp3,,
7311edcf,抖音,https://www.douyin.com/video/7171745577238154528,今天杭州的雪真好看,2022/11/30,0,2083,111,105,95,https://p9-pc-sign.douyinpic.com/tos-cn-p-0015/55e8268130b849ec9e43cd82f0ffe2aa_1669802149~tplv-dy-360p.jpeg?lk3s=138a59ce&x-expires=1755957600&x-signature=6UwEzca1EwwkmyEd1y%2FsGcSI794%3D&from=327834062&s=PackSourceEnum_AWEME_DETAIL&se=false&sc=origin_cover&biz_tag=pcweb_cover&l=202508092246312A4D804AF82B2C1D2B1F,#人物图片轮播#随拍#人物随拍,https://sf5-hl-cdn-tos.douyinstatic.com/obj/ies-music/7171745603213626149.mp3,,
2924c48a,抖音,https://www.douyin.com/video/7168058017118833951,你知道兰因絮果这句话吗,2022/11/20,0,2072,94,100,96,https://p3-pc-sign.douyinpic.com/tos-cn-p-0015/fe7f71ef3161433a98623eefc2070b2f_1668943571~tplv-dy-360p.jpeg?lk3s=138a59ce&x-expires=1755957600&x-signature=5hsCW0HzKgwpZI7mP4E%2FCn60bVk%3D&from=327834062&s=PackSourceEnum_AWEME_DETAIL&se=false&sc=origin_cover&biz_tag=pcweb_cover&l=2025080922463142EF9CE2EBDECBFCA88F,#明星随拍资讯#明星八卦,https://sf5-hl-ali-cdn-tos.douyinstatic.com/obj/ies-music/7168058040057482021.mp3,,
498ca036,抖音,https://www.douyin.com/video/7164739932538293535,可恶，被自己装到了！,2022/11/11,0,3365,160,158,195,https://p3-pc-sign.douyinpic.com/tos-cn-p-0015/470ff97356ec42a5b2157fe8474db336_1668171018~tplv-dy-360p.jpeg?lk3s=138a59ce&x-expires=1755957600&x-signature=taHlbzAxN5jVNdydMf6enK1Tp8U%3D&from=327834062&s=PackSourceEnum_AWEME_DETAIL&se=false&sc=origin_cover&biz_tag=pcweb_cover&l=202508092246331F1469B2FE79E688A4C1,#单人随拍#随拍#人物随拍,,,
178532d0,抖音,https://www.douyin.com/video/7161012568469851423,pink day！好长的舞哈哈哈哈,2022/11/01,0,2021,126,113,155,https://p9-pc-sign.douyinpic.com/tos-cn-p-0015/5c4821b1a2d44425824547a90c63743b_1667303186~tplv-dy-360p.jpeg?lk3s=138a59ce&x-expires=1755957600&x-signature=kuYgn6706WJp%2Bxlfdxcc%2BmIwtE8%3D&from=327834062&s=PackSourceEnum_AWEME_DETAIL&se=false&sc=origin_cover&biz_tag=pcweb_cover&l=2025080922463383F2F1E450182DF80FD7,#舞蹈#专业舞蹈#街舞,https://sf5-hl-cdn-tos.douyinstatic.com/obj/ies-music/7161012639605295903.mp3,,
4b38a4e2,抖音,https://www.douyin.com/video/7158027129936956685,愉快的会师！,2022/10/24,0,923,61,29,51,https://p9-pc-sign.douyinpic.com/tos-cn-p-0015/ff8d565f12cc498091470e1975af256a_1666608075~tplv-dy-360p.jpeg?lk3s=138a59ce&x-expires=1755957600&x-signature=necfV380s9E9iho7%2FUdQomKFETs%3D&from=327834062&s=PackSourceEnum_AWEME_DETAIL&se=false&sc=origin_cover&biz_tag=pcweb_cover&l=202508092246338CFB832FB897FF24ECF0,#舞蹈#专业舞蹈#街舞,https://sf5-hl-cdn-tos.douyinstatic.com/obj/ies-music/7158027156885474055.mp3,,
61d4df00,抖音,https://www.douyin.com/video/7157681883177078023,"第一段耍酷失败，脚：我记住了；手：我还没记住；脑子：现在跳到哪了？
第二段自己挡的严严实实，srds差一点点就学完了",2022/10/23,0,586,38,23,33,https://p9-pc-sign.douyinpic.com/tos-cn-p-0015/132b9b88dce845bab3686b16eaf4edaa_1666527691~tplv-dy-360p.jpeg?lk3s=138a59ce&x-expires=1755957600&x-signature=dBd2HHHZOmmr1UjHtVhr3MyHiaU%3D&from=327834062&s=PackSourceEnum_AWEME_DETAIL&se=false&sc=origin_cover&biz_tag=pcweb_cover&l=20250809224634F875E4CA90FBF49667E0,#舞蹈#专业舞蹈#街舞,https://sf5-hl-cdn-tos.douyinstatic.com/obj/ies-music/7157681908326599432.mp3,,
f8703221,抖音,https://www.douyin.com/video/7156200860756888840,今天终于跳到了小甜舞,2022/10/19,0,1267,68,92,91,https://p9-pc-sign.douyinpic.com/tos-cn-p-0015/d95a19c0790e4967a9370cb0783efbd4_1666182863~tplv-dy-360p.jpeg?lk3s=138a59ce&x-expires=1755957600&x-signature=w%2FoZER4kDtFjeJ1YLm5Mta0McKE%3D&from=327834062&s=PackSourceEnum_AWEME_DETAIL&se=false&sc=origin_cover&biz_tag=pcweb_cover&l=2025080922463499BB36078A9565910E39,#舞蹈#专业舞蹈#街舞,https://sf5-hl-cdn-tos.douyinstatic.com/obj/ies-music/7156200899455453965.mp3,,
5ed923cd,抖音,https://www.douyin.com/video/7154726347632397581,"时隔一年半回去训练了，结果上来就半实战哈哈哈
我：？？就当我没练过跆拳道吧！",2022/10/15,0,772,60,41,39,https://p9-pc-sign.douyinpic.com/tos-cn-p-0015/88f6fbed0a6542d7b7ca19610e1d5d84_1665839551~tplv-dy-360p.jpeg?lk3s=138a59ce&x-expires=1755957600&x-signature=rFKJqvxGbQRPxXOhNOefbplGUto%3D&from=327834062&s=PackSourceEnum_AWEME_DETAIL&se=false&sc=origin_cover&biz_tag=pcweb_cover&l=20250809224635471E7858C237DE8E56B5,#竞技体育#体育#拳击/格斗,https://sf5-hl-ali-cdn-tos.douyinstatic.com/obj/ies-music/7121693903949957925.mp3,,
60b09097,抖音,https://www.douyin.com/video/7154654150360386829,仿佛一只铃铛歪掉的叮当猫,2022/10/15,0,628,41,19,31,https://p9-pc-sign.douyinpic.com/tos-cn-p-0015/975a89ead6504d408b65231c9ee9348c_1665822742~tplv-dy-360p.jpeg?lk3s=138a59ce&x-expires=1755957600&x-signature=o4gdRYrE4ALNWTVonL%2FRJPAT%2FKs%3D&from=327834062&s=PackSourceEnum_AWEME_DETAIL&se=false&sc=origin_cover&biz_tag=pcweb_cover&l=20250809224635EE562A97B81A6FFDB253,#舞蹈#专业舞蹈#街舞,https://sf5-hl-cdn-tos.douyinstatic.com/obj/ies-music/7154654175438129956.mp3,,
925d4c3d,抖音,https://www.douyin.com/video/7154387243036101902,梦游的一天。,2022/10/14,0,511,47,13,19,https://p3-pc-sign.douyinpic.com/tos-cn-p-0015/21c891e956e24ae1ab672def33184064_1665760599~tplv-dy-360p.jpeg?lk3s=138a59ce&x-expires=1755957600&x-signature=bSD2pDdBXuqb5XXjwoV6tS0j8z0%3D&from=327834062&s=PackSourceEnum_AWEME_DETAIL&se=false&sc=origin_cover&biz_tag=pcweb_cover&l=20250809224635C8F7137D0FAC1BF15187,#舞蹈#专业舞蹈#街舞,https://sf6-cdn-tos.douyinstatic.com/obj/ies-music/7154387275441359647.mp3,,
b8f1edc7,抖音,https://www.douyin.com/video/7151009887021993223,虽然这段放炮了，但是和老师仿佛跳了双人舞哈哈哈我喜欢,2022/10/05,0,590,43,19,32,https://p9-pc-sign.douyinpic.com/tos-cn-p-0015/b9744064eaff40f9a224328d3932a28e_1664974244~tplv-dy-360p.jpeg?lk3s=138a59ce&x-expires=1755957600&x-signature=oljgVNbaXImtKB4dVjCozbIkleQ%3D&from=327834062&s=PackSourceEnum_AWEME_DETAIL&se=false&sc=origin_cover&biz_tag=pcweb_cover&l=202508092246367A03F8633A242420CC21,#舞蹈#专业舞蹈#街舞,https://sf5-hl-cdn-tos.douyinstatic.com/obj/ies-music/7151009912636672782.mp3,,
05283d6e,抖音,https://www.douyin.com/video/7149151818268888357,我是帅哥！,2022/09/30,0,743,65,28,32,https://p9-pc-sign.douyinpic.com/tos-cn-p-0015/3a1c7475103847b8beac7517711d068f_1664541627~tplv-dy-360p.jpeg?lk3s=138a59ce&x-expires=1755957600&x-signature=lKE3udVW5yScXV4ATQXktFUTOak%3D&from=327834062&s=PackSourceEnum_AWEME_DETAIL&se=false&sc=origin_cover&biz_tag=pcweb_cover&l=2025080922463605244A05EC640379D5AD,#舞蹈#专业舞蹈#街舞,https://sf5-hl-cdn-tos.douyinstatic.com/obj/ies-music/7149151839877991205.mp3,,
65a7e70a,抖音,https://www.douyin.com/video/7146593553626483975,康复训练第四天。差点把自己跳没了,2022/09/23,0,679,57,19,29,https://p9-pc-sign.douyinpic.com/tos-cn-p-0015/4bfe5099931b4dba9d5ceb4b56b39a6d_1663945990~tplv-dy-360p.jpeg?lk3s=138a59ce&x-expires=1755957600&x-signature=bYFNXBjqHk2cXyfJwoLTMGqpAX0%3D&from=327834062&s=PackSourceEnum_AWEME_DETAIL&se=false&sc=origin_cover&biz_tag=pcweb_cover&l=202508092246371934C7C84BAAD8D3A3AE,#舞蹈#专业舞蹈#街舞,https://sf5-hl-ali-cdn-tos.douyinstatic.com/obj/ies-music/7146593588829358856.mp3,,
3dac31b7,抖音,https://www.douyin.com/video/7144999575697345805,开心开心，今天终于跳了双人舞！,2022/09/19,0,5183,231,227,286,https://p9-pc-sign.douyinpic.com/tos-cn-p-0015/2920a8262400409c8349a863711fac05_1663574863~tplv-dy-360p.jpeg?lk3s=138a59ce&x-expires=1755957600&x-signature=MiP4KlXJEaONvp9zLmnB9pXoxUM%3D&from=327834062&s=PackSourceEnum_AWEME_DETAIL&se=false&sc=origin_cover&biz_tag=pcweb_cover&l=2025080922463738A2905CD5EDB8FAC0AB,#舞蹈#专业舞蹈#街舞,https://sf5-hl-ali-cdn-tos.douyinstatic.com/obj/ies-music/7144999611323747085.mp3,,
a954c5e2,抖音,https://www.douyin.com/video/7143239069730950413,今天的舞足以让我这个老年人脑震荡…脑子说你跟得上，肌肉说不你跟不上,2022/09/14,0,629,45,33,32,https://p9-pc-sign.douyinpic.com/tos-cn-p-0015/80615f6ba8b34043a65e2dea894725f4_1663164959~tplv-dy-360p.jpeg?lk3s=138a59ce&x-expires=1755957600&x-signature=bDloHoO0ukd4A4YaumMLc%2FXeBzc%3D&from=327834062&s=PackSourceEnum_AWEME_DETAIL&se=false&sc=origin_cover&biz_tag=pcweb_cover&l=2025080922463825072E4D458558FDC502,#舞蹈#专业舞蹈#街舞,https://sf5-hl-cdn-tos.douyinstatic.com/obj/ies-music/7143239087342897928.mp3,,
c0f52927,抖音,https://www.douyin.com/video/7142853936964308235,"好的我又开始跳舞了。
这熟悉的肌无力感啊😭",2022/09/13,0,1601,93,57,79,https://p9-pc-sign.douyinpic.com/tos-cn-p-0015/ca3c07399cd74b5ab48bc705f73eac6d_1663075290~tplv-dy-360p.jpeg?lk3s=138a59ce&x-expires=1755957600&x-signature=xVo%2BtvzAMdTuh7xWCHwHDARUhNY%3D&from=327834062&s=PackSourceEnum_AWEME_DETAIL&se=false&sc=origin_cover&biz_tag=pcweb_cover&l=20250809224638750B8FBD55AC53F2F407,#舞蹈#专业舞蹈#街舞,https://sf5-hl-cdn-tos.douyinstatic.com/obj/ies-music/7142853974465481502.mp3,,
5d3cbe3a,抖音,https://www.douyin.com/video/7113926957993053447,今晚的舞一定是为了惩罚我中午吃太多了,2022/06/27,0,1306,78,42,49,https://p9-pc-sign.douyinpic.com/tos-cn-p-0015/2b82fbf6dabd4fe5944a8cc39705c01e_1656340199~tplv-dy-360p.jpeg?lk3s=138a59ce&x-expires=1755957600&x-signature=pM1fN0EexrGdXVuVsqPAEQWtBXU%3D&from=327834062&s=PackSourceEnum_AWEME_DETAIL&se=false&sc=origin_cover&biz_tag=pcweb_cover&l=2025080922463899CEEC03C59B38843570,#舞蹈#专业舞蹈#街舞,https://sf5-hl-cdn-tos.douyinstatic.com/obj/ies-music/7113927008069520142.mp3,,
7a095a3f,抖音,https://www.douyin.com/video/7113115682031652135,"工作推迟，又能去舞几天哈哈哈
我要战胜这僵硬的身体！",2022/06/25,0,4610,122,139,251,https://p9-pc-sign.douyinpic.com/tos-cn-p-0015/69f1752dd7c94f49bc5226fba459ad17_1656151310~tplv-dy-360p.jpeg?lk3s=138a59ce&x-expires=1755957600&x-signature=e1JLFE8mguuXwasfNK0OhUqFhM0%3D&from=327834062&s=PackSourceEnum_AWEME_DETAIL&se=false&sc=origin_cover&biz_tag=pcweb_cover&l=20250809224639DF41A68D85231C03E65C,#舞蹈#专业舞蹈#街舞,https://sf5-hl-ali-cdn-tos.douyinstatic.com/obj/ies-music/7113115730455218974.mp3,,
cf167902,抖音,https://www.douyin.com/video/7112415766040857892,要开始准备开始工作了，可能有段时间不能跳舞了…😮‍💨,2022/06/23,0,1127,75,29,41,https://p9-pc-sign.douyinpic.com/tos-cn-p-0015/7b49fe5bc55e41738b156ce732413e89_1655988347~tplv-dy-360p.jpeg?lk3s=138a59ce&x-expires=1755957600&x-signature=vZ3BS2dTJxecayqyjUERmSRQ4sg%3D&from=327834062&s=PackSourceEnum_AWEME_DETAIL&se=false&sc=origin_cover&biz_tag=pcweb_cover&l=2025080922463958788C4ADD1BC4EBDCE2,#舞蹈#专业舞蹈#街舞,https://sf5-hl-ali-cdn-tos.douyinstatic.com/obj/ies-music/7112415814061394719.mp3,,
e4c210be,抖音,https://www.douyin.com/video/7112059547451264264,今日份运动完成✅,2022/06/22,0,1276,79,35,62,https://p9-pc-sign.douyinpic.com/tos-cn-p-0015/0b01a3e1efca452bb04ce5b3ef6e3baf_1655905413~tplv-dy-360p.jpeg?lk3s=138a59ce&x-expires=1755957600&x-signature=61wnEE4T0y6PFh54HxmsFyUL3Ms%3D&from=327834062&s=PackSourceEnum_AWEME_DETAIL&se=false&sc=origin_cover&biz_tag=pcweb_cover&l=202508092246403B91AA827FACBCFCC6E0,#舞蹈#专业舞蹈#街舞,https://sf5-hl-ali-cdn-tos.douyinstatic.com/obj/ies-music/7112059601125772062.mp3,,
33e8334a,抖音,https://www.douyin.com/video/7108008589322652958,一般这种分两节的视频就是动作一个忘了前面一个忘了后面哈哈哈,2022/06/11,0,1707,80,60,78,https://p9-pc-sign.douyinpic.com/tos-cn-p-0015/1200afa171d1408a8aa593e78da8e813_1654962222~tplv-dy-360p.jpeg?lk3s=138a59ce&x-expires=1755957600&x-signature=hlE0HFi8ts4marec1uo6AM6MX7M%3D&from=327834062&s=PackSourceEnum_AWEME_DETAIL&se=false&sc=origin_cover&biz_tag=pcweb_cover&l=20250809224641F318AC84ECA9941569D9,#舞蹈#专业舞蹈#街舞,https://sf5-hl-cdn-tos.douyinstatic.com/obj/ies-music/7108008633065114381.mp3,,
76add705,抖音,https://www.douyin.com/video/7106883420713716996,今天我的马甲线已经回来了哈哈哈哈哈！,2022/06/08,0,1090,74,34,48,https://p9-pc-sign.douyinpic.com/tos-cn-p-0015/dc3ef57577ae4b0b940f5c3f477a373d_1654700248~tplv-dy-360p.jpeg?lk3s=138a59ce&x-expires=1755957600&x-signature=%2BVkSW%2BI9n9cU%2BM7suXZnrnjzaiY%3D&from=327834062&s=PackSourceEnum_AWEME_DETAIL&se=false&sc=origin_cover&biz_tag=pcweb_cover&l=2025080922464188CEA8394BB3E589EE40,#舞蹈#专业舞蹈#街舞,https://sf5-hl-cdn-tos.douyinstatic.com/obj/ies-music/7106883471804795684.mp3,,
0690b3e4,抖音,https://www.douyin.com/video/7106478836430212364,夏天来啦！,2022/06/07,0,1617,92,55,74,https://p9-pc-sign.douyinpic.com/tos-cn-p-0015/af07aebabc1144fc9d9a406eaa8a4b25_1654606047~tplv-dy-360p.jpeg?lk3s=138a59ce&x-expires=1755957600&x-signature=kaJQhHZl4pGYfX1CTI4B5n0vYeg%3D&from=327834062&s=PackSourceEnum_AWEME_DETAIL&se=false&sc=origin_cover&biz_tag=pcweb_cover&l=202508092246425022D7D98B9917908765,#舞蹈#专业舞蹈#街舞,https://sf5-hl-cdn-tos.douyinstatic.com/obj/ies-music/7106478868340476686.mp3,,
f1575f7d,抖音,https://www.douyin.com/video/7105738435847114022,今天是甜酷风？,2022/06/05,0,1549,92,53,64,https://p9-pc-sign.douyinpic.com/tos-cn-p-0015/166d410a448e416c8e3c89634f015891_1654433659~tplv-dy-360p.jpeg?lk3s=138a59ce&x-expires=1755957600&x-signature=p%2B8jr5TAX2shESCcrhQgk15bO5o%3D&from=327834062&s=PackSourceEnum_AWEME_DETAIL&se=false&sc=origin_cover&biz_tag=pcweb_cover&l=20250809224642C62C54731F12A085BF91,#舞蹈#专业舞蹈#街舞,https://sf5-hl-cdn-tos.douyinstatic.com/obj/ies-music/7105738471855835917.mp3,,
68896d36,抖音,https://www.douyin.com/video/7105367080861502723,趁着周末要好好补课！！,2022/06/04,0,1576,84,62,62,https://p9-pc-sign.douyinpic.com/tos-cn-p-0015/59116307b0bf4aba87c9fc96f3b2c145_1654347200~tplv-dy-360p.jpeg?lk3s=138a59ce&x-expires=1755957600&x-signature=HaAvSgj3spbHW6uY%2B8tUQEWieBA%3D&from=327834062&s=PackSourceEnum_AWEME_DETAIL&se=false&sc=origin_cover&biz_tag=pcweb_cover&l=202508092246428BECADB0133DA9879995,#舞蹈#专业舞蹈#街舞,https://sf6-cdn-tos.douyinstatic.com/obj/ies-music/7105367118686063391.mp3,,
90abee85,抖音,https://www.douyin.com/video/7104281444322790695,"我好像在跳广场舞哦hhh
（三个月不跳舞我已经是废人了哈哈哈）",2022/06/01,0,1662,86,30,52,https://p9-pc-sign.douyinpic.com/tos-cn-p-0015/b29fac95d7c94259afd360dc68604ac2_1654094429~tplv-dy-360p.jpeg?lk3s=138a59ce&x-expires=1755957600&x-signature=FGvPN%2BDIUXe%2BSRfcuWy%2F%2B6MOOXM%3D&from=327834062&s=PackSourceEnum_AWEME_DETAIL&se=false&sc=origin_cover&biz_tag=pcweb_cover&l=2025080922464334530D2DEFC14B9B754D,#舞蹈#专业舞蹈#街舞,https://sf5-hl-cdn-tos.douyinstatic.com/obj/ies-music/7104281494698396453.mp3,,
3a824ed1,抖音,https://www.douyin.com/video/7073471325876129055,《霸总和她的小娇妻》如题,2022/03/10,0,980,93,128,57,,#人物图片轮播#随拍#人物随拍,https://sf5-hl-ali-cdn-tos.douyinstatic.com/obj/ies-music/6924269315127347981.mp3,,
a674e952,抖音,https://www.douyin.com/video/7073115399398624515,"大家都跳这么卖力我却在划水（bushi
其实我是真的动作一大就会忘动作😵‍💫
#圻夏夏",2022/03/09,0,1810,87,38,41,https://p9-pc-sign.douyinpic.com/tos-cn-p-0015/77532f11903c450f996ac5b5d184acff_1646838016~tplv-dy-360p.jpeg?lk3s=138a59ce&x-expires=1755957600&x-signature=6rzbX72UxEVAEqwHpdm2NCmtpOQ%3D&from=327834062&s=PackSourceEnum_AWEME_DETAIL&se=false&sc=origin_cover&biz_tag=pcweb_cover&l=20250809224643F9A4858B3AE2B648C749,#舞蹈#圻夏夏#专业舞蹈#街舞,https://sf6-cdn-tos.douyinstatic.com/obj/ies-music/7073115408072510215.mp3,,
2031c1f4,抖音,https://www.douyin.com/video/7072657175910354187,水一段花絮～ #长公主在上,2022/03/08,0,39274,1087,1205,1029,https://p9-pc-sign.douyinpic.com/tos-cn-p-0015/eef0721c38a44a04ae0fa571a7ea3fe5_1646731328~tplv-dy-360p.jpeg?lk3s=138a59ce&x-expires=1755957600&x-signature=tPBQSO%2BSSIfo0%2FqS7xPC%2Fwu5o%2Fs%3D&from=327834062&s=PackSourceEnum_AWEME_DETAIL&se=false&sc=origin_cover&biz_tag=pcweb_cover&l=20250809224644C074087B633A0488F21A,#长公主在上#片场演绎#明星八卦,https://sf5-hl-cdn-tos.douyinstatic.com/obj/ies-music/7072657213021489951.mp3,,
4e0baa1e,抖音,https://www.douyin.com/video/7071231293618507012,春天来啦！该减肥啦！#圻夏夏,2022/03/04,0,44607,1010,702,679,https://p9-pc-sign.douyinpic.com/tos-cn-p-0015/b96cdce1ef00412f8453f3bddf91d8f1_1646399342~tplv-dy-360p.jpeg?lk3s=138a59ce&x-expires=1755957600&x-signature=Y1RuhuzxJYREhDwHMCfiCr7vGzo%3D&from=327834062&s=PackSourceEnum_AWEME_DETAIL&se=false&sc=origin_cover&biz_tag=pcweb_cover&l=20250809224644D166EE1FA7F0528AC3E9,#舞蹈#鬼步舞#圻夏夏#专业舞蹈,https://sf5-hl-cdn-tos.douyinstatic.com/obj/ies-music/7071231321837751048.mp3,,
835f22db,抖音,https://www.douyin.com/video/7044748948862422310,一眼万年。,2021/12/23,0,1910,66,69,67,https://p9-pc-sign.douyinpic.com/tos-cn-p-0015/0e1f0ad5350646949c6594c1ab47ed2a_1640233436~tplv-dy-360p.jpeg?lk3s=138a59ce&x-expires=1755957600&x-signature=MoWKPVLgifGy5eQnMUY%2FCJGWoss%3D&from=327834062&s=PackSourceEnum_AWEME_DETAIL&se=false&sc=origin_cover&biz_tag=pcweb_cover&l=20250809224645AE883710CD94BFF7F710,#人物图片轮播#随拍#人物随拍,,,
2cb8efa8,抖音,https://www.douyin.com/video/7038807624615234855,距离这次练习室居然过去快一年了我的妈呀我都没有好好去练舞也没有好好练跆拳道，哭了,2021/12/07,0,866,37,21,28,https://p9-pc-sign.douyinpic.com/tos-cn-p-0015/a2f74a8a542d41a48a58182c91176e4c_1638850113~tplv-dy-360p.jpeg?lk3s=138a59ce&x-expires=1755957600&x-signature=4GBayH6%2BRri9vMKHVItJKhQuOPw%3D&from=327834062&s=PackSourceEnum_AWEME_DETAIL&se=false&sc=origin_cover&biz_tag=pcweb_cover&l=202508092246454F0B90F208FB21131457,#舞蹈#专业舞蹈#街舞,https://sf5-hl-cdn-tos.douyinstatic.com/obj/ies-music/7038807637865024288.mp3,,
83d8a7b7,抖音,https://www.douyin.com/video/7037287458555350311,最近真是广告高产了…还有电竞桌搭配剪辑台就是很香啊！！想要再拥有一个明基32寸的显示器哈哈哈哈！#圻夏夏,2021/12/03,0,9257,545,1688,577,https://p9-pc-sign.douyinpic.com/tos-cn-p-0015/997ebc0834824ffc848363e25c776f48_1638496173~tplv-dy-360p.jpeg?lk3s=138a59ce&x-expires=1755957600&x-signature=iulQNAH%2B1b7grqQPPfx5aUnV3Ck%3D&from=327834062&s=PackSourceEnum_AWEME_DETAIL&se=false&sc=origin_cover&biz_tag=pcweb_cover&l=2025080922464696F85B64932364033B4F,#科技周边#圻夏夏#科技#影音设备,https://sf5-hl-ali-cdn-tos.douyinstatic.com/obj/ies-music/7037287451890551559.mp3,,
a178e14f,抖音,https://www.douyin.com/video/7017416613104307488,"今日份划水哈哈哈
每次urban都要划水我是真的记不住动作…",2021/10/10,0,1058,33,33,46,https://p9-pc-sign.douyinpic.com/tos-cn-p-0015/f2bdda1818214a94b3621b89b04f76b9_1633869633~tplv-dy-360p.jpeg?lk3s=138a59ce&x-expires=1755957600&x-signature=45D9LdTma1x1fnYywcbsPh1779Q%3D&from=327834062&s=PackSourceEnum_AWEME_DETAIL&se=false&sc=origin_cover&biz_tag=pcweb_cover&l=202508092246468763ECD73CCBCF096789,#舞蹈#专业舞蹈#街舞,https://sf5-hl-cdn-tos.douyinstatic.com/obj/ies-music/7017416633434409742.mp3,,
22c29de8,抖音,https://www.douyin.com/video/7016689968840051979,耶耶耶今日完成跳舞打卡,2021/10/08,0,913,36,33,27,https://p9-pc-sign.douyinpic.com/tos-cn-p-0015/5298a4db4ed444048817b8f0a13dc388_1633700445~tplv-dy-360p.jpeg?lk3s=138a59ce&x-expires=1755957600&x-signature=FdiTCQ9lnMLiP%2BbeSq8lWjZEcPk%3D&from=327834062&s=PackSourceEnum_AWEME_DETAIL&se=false&sc=origin_cover&biz_tag=pcweb_cover&l=202508092246464CF7980236994BF5DAA3,#舞蹈#专业舞蹈#街舞,,,
d2f2e69d,抖音,https://www.douyin.com/video/7011837252036775207,今天是个帅哥。#圻夏夏,2021/09/25,0,2202,139,100,84,https://p9-pc-sign.douyinpic.com/tos-cn-p-0015/d1cd0fa0cf234e1191533ac1ecf57af4_1632570583~tplv-dy-360p.jpeg?lk3s=138a59ce&x-expires=1755957600&x-signature=MaxSGZWo3o%2BLFS9KbfWjCE4cYf8%3D&from=327834062&s=PackSourceEnum_AWEME_DETAIL&se=false&sc=origin_cover&biz_tag=pcweb_cover&l=2025080922464777AD85C2674F96F77BF0,#二次元衍生#圻夏夏#二次元#汉服,https://sf5-hl-cdn-tos.douyinstatic.com/obj/ies-music/6946383483866811150.mp3,,
464da9de,抖音,https://www.douyin.com/video/6989113215456218368,害，当帅哥也不容易..#圻夏夏,2021/07/26,0,2641,118,129,77,https://p3-pc-sign.douyinpic.com/tos-cn-p-0015/bda8fffff6bc4f42a32e16a599f35f62_1627279733~tplv-dy-360p.jpeg?lk3s=138a59ce&x-expires=1755957600&x-signature=EcQpq9Y6GIPBYQd8C6q7winFX4c%3D&from=327834062&s=PackSourceEnum_AWEME_DETAIL&se=false&sc=origin_cover&biz_tag=pcweb_cover&l=2025080922464793D3F69DADEF158C3E2C,#二次元衍生#圻夏夏#二次元#汉服,https://sf5-hl-cdn-tos.douyinstatic.com/obj/ies-music/6989113232191425287.mp3,,
ddbb4e4c,抖音,https://www.douyin.com/video/6980977683257642274,小狗狗！小狗狗！,2021/07/04,0,24381,1058,1343,410,https://p9-pc-sign.douyinpic.com/tos-cn-p-0015/d37f298a81164a9fb466949f51ff98a7_1625385531~tplv-dy-360p.jpeg?lk3s=138a59ce&x-expires=1755957600&x-signature=wtMm6muAAg8iD%2F92OpJbtD4xbaU%3D&from=327834062&s=PackSourceEnum_AWEME_DETAIL&se=false&sc=origin_cover&biz_tag=pcweb_cover&l=202508092246486EC413CCB3649F8FD9F4,#动漫IP#二次元内容#二次元,,,
